fips,2022,2023,2024
01,265.334,124.75,99.75
01001,265.334,124.75,99.75
01003,265.334,124.75,99.75
01005,265.334,124.75,99.75
01007,265.334,124.75,99.75
01009,265.334,124.75,99.75
01011,265.334,124.75,99.75
01013,265.334,124.75,99.75
01015,265.334,124.75,99.75
01017,265.334,124.75,99.75
01019,265.334,124.75,99.75
01021,265.334,124.75,99.75
01023,265.334,124.75,99.75
01025,265.334,124.75,99.75
01027,265.334,124.75,99.75
01029,265.334,124.75,99.75
01031,265.334,124.75,99.75
01033,265.334,124.75,99.75
01035,265.334,124.75,99.75
01037,265.334,124.75,99.75
01039,265.334,124.75,99.75
01041,265.334,124.75,99.75
01043,265.334,124.75,99.75
01045,265.334,124.75,99.75
01047,265.334,124.75,99.75
01049,265.334,124.75,99.75
01051,265.334,124.75,99.75
01053,265.334,124.75,99.75
01055,265.334,124.75,99.75
01057,265.334,124.75,99.75
01059,265.334,124.75,99.75
01061,265.334,124.75,99.75
01063,265.334,124.75,99.75
01065,265.334,124.75,99.75
01067,265.334,124.75,99.75
01069,265.334,124.75,99.75
01071,265.334,124.75,99.75
01073,265.334,124.75,99.75
01075,265.334,124.75,99.75
01077,265.334,124.75,99.75
01079,265.334,124.75,99.75
01081,265.334,124.75,99.75
01083,265.334,124.75,99.75
01085,265.334,124.75,99.75
01087,265.334,124.75,99.75
01089,265.334,124.75,99.75
01091,265.334,124.75,99.75
01093,265.334,124.75,99.75
01095,265.334,124.75,99.75
01097,265.334,124.75,99.75
01099,265.334,124.75,99.75
01101,265.334,124.75,99.75
01103,265.334,124.75,99.75
01105,265.334,124.75,99.75
01107,265.334,124.75,99.75
01109,265.334,124.75,99.75
01111,265.334,124.75,99.75
01113,265.334,124.75,99.75
01115,265.334,124.75,99.75
01117,265.334,124.75,99.75
01119,265.334,124.75,99.75
01121,265.334,124.75,99.75
01123,265.334,124.75,99.75
01125,265.334,124.75,99.75
01127,265.334,124.75,99.75
01129,265.334,124.75,99.75
01131,265.334,124.75,99.75
01133,265.334,124.75,99.75
04001,265.334,124.75,99.75
04003,265.334,124.75,99.75
04005,265.334,124.75,99.75
04007,265.334,124.75,99.75
04009,265.334,124.75,99.75
04011,265.334,124.75,99.75
04012,265.334,124.75,99.75
04013,265.334,124.75,99.75
04015,265.334,124.75,99.75
04017,265.334,124.75,99.75
04019,265.334,124.75,99.75
04021,265.334,124.75,99.75
04023,265.334,124.75,99.75
04025,265.334,124.75,99.75
04027,265.334,124.75,99.75
05001,265.334,124.75,99.75
05003,265.334,124.75,99.75
05005,265.334,124.75,99.75
05007,265.334,124.75,99.75
05009,265.334,124.75,99.75
05011,265.334,124.75,99.75
05013,265.334,124.75,99.75
05015,265.334,124.75,99.75
05017,265.334,124.75,99.75
05019,265.334,124.75,99.75
05021,265.334,124.75,99.75
05023,265.334,124.75,99.75
05025,265.334,124.75,99.75
05027,265.334,124.75,99.75
05029,265.334,124.75,99.75
05031,265.334,124.75,99.75
05033,265.334,124.75,99.75
05035,265.334,124.75,99.75
05037,265.334,124.75,99.75
05039,265.334,124.75,99.75
05041,265.334,124.75,99.75
05043,265.334,124.75,99.75
05045,265.334,124.75,99.75
05047,265.334,124.75,99.75
05049,265.334,124.75,99.75
05051,265.334,124.75,99.75
05053,265.334,124.75,99.75
05055,265.334,124.75,99.75
05057,265.334,124.75,99.75
05059,265.334,124.75,99.75
05061,265.334,124.75,99.75
05063,265.334,124.75,99.75
05065,265.334,124.75,99.75
05067,265.334,124.75,99.75
05069,265.334,124.75,99.75
05071,265.334,124.75,99.75
05073,265.334,124.75,99.75
05075,265.334,124.75,99.75
05077,265.334,124.75,99.75
05079,265.334,124.75,99.75
05081,265.334,124.75,99.75
05083,265.334,124.75,99.75
05085,265.334,124.75,99.75
05087,265.334,124.75,99.75
05089,265.334,124.75,99.75
05091,265.334,124.75,99.75
05093,265.334,124.75,99.75
05095,265.334,124.75,99.75
05097,265.334,124.75,99.75
05099,265.334,124.75,99.75
05101,265.334,124.75,99.75
05103,265.334,124.75,99.75
05105,265.334,124.75,99.75
05107,265.334,124.75,99.75
05109,265.334,124.75,99.75
05111,265.334,124.75,99.75
05113,265.334,124.75,99.75
05115,265.334,124.75,99.75
05117,265.334,124.75,99.75
05119,265.334,124.75,99.75
05121,265.334,124.75,99.75
05123,265.334,124.75,99.75
05125,265.334,124.75,99.75
05127,265.334,124.75,99.75
05129,265.334,124.75,99.75
05131,265.334,124.75,99.75
05133,265.334,124.75,99.75
05135,265.334,124.75,99.75
05137,265.334,124.75,99.75
05139,265.334,124.75,99.75
05141,265.334,124.75,99.75
05143,265.334,124.75,99.75
05145,265.334,124.75,99.75
05147,265.334,124.75,99.75
05149,265.334,124.75,99.75
06001,265.334,124.75,99.75
06003,265.334,124.75,99.75
06005,265.334,124.75,99.75
06007,265.334,124.75,99.75
06009,265.334,124.75,99.75
06011,265.334,124.75,99.75
06013,265.334,124.75,99.75
06015,265.334,124.75,99.75
06017,265.334,124.75,99.75
06019,265.334,124.75,99.75
06021,265.334,124.75,99.75
06023,265.334,124.75,99.75
06025,265.334,124.75,99.75
06027,265.334,124.75,99.75
06029,265.334,124.75,99.75
06031,265.334,124.75,99.75
06033,265.334,124.75,99.75
06035,265.334,124.75,99.75
06037,265.334,124.75,99.75
06039,265.334,124.75,99.75
06041,265.334,124.75,99.75
06043,265.334,124.75,99.75
06045,265.334,124.75,99.75
06047,265.334,124.75,99.75
06049,265.334,124.75,99.75
06051,265.334,124.75,99.75
06053,265.334,124.75,99.75
06055,265.334,124.75,99.75
06057,265.334,124.75,99.75
06059,265.334,124.75,99.75
06061,265.334,124.75,99.75
06063,265.334,124.75,99.75
06065,265.334,124.75,99.75
06067,265.334,124.75,99.75
06069,265.334,124.75,99.75
06071,265.334,124.75,99.75
06073,265.334,124.75,99.75
06075,265.334,124.75,99.75
06077,265.334,124.75,99.75
06079,265.334,124.75,99.75
06081,265.334,124.75,99.75
06083,265.334,124.75,99.75
06085,265.334,124.75,99.75
06087,265.334,124.75,99.75
06089,265.334,124.75,99.75
06091,265.334,124.75,99.75
06093,265.334,124.75,99.75
06095,265.334,124.75,99.75
06097,265.334,124.75,99.75
06099,265.334,124.75,99.75
06101,265.334,124.75,99.75
06103,265.334,124.75,99.75
06105,265.334,124.75,99.75
06107,265.334,124.75,99.75
06109,265.334,124.75,99.75
06111,265.334,124.75,99.75
06113,265.334,124.75,99.75
06115,265.334,124.75,99.75
08001,265.334,124.75,99.75
08003,265.334,124.75,99.75
08005,265.334,124.75,99.75
08007,265.334,124.75,99.75
08009,265.334,124.75,99.75
08011,265.334,124.75,99.75
08013,265.334,124.75,99.75
08014,265.334,124.75,99.75
08015,265.334,124.75,99.75
08017,265.334,124.75,99.75
08019,265.334,124.75,99.75
08021,265.334,124.75,99.75
08023,265.334,124.75,99.75
08025,265.334,124.75,99.75
08027,265.334,124.75,99.75
08029,265.334,124.75,99.75
08031,265.334,124.75,99.75
08033,265.334,124.75,99.75
08035,265.334,124.75,99.75
08037,265.334,124.75,99.75
08039,265.334,124.75,99.75
08041,265.334,124.75,99.75
08043,265.334,124.75,99.75
08045,265.334,124.75,99.75
08047,265.334,124.75,99.75
08049,265.334,124.75,99.75
08051,265.334,124.75,99.75
08053,265.334,124.75,99.75
08055,265.334,124.75,99.75
08057,265.334,124.75,99.75
08059,265.334,124.75,99.75
08061,265.334,124.75,99.75
08063,265.334,124.75,99.75
08065,265.334,124.75,99.75
08067,265.334,124.75,99.75
08069,265.334,124.75,99.75
08071,265.334,124.75,99.75
08073,265.334,124.75,99.75
08075,265.334,124.75,99.75
08077,265.334,124.75,99.75
08079,265.334,124.75,99.75
08081,265.334,124.75,99.75
08083,265.334,124.75,99.75
08085,265.334,124.75,99.75
08087,265.334,124.75,99.75
08089,265.334,124.75,99.75
08091,265.334,124.75,99.75
08093,265.334,124.75,99.75
08095,265.334,124.75,99.75
08097,265.334,124.75,99.75
08099,265.334,124.75,99.75
08101,265.334,124.75,99.75
08103,265.334,124.75,99.75
08105,265.334,124.75,99.75
08107,265.334,124.75,99.75
08109,265.334,124.75,99.75
08111,265.334,124.75,99.75
08113,265.334,124.75,99.75
08115,265.334,124.75,99.75
08117,265.334,124.75,99.75
08119,265.334,124.75,99.75
08121,265.334,124.75,99.75
08123,265.334,124.75,99.75
08125,265.334,124.75,99.75
09001,265.334,124.75,99.75
09003,265.334,124.75,99.75
09005,265.334,124.75,99.75
09007,265.334,124.75,99.75
09009,265.334,124.75,99.75
09011,265.334,124.75,99.75
09013,265.334,124.75,99.75
09015,265.334,124.75,99.75
10001,265.334,124.75,99.75
10003,265.334,124.75,99.75
10005,265.334,124.75,99.75
11001,265.334,124.75,99.75
12001,265.334,124.75,99.75
12003,265.334,124.75,99.75
12005,265.334,124.75,99.75
12007,265.334,124.75,99.75
12009,265.334,124.75,99.75
12011,265.334,124.75,99.75
12013,265.334,124.75,99.75
12015,265.334,124.75,99.75
12017,265.334,124.75,99.75
12019,265.334,124.75,99.75
12021,265.334,124.75,99.75
12023,265.334,124.75,99.75
12027,265.334,124.75,99.75
12029,265.334,124.75,99.75
12031,265.334,124.75,99.75
12033,265.334,124.75,99.75
12035,265.334,124.75,99.75
12037,265.334,124.75,99.75
12039,265.334,124.75,99.75
12041,265.334,124.75,99.75
12043,265.334,124.75,99.75
12045,265.334,124.75,99.75
12047,265.334,124.75,99.75
12049,265.334,124.75,99.75
12051,265.334,124.75,99.75
12053,265.334,124.75,99.75
12055,265.334,124.75,99.75
12057,265.334,124.75,99.75
12059,265.334,124.75,99.75
12061,265.334,124.75,99.75
12063,265.334,124.75,99.75
12065,265.334,124.75,99.75
12067,265.334,124.75,99.75
12069,265.334,124.75,99.75
12071,265.334,124.75,99.75
12073,265.334,124.75,99.75
12075,265.334,124.75,99.75
12077,265.334,124.75,99.75
12079,265.334,124.75,99.75
12081,265.334,124.75,99.75
12083,265.334,124.75,99.75
12085,265.334,124.75,99.75
12086,265.334,124.75,99.75
12087,265.334,124.75,99.75
12089,265.334,124.75,99.75
12091,265.334,124.75,99.75
12093,265.334,124.75,99.75
12095,265.334,124.75,99.75
12097,265.334,124.75,99.75
12099,265.334,124.75,99.75
12101,265.334,124.75,99.75
12103,265.334,124.75,99.75
12105,265.334,124.75,99.75
12107,265.334,124.75,99.75
12109,265.334,124.75,99.75
12111,265.334,124.75,99.75
12113,265.334,124.75,99.75
12115,265.334,124.75,99.75
12117,265.334,124.75,99.75
12119,265.334,124.75,99.75
12121,265.334,124.75,99.75
12123,265.334,124.75,99.75
12125,265.334,124.75,99.75
12127,265.334,124.75,99.75
12129,265.334,124.75,99.75
12131,265.334,124.75,99.75
12133,265.334,124.75,99.75
13001,265.334,124.75,99.75
13003,265.334,124.75,99.75
13005,265.334,124.75,99.75
13007,265.334,124.75,99.75
13009,265.334,124.75,99.75
13011,265.334,124.75,99.75
13013,265.334,124.75,99.75
13015,265.334,124.75,99.75
13017,265.334,124.75,99.75
13019,265.334,124.75,99.75
13021,265.334,124.75,99.75
13023,265.334,124.75,99.75
13025,265.334,124.75,99.75
13027,265.334,124.75,99.75
13029,265.334,124.75,99.75
13031,265.334,124.75,99.75
13033,265.334,124.75,99.75
13035,265.334,124.75,99.75
13037,265.334,124.75,99.75
13039,265.334,124.75,99.75
13043,265.334,124.75,99.75
13045,265.334,124.75,99.75
13047,265.334,124.75,99.75
13049,265.334,124.75,99.75
13051,265.334,124.75,99.75
13053,265.334,124.75,99.75
13055,265.334,124.75,99.75
13057,265.334,124.75,99.75
13059,265.334,124.75,99.75
13061,265.334,124.75,99.75
13063,265.334,124.75,99.75
13065,265.334,124.75,99.75
13067,265.334,124.75,99.75
13069,265.334,124.75,99.75
13071,265.334,124.75,99.75
13073,265.334,124.75,99.75
13075,265.334,124.75,99.75
13077,265.334,124.75,99.75
13079,265.334,124.75,99.75
13081,265.334,124.75,99.75
13083,265.334,124.75,99.75
13085,265.334,124.75,99.75
13087,265.334,124.75,99.75
13089,265.334,124.75,99.75
13091,265.334,124.75,99.75
13093,265.334,124.75,99.75
13095,265.334,124.75,99.75
13097,265.334,124.75,99.75
13099,265.334,124.75,99.75
13101,265.334,124.75,99.75
13103,265.334,124.75,99.75
13105,265.334,124.75,99.75
13107,265.334,124.75,99.75
13109,265.334,124.75,99.75
13111,265.334,124.75,99.75
13113,265.334,124.75,99.75
13115,265.334,124.75,99.75
13117,265.334,124.75,99.75
13119,265.334,124.75,99.75
13121,265.334,124.75,99.75
13123,265.334,124.75,99.75
13125,265.334,124.75,99.75
13127,265.334,124.75,99.75
13129,265.334,124.75,99.75
13131,265.334,124.75,99.75
13133,265.334,124.75,99.75
13135,265.334,124.75,99.75
13137,265.334,124.75,99.75
13139,265.334,124.75,99.75
13141,265.334,124.75,99.75
13143,265.334,124.75,99.75
13145,265.334,124.75,99.75
13147,265.334,124.75,99.75
13149,265.334,124.75,99.75
13151,265.334,124.75,99.75
13153,265.334,124.75,99.75
13155,265.334,124.75,99.75
13157,265.334,124.75,99.75
13159,265.334,124.75,99.75
13161,265.334,124.75,99.75
13163,265.334,124.75,99.75
13165,265.334,124.75,99.75
13167,265.334,124.75,99.75
13169,265.334,124.75,99.75
13171,265.334,124.75,99.75
13173,265.334,124.75,99.75
13175,265.334,124.75,99.75
13177,265.334,124.75,99.75
13179,265.334,124.75,99.75
13181,265.334,124.75,99.75
13183,265.334,124.75,99.75
13185,265.334,124.75,99.75
13187,265.334,124.75,99.75
13189,265.334,124.75,99.75
13191,265.334,124.75,99.75
13193,265.334,124.75,99.75
13195,265.334,124.75,99.75
13197,265.334,124.75,99.75
13199,265.334,124.75,99.75
13201,265.334,124.75,99.75
13205,265.334,124.75,99.75
13207,265.334,124.75,99.75
13209,265.334,124.75,99.75
13211,265.334,124.75,99.75
13213,265.334,124.75,99.75
13215,265.334,124.75,99.75
13217,265.334,124.75,99.75
13219,265.334,124.75,99.75
13221,265.334,124.75,99.75
13223,265.334,124.75,99.75
13225,265.334,124.75,99.75
13227,265.334,124.75,99.75
13229,265.334,124.75,99.75
13231,265.334,124.75,99.75
13233,265.334,124.75,99.75
13235,265.334,124.75,99.75
13237,265.334,124.75,99.75
13239,265.334,124.75,99.75
13241,265.334,124.75,99.75
13243,265.334,124.75,99.75
13245,265.334,124.75,99.75
13247,265.334,124.75,99.75
13249,265.334,124.75,99.75
13251,265.334,124.75,99.75
13253,265.334,124.75,99.75
13255,265.334,124.75,99.75
13257,265.334,124.75,99.75
13259,265.334,124.75,99.75
13261,265.334,124.75,99.75
13263,265.334,124.75,99.75
13265,265.334,124.75,99.75
13267,265.334,124.75,99.75
13269,265.334,124.75,99.75
13271,265.334,124.75,99.75
13273,265.334,124.75,99.75
13275,265.334,124.75,99.75
13277,265.334,124.75,99.75
13279,265.334,124.75,99.75
13281,265.334,124.75,99.75
13283,265.334,124.75,99.75
13285,265.334,124.75,99.75
13287,265.334,124.75,99.75
13289,265.334,124.75,99.75
13291,265.334,124.75,99.75
13293,265.334,124.75,99.75
13295,265.334,124.75,99.75
13297,265.334,124.75,99.75
13299,265.334,124.75,99.75
13301,265.334,124.75,99.75
13303,265.334,124.75,99.75
13305,265.334,124.75,99.75
13307,265.334,124.75,99.75
13309,265.334,124.75,99.75
13311,265.334,124.75,99.75
13313,265.334,124.75,99.75
13315,265.334,124.75,99.75
13317,265.334,124.75,99.75
13319,265.334,124.75,99.75
13321,265.334,124.75,99.75
16001,265.334,124.75,99.75
16003,265.334,124.75,99.75
16005,265.334,124.75,99.75
16007,265.334,124.75,99.75
16009,265.334,124.75,99.75
16011,265.334,124.75,99.75
16013,265.334,124.75,99.75
16015,265.334,124.75,99.75
16017,265.334,124.75,99.75
16019,265.334,124.75,99.75
16021,265.334,124.75,99.75
16023,265.334,124.75,99.75
16025,265.334,124.75,99.75
16027,265.334,124.75,99.75
16029,265.334,124.75,99.75
16031,265.334,124.75,99.75
16033,265.334,124.75,99.75
16035,265.334,124.75,99.75
16037,265.334,124.75,99.75
16039,265.334,124.75,99.75
16041,265.334,124.75,99.75
16043,265.334,124.75,99.75
16045,265.334,124.75,99.75
16047,265.334,124.75,99.75
16049,265.334,124.75,99.75
16051,265.334,124.75,99.75
16053,265.334,124.75,99.75
16055,265.334,124.75,99.75
16057,265.334,124.75,99.75
16059,265.334,124.75,99.75
16061,265.334,124.75,99.75
16063,265.334,124.75,99.75
16065,265.334,124.75,99.75
16067,265.334,124.75,99.75
16069,265.334,124.75,99.75
16071,265.334,124.75,99.75
16073,265.334,124.75,99.75
16075,265.334,124.75,99.75
16077,265.334,124.75,99.75
16079,265.334,124.75,99.75
16081,265.334,124.75,99.75
16083,265.334,124.75,99.75
16085,265.334,124.75,99.75
16087,265.334,124.75,99.75
17001,265.334,124.75,99.75
17003,265.334,124.75,99.75
17005,265.334,124.75,99.75
17007,265.334,124.75,99.75
17009,265.334,124.75,99.75
17011,265.334,124.75,99.75
17013,265.334,124.75,99.75
17015,265.334,124.75,99.75
17017,265.334,124.75,99.75
17019,265.334,124.75,99.75
17021,265.334,124.75,99.75
17023,265.334,124.75,99.75
17025,265.334,124.75,99.75
17027,265.334,124.75,99.75
17029,265.334,124.75,99.75
17031,265.334,124.75,99.75
17033,265.334,124.75,99.75
17035,265.334,124.75,99.75
17037,265.334,124.75,99.75
17039,265.334,124.75,99.75
17041,265.334,124.75,99.75
17043,265.334,124.75,99.75
17045,265.334,124.75,99.75
17047,265.334,124.75,99.75
17049,265.334,124.75,99.75
17051,265.334,124.75,99.75
17053,265.334,124.75,99.75
17055,265.334,124.75,99.75
17057,265.334,124.75,99.75
17059,265.334,124.75,99.75
17061,265.334,124.75,99.75
17063,265.334,124.75,99.75
17065,265.334,124.75,99.75
17067,265.334,124.75,99.75
17069,265.334,124.75,99.75
17071,265.334,124.75,99.75
17073,265.334,124.75,99.75
17075,265.334,124.75,99.75
17077,265.334,124.75,99.75
17079,265.334,124.75,99.75
17081,265.334,124.75,99.75
17083,265.334,124.75,99.75
17085,265.334,124.75,99.75
17087,265.334,124.75,99.75
17089,265.334,124.75,99.75
17091,265.334,124.75,99.75
17093,265.334,124.75,99.75
17095,265.334,124.75,99.75
17097,265.334,124.75,99.75
17099,265.334,124.75,99.75
17101,265.334,124.75,99.75
17103,265.334,124.75,99.75
17105,265.334,124.75,99.75
17107,265.334,124.75,99.75
17109,265.334,124.75,99.75
17111,265.334,124.75,99.75
17113,265.334,124.75,99.75
17115,265.334,124.75,99.75
17117,265.334,124.75,99.75
17119,265.334,124.75,99.75
17121,265.334,124.75,99.75
17123,265.334,124.75,99.75
17125,265.334,124.75,99.75
17127,265.334,124.75,99.75
17129,265.334,124.75,99.75
17131,265.334,124.75,99.75
17133,265.334,124.75,99.75
17135,265.334,124.75,99.75
17137,265.334,124.75,99.75
17139,265.334,124.75,99.75
17141,265.334,124.75,99.75
17143,265.334,124.75,99.75
17145,265.334,124.75,99.75
17147,265.334,124.75,99.75
17149,265.334,124.75,99.75
17151,265.334,124.75,99.75
17153,265.334,124.75,99.75
17155,265.334,124.75,99.75
17157,265.334,124.75,99.75
17159,265.334,124.75,99.75
17161,265.334,124.75,99.75
17163,265.334,124.75,99.75
17165,265.334,124.75,99.75
17167,265.334,124.75,99.75
17169,265.334,124.75,99.75
17171,265.334,124.75,99.75
17173,265.334,124.75,99.75
17175,265.334,124.75,99.75
17177,265.334,124.75,99.75
17179,265.334,124.75,99.75
17181,265.334,124.75,99.75
17183,265.334,124.75,99.75
17185,265.334,124.75,99.75
17187,265.334,124.75,99.75
17189,265.334,124.75,99.75
17191,265.334,124.75,99.75
17193,265.334,124.75,99.75
17195,265.334,124.75,99.75
17197,265.334,124.75,99.75
17199,265.334,124.75,99.75
17201,265.334,124.75,99.75
17203,265.334,124.75,99.75
18001,265.334,124.75,99.75
18003,265.334,124.75,99.75
18005,265.334,124.75,99.75
18007,265.334,124.75,99.75
18009,265.334,124.75,99.75
18011,265.334,124.75,99.75
18013,265.334,124.75,99.75
18015,265.334,124.75,99.75
18017,265.334,124.75,99.75
18019,265.334,124.75,99.75
18021,265.334,124.75,99.75
18023,265.334,124.75,99.75
18025,265.334,124.75,99.75
18027,265.334,124.75,99.75
18029,265.334,124.75,99.75
18031,265.334,124.75,99.75
18033,265.334,124.75,99.75
18035,265.334,124.75,99.75
18037,265.334,124.75,99.75
18039,265.334,124.75,99.75
18041,265.334,124.75,99.75
18043,265.334,124.75,99.75
18045,265.334,124.75,99.75
18047,265.334,124.75,99.75
18049,265.334,124.75,99.75
18051,265.334,124.75,99.75
18053,265.334,124.75,99.75
18055,265.334,124.75,99.75
18057,265.334,124.75,99.75
18059,265.334,124.75,99.75
18061,265.334,124.75,99.75
18063,265.334,124.75,99.75
18065,265.334,124.75,99.75
18067,265.334,124.75,99.75
18069,265.334,124.75,99.75
18071,265.334,124.75,99.75
18073,265.334,124.75,99.75
18075,265.334,124.75,99.75
18077,265.334,124.75,99.75
18079,265.334,124.75,99.75
18081,265.334,124.75,99.75
18083,265.334,124.75,99.75
18085,265.334,124.75,99.75
18087,265.334,124.75,99.75
18089,265.334,124.75,99.75
18091,265.334,124.75,99.75
18093,265.334,124.75,99.75
18095,265.334,124.75,99.75
18097,265.334,124.75,99.75
18099,265.334,124.75,99.75
18101,265.334,124.75,99.75
18103,265.334,124.75,99.75
18105,265.334,124.75,99.75
18107,265.334,124.75,99.75
18109,265.334,124.75,99.75
18111,265.334,124.75,99.75
18113,265.334,124.75,99.75
18115,265.334,124.75,99.75
18117,265.334,124.75,99.75
18119,265.334,124.75,99.75
18121,265.334,124.75,99.75
18123,265.334,124.75,99.75
18125,265.334,124.75,99.75
18127,265.334,124.75,99.75
18129,265.334,124.75,99.75
18131,265.334,124.75,99.75
18133,265.334,124.75,99.75
18135,265.334,124.75,99.75
18137,265.334,124.75,99.75
18139,265.334,124.75,99.75
18141,265.334,124.75,99.75
18143,265.334,124.75,99.75
18145,265.334,124.75,99.75
18147,265.334,124.75,99.75
18149,265.334,124.75,99.75
18151,265.334,124.75,99.75
18153,265.334,124.75,99.75
18155,265.334,124.75,99.75
18157,265.334,124.75,99.75
18159,265.334,124.75,99.75
18161,265.334,124.75,99.75
18163,265.334,124.75,99.75
18165,265.334,124.75,99.75
18167,265.334,124.75,99.75
18169,265.334,124.75,99.75
18171,265.334,124.75,99.75
18173,265.334,124.75,99.75
18175,265.334,124.75,99.75
18177,265.334,124.75,99.75
18179,265.334,124.75,99.75
18181,265.334,124.75,99.75
18183,265.334,124.75,99.75
19001,265.334,124.75,99.75
19003,265.334,124.75,99.75
19005,265.334,124.75,99.75
19007,265.334,124.75,99.75
19009,265.334,124.75,99.75
19011,265.334,124.75,99.75
19013,265.334,124.75,99.75
19015,265.334,124.75,99.75
19017,265.334,124.75,99.75
19019,265.334,124.75,99.75
19021,265.334,124.75,99.75
19023,265.334,124.75,99.75
19025,265.334,124.75,99.75
19027,265.334,124.75,99.75
19029,265.334,124.75,99.75
19031,265.334,124.75,99.75
19033,265.334,124.75,99.75
19035,265.334,124.75,99.75
19037,265.334,124.75,99.75
19039,265.334,124.75,99.75
19041,265.334,124.75,99.75
19043,265.334,124.75,99.75
19045,265.334,124.75,99.75
19047,265.334,124.75,99.75
19049,265.334,124.75,99.75
19051,265.334,124.75,99.75
19053,265.334,124.75,99.75
19055,265.334,124.75,99.75
19057,265.334,124.75,99.75
19059,265.334,124.75,99.75
19061,265.334,124.75,99.75
19063,265.334,124.75,99.75
19065,265.334,124.75,99.75
19067,265.334,124.75,99.75
19069,265.334,124.75,99.75
19071,265.334,124.75,99.75
19073,265.334,124.75,99.75
19075,265.334,124.75,99.75
19077,265.334,124.75,99.75
19079,265.334,124.75,99.75
19081,265.334,124.75,99.75
19083,265.334,124.75,99.75
19085,265.334,124.75,99.75
19087,265.334,124.75,99.75
19089,265.334,124.75,99.75
19091,265.334,124.75,99.75
19093,265.334,124.75,99.75
19095,265.334,124.75,99.75
19097,265.334,124.75,99.75
19099,265.334,124.75,99.75
19101,265.334,124.75,99.75
19103,265.334,124.75,99.75
19105,265.334,124.75,99.75
19107,265.334,124.75,99.75
19109,265.334,124.75,99.75
19111,265.334,124.75,99.75
19113,265.334,124.75,99.75
19115,265.334,124.75,99.75
19117,265.334,124.75,99.75
19119,265.334,124.75,99.75
19121,265.334,124.75,99.75
19123,265.334,124.75,99.75
19125,265.334,124.75,99.75
19127,265.334,124.75,99.75
19129,265.334,124.75,99.75
19131,265.334,124.75,99.75
19133,265.334,124.75,99.75
19135,265.334,124.75,99.75
19137,265.334,124.75,99.75
19139,265.334,124.75,99.75
19141,265.334,124.75,99.75
19143,265.334,124.75,99.75
19145,265.334,124.75,99.75
19147,265.334,124.75,99.75
19149,265.334,124.75,99.75
19151,265.334,124.75,99.75
19153,265.334,124.75,99.75
19155,265.334,124.75,99.75
19157,265.334,124.75,99.75
19159,265.334,124.75,99.75
19161,265.334,124.75,99.75
19163,265.334,124.75,99.75
19165,265.334,124.75,99.75
19167,265.334,124.75,99.75
19169,265.334,124.75,99.75
19171,265.334,124.75,99.75
19173,265.334,124.75,99.75
19175,265.334,124.75,99.75
19177,265.334,124.75,99.75
19179,265.334,124.75,99.75
19181,265.334,124.75,99.75
19183,265.334,124.75,99.75
19185,265.334,124.75,99.75
19187,265.334,124.75,99.75
19189,265.334,124.75,99.75
19191,265.334,124.75,99.75
19193,265.334,124.75,99.75
19195,265.334,124.75,99.75
19197,265.334,124.75,99.75
20001,265.334,124.75,99.75
20003,265.334,124.75,99.75
20005,265.334,124.75,99.75
20007,265.334,124.75,99.75
20009,265.334,124.75,99.75
20011,265.334,124.75,99.75
20013,265.334,124.75,99.75
20015,265.334,124.75,99.75
20017,265.334,124.75,99.75
20019,265.334,124.75,99.75
20021,265.334,124.75,99.75
20023,265.334,124.75,99.75
20025,265.334,124.75,99.75
20027,265.334,124.75,99.75
20029,265.334,124.75,99.75
20031,265.334,124.75,99.75
20033,265.334,124.75,99.75
20035,265.334,124.75,99.75
20037,265.334,124.75,99.75
20039,265.334,124.75,99.75
20041,265.334,124.75,99.75
20043,265.334,124.75,99.75
20045,265.334,124.75,99.75
20047,265.334,124.75,99.75
20049,265.334,124.75,99.75
20051,265.334,124.75,99.75
20053,265.334,124.75,99.75
20055,265.334,124.75,99.75
20057,265.334,124.75,99.75
20059,265.334,124.75,99.75
20061,265.334,124.75,99.75
20063,265.334,124.75,99.75
20065,265.334,124.75,99.75
20067,265.334,124.75,99.75
20069,265.334,124.75,99.75
20071,265.334,124.75,99.75
20073,265.334,124.75,99.75
20075,265.334,124.75,99.75
20077,265.334,124.75,99.75
20079,265.334,124.75,99.75
20081,265.334,124.75,99.75
20083,265.334,124.75,99.75
20085,265.334,124.75,99.75
20087,265.334,124.75,99.75
20089,265.334,124.75,99.75
20091,265.334,124.75,99.75
20093,265.334,124.75,99.75
20095,265.334,124.75,99.75
20097,265.334,124.75,99.75
20099,265.334,124.75,99.75
20101,265.334,124.75,99.75
20103,265.334,124.75,99.75
20105,265.334,124.75,99.75
20107,265.334,124.75,99.75
20109,265.334,124.75,99.75
20111,265.334,124.75,99.75
20113,265.334,124.75,99.75
20115,265.334,124.75,99.75
20117,265.334,124.75,99.75
20119,265.334,124.75,99.75
20121,265.334,124.75,99.75
20123,265.334,124.75,99.75
20125,265.334,124.75,99.75
20127,265.334,124.75,99.75
20129,265.334,124.75,99.75
20131,265.334,124.75,99.75
20133,265.334,124.75,99.75
20135,265.334,124.75,99.75
20137,265.334,124.75,99.75
20139,265.334,124.75,99.75
20141,265.334,124.75,99.75
20143,265.334,124.75,99.75
20145,265.334,124.75,99.75
20147,265.334,124.75,99.75
20149,265.334,124.75,99.75
20151,265.334,124.75,99.75
20153,265.334,124.75,99.75
20155,265.334,124.75,99.75
20157,265.334,124.75,99.75
20159,265.334,124.75,99.75
20161,265.334,124.75,99.75
20163,265.334,124.75,99.75
20165,265.334,124.75,99.75
20167,265.334,124.75,99.75
20169,265.334,124.75,99.75
20171,265.334,124.75,99.75
20173,265.334,124.75,99.75
20175,265.334,124.75,99.75
20177,265.334,124.75,99.75
20179,265.334,124.75,99.75
20181,265.334,124.75,99.75
20183,265.334,124.75,99.75
20185,265.334,124.75,99.75
20187,265.334,124.75,99.75
20189,265.334,124.75,99.75
20191,265.334,124.75,99.75
20193,265.334,124.75,99.75
20195,265.334,124.75,99.75
20197,265.334,124.75,99.75
20199,265.334,124.75,99.75
20201,265.334,124.75,99.75
20203,265.334,124.75,99.75
20205,265.334,124.75,99.75
20207,265.334,124.75,99.75
20209,265.334,124.75,99.75
21001,265.334,124.75,99.75
21003,265.334,124.75,99.75
21005,265.334,124.75,99.75
21007,265.334,124.75,99.75
21009,265.334,124.75,99.75
21011,265.334,124.75,99.75
21013,265.334,124.75,99.75
21015,265.334,124.75,99.75
21017,265.334,124.75,99.75
21019,265.334,124.75,99.75
21021,265.334,124.75,99.75
21023,265.334,124.75,99.75
21025,265.334,124.75,99.75
21027,265.334,124.75,99.75
21029,265.334,124.75,99.75
21031,265.334,124.75,99.75
21033,265.334,124.75,99.75
21035,265.334,124.75,99.75
21037,265.334,124.75,99.75
21039,265.334,124.75,99.75
21041,265.334,124.75,99.75
21043,265.334,124.75,99.75
21045,265.334,124.75,99.75
21047,265.334,124.75,99.75
21049,265.334,124.75,99.75
21051,265.334,124.75,99.75
21053,265.334,124.75,99.75
21055,265.334,124.75,99.75
21057,265.334,124.75,99.75
21059,265.334,124.75,99.75
21061,265.334,124.75,99.75
21063,265.334,124.75,99.75
21065,265.334,124.75,99.75
21067,265.334,124.75,99.75
21069,265.334,124.75,99.75
21071,265.334,124.75,99.75
21073,265.334,124.75,99.75
21075,265.334,124.75,99.75
21077,265.334,124.75,99.75
21079,265.334,124.75,99.75
21081,265.334,124.75,99.75
21083,265.334,124.75,99.75
21085,265.334,124.75,99.75
21087,265.334,124.75,99.75
21089,265.334,124.75,99.75
21091,265.334,124.75,99.75
21093,265.334,124.75,99.75
21095,265.334,124.75,99.75
21097,265.334,124.75,99.75
21099,265.334,124.75,99.75
21101,265.334,124.75,99.75
21103,265.334,124.75,99.75
21105,265.334,124.75,99.75
21107,265.334,124.75,99.75
21109,265.334,124.75,99.75
21111,265.334,124.75,99.75
21113,265.334,124.75,99.75
21115,265.334,124.75,99.75
21117,265.334,124.75,99.75
21119,265.334,124.75,99.75
21121,265.334,124.75,99.75
21123,265.334,124.75,99.75
21125,265.334,124.75,99.75
21127,265.334,124.75,99.75
21129,265.334,124.75,99.75
21131,265.334,124.75,99.75
21133,265.334,124.75,99.75
21135,265.334,124.75,99.75
21137,265.334,124.75,99.75
21139,265.334,124.75,99.75
21141,265.334,124.75,99.75
21143,265.334,124.75,99.75
21145,265.334,124.75,99.75
21147,265.334,124.75,99.75
21149,265.334,124.75,99.75
21151,265.334,124.75,99.75
21153,265.334,124.75,99.75
21155,265.334,124.75,99.75
21157,265.334,124.75,99.75
21159,265.334,124.75,99.75
21161,265.334,124.75,99.75
21163,265.334,124.75,99.75
21165,265.334,124.75,99.75
21167,265.334,124.75,99.75
21169,265.334,124.75,99.75
21171,265.334,124.75,99.75
21173,265.334,124.75,99.75
21175,265.334,124.75,99.75
21177,265.334,124.75,99.75
21179,265.334,124.75,99.75
21181,265.334,124.75,99.75
21183,265.334,124.75,99.75
21185,265.334,124.75,99.75
21187,265.334,124.75,99.75
21189,265.334,124.75,99.75
21191,265.334,124.75,99.75
21193,265.334,124.75,99.75
21195,265.334,124.75,99.75
21197,265.334,124.75,99.75
21199,265.334,124.75,99.75
21201,265.334,124.75,99.75
21203,265.334,124.75,99.75
21205,265.334,124.75,99.75
21207,265.334,124.75,99.75
21209,265.334,124.75,99.75
21211,265.334,124.75,99.75
21213,265.334,124.75,99.75
21215,265.334,124.75,99.75
21217,265.334,124.75,99.75
21219,265.334,124.75,99.75
21221,265.334,124.75,99.75
21223,265.334,124.75,99.75
21225,265.334,124.75,99.75
21227,265.334,124.75,99.75
21229,265.334,124.75,99.75
21231,265.334,124.75,99.75
21233,265.334,124.75,99.75
21235,265.334,124.75,99.75
21237,265.334,124.75,99.75
21239,265.334,124.75,99.75
22001,265.334,124.75,99.75
22003,265.334,124.75,99.75
22005,265.334,124.75,99.75
22007,265.334,124.75,99.75
22009,265.334,124.75,99.75
22011,265.334,124.75,99.75
22013,265.334,124.75,99.75
22015,265.334,124.75,99.75
22017,265.334,124.75,99.75
22019,265.334,124.75,99.75
22021,265.334,124.75,99.75
22023,265.334,124.75,99.75
22025,265.334,124.75,99.75
22027,265.334,124.75,99.75
22029,265.334,124.75,99.75
22031,265.334,124.75,99.75
22033,265.334,124.75,99.75
22035,265.334,124.75,99.75
22037,265.334,124.75,99.75
22039,265.334,124.75,99.75
22041,265.334,124.75,99.75
22043,265.334,124.75,99.75
22045,265.334,124.75,99.75
22047,265.334,124.75,99.75
22049,265.334,124.75,99.75
22051,265.334,124.75,99.75
22053,265.334,124.75,99.75
22055,265.334,124.75,99.75
22057,265.334,124.75,99.75
22059,265.334,124.75,99.75
22061,265.334,124.75,99.75
22063,265.334,124.75,99.75
22065,265.334,124.75,99.75
22067,265.334,124.75,99.75
22069,265.334,124.75,99.75
22071,265.334,124.75,99.75
22073,265.334,124.75,99.75
22075,265.334,124.75,99.75
22077,265.334,124.75,99.75
22079,265.334,124.75,99.75
22081,265.334,124.75,99.75
22083,265.334,124.75,99.75
22085,265.334,124.75,99.75
22087,265.334,124.75,99.75
22089,265.334,124.75,99.75
22091,265.334,124.75,99.75
22093,265.334,124.75,99.75
22095,265.334,124.75,99.75
22097,265.334,124.75,99.75
22099,265.334,124.75,99.75
22101,265.334,124.75,99.75
22103,265.334,124.75,99.75
22105,265.334,124.75,99.75
22107,265.334,124.75,99.75
22109,265.334,124.75,99.75
22111,265.334,124.75,99.75
22113,265.334,124.75,99.75
22115,265.334,124.75,99.75
22117,265.334,124.75,99.75
22119,265.334,124.75,99.75
22121,265.334,124.75,99.75
22123,265.334,124.75,99.75
22125,265.334,124.75,99.75
22127,265.334,124.75,99.75
23001,265.334,124.75,99.75
23003,265.334,124.75,99.75
23005,265.334,124.75,99.75
23007,265.334,124.75,99.75
23009,265.334,124.75,99.75
23011,265.334,124.75,99.75
23013,265.334,124.75,99.75
23015,265.334,124.75,99.75
23017,265.334,124.75,99.75
23019,265.334,124.75,99.75
23021,265.334,124.75,99.75
23023,265.334,124.75,99.75
23025,265.334,124.75,99.75
23027,265.334,124.75,99.75
23029,265.334,124.75,99.75
23031,265.334,124.75,99.75
24001,265.334,124.75,99.75
24003,265.334,124.75,99.75
24005,265.334,124.75,99.75
24009,265.334,124.75,99.75
24011,265.334,124.75,99.75
24013,265.334,124.75,99.75
24015,265.334,124.75,99.75
24017,265.334,124.75,99.75
24019,265.334,124.75,99.75
24021,265.334,124.75,99.75
24023,265.334,124.75,99.75
24025,265.334,124.75,99.75
24027,265.334,124.75,99.75
24029,265.334,124.75,99.75
24031,265.334,124.75,99.75
24033,265.334,124.75,99.75
24035,265.334,124.75,99.75
24037,265.334,124.75,99.75
24039,265.334,124.75,99.75
24041,265.334,124.75,99.75
24043,265.334,124.75,99.75
24045,265.334,124.75,99.75
24047,265.334,124.75,99.75
24510,265.334,124.75,99.75
25001,265.334,124.75,99.75
25003,265.334,124.75,99.75
25005,265.334,124.75,99.75
25007,265.334,124.75,99.75
25009,265.334,124.75,99.75
25011,265.334,124.75,99.75
25013,265.334,124.75,99.75
25015,265.334,124.75,99.75
25017,265.334,124.75,99.75
25019,265.334,124.75,99.75
25021,265.334,124.75,99.75
25023,265.334,124.75,99.75
25025,265.334,124.75,99.75
25027,265.334,124.75,99.75
26001,265.334,124.75,99.75
26003,265.334,124.75,99.75
26005,265.334,124.75,99.75
26007,265.334,124.75,99.75
26009,265.334,124.75,99.75
26011,265.334,124.75,99.75
26013,265.334,124.75,99.75
26015,265.334,124.75,99.75
26017,265.334,124.75,99.75
26019,265.334,124.75,99.75
26021,265.334,124.75,99.75
26023,265.334,124.75,99.75
26025,265.334,124.75,99.75
26027,265.334,124.75,99.75
26029,265.334,124.75,99.75
26031,265.334,124.75,99.75
26033,265.334,124.75,99.75
26035,265.334,124.75,99.75
26037,265.334,124.75,99.75
26039,265.334,124.75,99.75
26041,265.334,124.75,99.75
26043,265.334,124.75,99.75
26045,265.334,124.75,99.75
26047,265.334,124.75,99.75
26049,265.334,124.75,99.75
26051,265.334,124.75,99.75
26053,265.334,124.75,99.75
26055,265.334,124.75,99.75
26057,265.334,124.75,99.75
26059,265.334,124.75,99.75
26061,265.334,124.75,99.75
26063,265.334,124.75,99.75
26065,265.334,124.75,99.75
26067,265.334,124.75,99.75
26069,265.334,124.75,99.75
26071,265.334,124.75,99.75
26073,265.334,124.75,99.75
26075,265.334,124.75,99.75
26077,265.334,124.75,99.75
26079,265.334,124.75,99.75
26081,265.334,124.75,99.75
26083,265.334,124.75,99.75
26085,265.334,124.75,99.75
26087,265.334,124.75,99.75
26089,265.334,124.75,99.75
26091,265.334,124.75,99.75
26093,265.334,124.75,99.75
26095,265.334,124.75,99.75
26097,265.334,124.75,99.75
26099,265.334,124.75,99.75
26101,265.334,124.75,99.75
26103,265.334,124.75,99.75
26105,265.334,124.75,99.75
26107,265.334,124.75,99.75
26109,265.334,124.75,99.75
26111,265.334,124.75,99.75
26113,265.334,124.75,99.75
26115,265.334,124.75,99.75
26117,265.334,124.75,99.75
26119,265.334,124.75,99.75
26121,265.334,124.75,99.75
26123,265.334,124.75,99.75
26125,265.334,124.75,99.75
26127,265.334,124.75,99.75
26129,265.334,124.75,99.75
26131,265.334,124.75,99.75
26133,265.334,124.75,99.75
26135,265.334,124.75,99.75
26137,265.334,124.75,99.75
26139,265.334,124.75,99.75
26141,265.334,124.75,99.75
26143,265.334,124.75,99.75
26145,265.334,124.75,99.75
26147,265.334,124.75,99.75
26149,265.334,124.75,99.75
26151,265.334,124.75,99.75
26153,265.334,124.75,99.75
26155,265.334,124.75,99.75
26157,265.334,124.75,99.75
26159,265.334,124.75,99.75
26161,265.334,124.75,99.75
26163,265.334,124.75,99.75
26165,265.334,124.75,99.75
27001,265.334,124.75,99.75
27003,265.334,124.75,99.75
27005,265.334,124.75,99.75
27007,265.334,124.75,99.75
27009,265.334,124.75,99.75
27011,265.334,124.75,99.75
27013,265.334,124.75,99.75
27015,265.334,124.75,99.75
27017,265.334,124.75,99.75
27019,265.334,124.75,99.75
27021,265.334,124.75,99.75
27023,265.334,124.75,99.75
27025,265.334,124.75,99.75
27027,265.334,124.75,99.75
27029,265.334,124.75,99.75
27031,265.334,124.75,99.75
27033,265.334,124.75,99.75
27035,265.334,124.75,99.75
27037,265.334,124.75,99.75
27039,265.334,124.75,99.75
27041,265.334,124.75,99.75
27043,265.334,124.75,99.75
27045,265.334,124.75,99.75
27047,265.334,124.75,99.75
27049,265.334,124.75,99.75
27051,265.334,124.75,99.75
27053,265.334,124.75,99.75
27055,265.334,124.75,99.75
27057,265.334,124.75,99.75
27059,265.334,124.75,99.75
27061,265.334,124.75,99.75
27063,265.334,124.75,99.75
27065,265.334,124.75,99.75
27067,265.334,124.75,99.75
27069,265.334,124.75,99.75
27071,265.334,124.75,99.75
27073,265.334,124.75,99.75
27075,265.334,124.75,99.75
27077,265.334,124.75,99.75
27079,265.334,124.75,99.75
27081,265.334,124.75,99.75
27083,265.334,124.75,99.75
27085,265.334,124.75,99.75
27087,265.334,124.75,99.75
27089,265.334,124.75,99.75
27091,265.334,124.75,99.75
27093,265.334,124.75,99.75
27095,265.334,124.75,99.75
27097,265.334,124.75,99.75
27099,265.334,124.75,99.75
27101,265.334,124.75,99.75
27103,265.334,124.75,99.75
27105,265.334,124.75,99.75
27107,265.334,124.75,99.75
27109,265.334,124.75,99.75
27111,265.334,124.75,99.75
27113,265.334,124.75,99.75
27115,265.334,124.75,99.75
27117,265.334,124.75,99.75
27119,265.334,124.75,99.75
27121,265.334,124.75,99.75
27123,265.334,124.75,99.75
27125,265.334,124.75,99.75
27127,265.334,124.75,99.75
27129,265.334,124.75,99.75
27131,265.334,124.75,99.75
27133,265.334,124.75,99.75
27135,265.334,124.75,99.75
27137,265.334,124.75,99.75
27139,265.334,124.75,99.75
27141,265.334,124.75,99.75
27143,265.334,124.75,99.75
27145,265.334,124.75,99.75
27147,265.334,124.75,99.75
27149,265.334,124.75,99.75
27151,265.334,124.75,99.75
27153,265.334,124.75,99.75
27155,265.334,124.75,99.75
27157,265.334,124.75,99.75
27159,265.334,124.75,99.75
27161,265.334,124.75,99.75
27163,265.334,124.75,99.75
27165,265.334,124.75,99.75
27167,265.334,124.75,99.75
27169,265.334,124.75,99.75
27171,265.334,124.75,99.75
27173,265.334,124.75,99.75
28001,265.334,124.75,99.75
28003,265.334,124.75,99.75
28005,265.334,124.75,99.75
28007,265.334,124.75,99.75
28009,265.334,124.75,99.75
28011,265.334,124.75,99.75
28013,265.334,124.75,99.75
28015,265.334,124.75,99.75
28017,265.334,124.75,99.75
28019,265.334,124.75,99.75
28021,265.334,124.75,99.75
28023,265.334,124.75,99.75
28025,265.334,124.75,99.75
28027,265.334,124.75,99.75
28029,265.334,124.75,99.75
28031,265.334,124.75,99.75
28033,265.334,124.75,99.75
28035,265.334,124.75,99.75
28037,265.334,124.75,99.75
28039,265.334,124.75,99.75
28041,265.334,124.75,99.75
28043,265.334,124.75,99.75
28045,265.334,124.75,99.75
28047,265.334,124.75,99.75
28049,265.334,124.75,99.75
28051,265.334,124.75,99.75
28053,265.334,124.75,99.75
28055,265.334,124.75,99.75
28057,265.334,124.75,99.75
28059,265.334,124.75,99.75
28061,265.334,124.75,99.75
28063,265.334,124.75,99.75
28065,265.334,124.75,99.75
28067,265.334,124.75,99.75
28069,265.334,124.75,99.75
28071,265.334,124.75,99.75
28073,265.334,124.75,99.75
28075,265.334,124.75,99.75
28077,265.334,124.75,99.75
28079,265.334,124.75,99.75
28081,265.334,124.75,99.75
28083,265.334,124.75,99.75
28085,265.334,124.75,99.75
28087,265.334,124.75,99.75
28089,265.334,124.75,99.75
28091,265.334,124.75,99.75
28093,265.334,124.75,99.75
28095,265.334,124.75,99.75
28097,265.334,124.75,99.75
28099,265.334,124.75,99.75
28101,265.334,124.75,99.75
28103,265.334,124.75,99.75
28105,265.334,124.75,99.75
28107,265.334,124.75,99.75
28109,265.334,124.75,99.75
28111,265.334,124.75,99.75
28113,265.334,124.75,99.75
28115,265.334,124.75,99.75
28117,265.334,124.75,99.75
28119,265.334,124.75,99.75
28121,265.334,124.75,99.75
28123,265.334,124.75,99.75
28125,265.334,124.75,99.75
28127,265.334,124.75,99.75
28129,265.334,124.75,99.75
28131,265.334,124.75,99.75
28133,265.334,124.75,99.75
28135,265.334,124.75,99.75
28137,265.334,124.75,99.75
28139,265.334,124.75,99.75
28141,265.334,124.75,99.75
28143,265.334,124.75,99.75
28145,265.334,124.75,99.75
28147,265.334,124.75,99.75
28149,265.334,124.75,99.75
28151,265.334,124.75,99.75
28153,265.334,124.75,99.75
28155,265.334,124.75,99.75
28157,265.334,124.75,99.75
28159,265.334,124.75,99.75
28161,265.334,124.75,99.75
28163,265.334,124.75,99.75
29001,265.334,124.75,99.75
29003,265.334,124.75,99.75
29005,265.334,124.75,99.75
29007,265.334,124.75,99.75
29009,265.334,124.75,99.75
29011,265.334,124.75,99.75
29013,265.334,124.75,99.75
29015,265.334,124.75,99.75
29017,265.334,124.75,99.75
29019,265.334,124.75,99.75
29021,265.334,124.75,99.75
29023,265.334,124.75,99.75
29025,265.334,124.75,99.75
29027,265.334,124.75,99.75
29029,265.334,124.75,99.75
29031,265.334,124.75,99.75
29033,265.334,124.75,99.75
29035,265.334,124.75,99.75
29037,265.334,124.75,99.75
29039,265.334,124.75,99.75
29041,265.334,124.75,99.75
29043,265.334,124.75,99.75
29045,265.334,124.75,99.75
29047,265.334,124.75,99.75
29049,265.334,124.75,99.75
29051,265.334,124.75,99.75
29053,265.334,124.75,99.75
29055,265.334,124.75,99.75
29057,265.334,124.75,99.75
29059,265.334,124.75,99.75
29061,265.334,124.75,99.75
29063,265.334,124.75,99.75
29065,265.334,124.75,99.75
29067,265.334,124.75,99.75
29069,265.334,124.75,99.75
29071,265.334,124.75,99.75
29073,265.334,124.75,99.75
29075,265.334,124.75,99.75
29077,265.334,124.75,99.75
29079,265.334,124.75,99.75
29081,265.334,124.75,99.75
29083,265.334,124.75,99.75
29085,265.334,124.75,99.75
29087,265.334,124.75,99.75
29089,265.334,124.75,99.75
29091,265.334,124.75,99.75
29093,265.334,124.75,99.75
29095,265.334,124.75,99.75
29097,265.334,124.75,99.75
29099,265.334,124.75,99.75
29101,265.334,124.75,99.75
29103,265.334,124.75,99.75
29105,265.334,124.75,99.75
29107,265.334,124.75,99.75
29109,265.334,124.75,99.75
29111,265.334,124.75,99.75
29113,265.334,124.75,99.75
29115,265.334,124.75,99.75
29117,265.334,124.75,99.75
29119,265.334,124.75,99.75
29121,265.334,124.75,99.75
29123,265.334,124.75,99.75
29125,265.334,124.75,99.75
29127,265.334,124.75,99.75
29129,265.334,124.75,99.75
29131,265.334,124.75,99.75
29133,265.334,124.75,99.75
29135,265.334,124.75,99.75
29137,265.334,124.75,99.75
29139,265.334,124.75,99.75
29141,265.334,124.75,99.75
29143,265.334,124.75,99.75
29145,265.334,124.75,99.75
29147,265.334,124.75,99.75
29149,265.334,124.75,99.75
29151,265.334,124.75,99.75
29153,265.334,124.75,99.75
29155,265.334,124.75,99.75
29157,265.334,124.75,99.75
29159,265.334,124.75,99.75
29161,265.334,124.75,99.75
29163,265.334,124.75,99.75
29165,265.334,124.75,99.75
29167,265.334,124.75,99.75
29169,265.334,124.75,99.75
29171,265.334,124.75,99.75
29173,265.334,124.75,99.75
29175,265.334,124.75,99.75
29177,265.334,124.75,99.75
29179,265.334,124.75,99.75
29181,265.334,124.75,99.75
29183,265.334,124.75,99.75
29185,265.334,124.75,99.75
29186,265.334,124.75,99.75
29187,265.334,124.75,99.75
29189,265.334,124.75,99.75
29195,265.334,124.75,99.75
29197,265.334,124.75,99.75
29199,265.334,124.75,99.75
29201,265.334,124.75,99.75
29203,265.334,124.75,99.75
29205,265.334,124.75,99.75
29207,265.334,124.75,99.75
29209,265.334,124.75,99.75
29211,265.334,124.75,99.75
29213,265.334,124.75,99.75
29215,265.334,124.75,99.75
29217,265.334,124.75,99.75
29219,265.334,124.75,99.75
29221,265.334,124.75,99.75
29223,265.334,124.75,99.75
29225,265.334,124.75,99.75
29227,265.334,124.75,99.75
29229,265.334,124.75,99.75
29510,265.334,124.75,99.75
30001,265.334,124.75,99.75
30003,265.334,124.75,99.75
30005,265.334,124.75,99.75
30007,265.334,124.75,99.75
30009,265.334,124.75,99.75
30011,265.334,124.75,99.75
30013,265.334,124.75,99.75
30015,265.334,124.75,99.75
30017,265.334,124.75,99.75
30019,265.334,124.75,99.75
30021,265.334,124.75,99.75
30023,265.334,124.75,99.75
30025,265.334,124.75,99.75
30027,265.334,124.75,99.75
30029,265.334,124.75,99.75
30031,265.334,124.75,99.75
30033,265.334,124.75,99.75
30035,265.334,124.75,99.75
30037,265.334,124.75,99.75
30039,265.334,124.75,99.75
30041,265.334,124.75,99.75
30043,265.334,124.75,99.75
30045,265.334,124.75,99.75
30047,265.334,124.75,99.75
30049,265.334,124.75,99.75
30051,265.334,124.75,99.75
30053,265.334,124.75,99.75
30055,265.334,124.75,99.75
30057,265.334,124.75,99.75
30059,265.334,124.75,99.75
30061,265.334,124.75,99.75
30063,265.334,124.75,99.75
30065,265.334,124.75,99.75
30067,265.334,124.75,99.75
30069,265.334,124.75,99.75
30071,265.334,124.75,99.75
30073,265.334,124.75,99.75
30075,265.334,124.75,99.75
30077,265.334,124.75,99.75
30079,265.334,124.75,99.75
30081,265.334,124.75,99.75
30083,265.334,124.75,99.75
30085,265.334,124.75,99.75
30087,265.334,124.75,99.75
30089,265.334,124.75,99.75
30091,265.334,124.75,99.75
30093,265.334,124.75,99.75
30095,265.334,124.75,99.75
30097,265.334,124.75,99.75
30099,265.334,124.75,99.75
30101,265.334,124.75,99.75
30103,265.334,124.75,99.75
30105,265.334,124.75,99.75
30107,265.334,124.75,99.75
30109,265.334,124.75,99.75
30111,265.334,124.75,99.75
31001,265.334,124.75,99.75
31003,265.334,124.75,99.75
31005,265.334,124.75,99.75
31007,265.334,124.75,99.75
31009,265.334,124.75,99.75
31011,265.334,124.75,99.75
31013,265.334,124.75,99.75
31015,265.334,124.75,99.75
31017,265.334,124.75,99.75
31019,265.334,124.75,99.75
31021,265.334,124.75,99.75
31023,265.334,124.75,99.75
31025,265.334,124.75,99.75
31027,265.334,124.75,99.75
31029,265.334,124.75,99.75
31031,265.334,124.75,99.75
31033,265.334,124.75,99.75
31035,265.334,124.75,99.75
31037,265.334,124.75,99.75
31039,265.334,124.75,99.75
31041,265.334,124.75,99.75
31043,265.334,124.75,99.75
31045,265.334,124.75,99.75
31047,265.334,124.75,99.75
31049,265.334,124.75,99.75
31051,265.334,124.75,99.75
31053,265.334,124.75,99.75
31055,265.334,124.75,99.75
31057,265.334,124.75,99.75
31059,265.334,124.75,99.75
31061,265.334,124.75,99.75
31063,265.334,124.75,99.75
31065,265.334,124.75,99.75
31067,265.334,124.75,99.75
31069,265.334,124.75,99.75
31071,265.334,124.75,99.75
31073,265.334,124.75,99.75
31075,265.334,124.75,99.75
31077,265.334,124.75,99.75
31079,265.334,124.75,99.75
31081,265.334,124.75,99.75
31083,265.334,124.75,99.75
31085,265.334,124.75,99.75
31087,265.334,124.75,99.75
31089,265.334,124.75,99.75
31091,265.334,124.75,99.75
31093,265.334,124.75,99.75
31095,265.334,124.75,99.75
31097,265.334,124.75,99.75
31099,265.334,124.75,99.75
31101,265.334,124.75,99.75
31103,265.334,124.75,99.75
31105,265.334,124.75,99.75
31107,265.334,124.75,99.75
31109,265.334,124.75,99.75
31111,265.334,124.75,99.75
31113,265.334,124.75,99.75
31115,265.334,124.75,99.75
31117,265.334,124.75,99.75
31119,265.334,124.75,99.75
31121,265.334,124.75,99.75
31123,265.334,124.75,99.75
31125,265.334,124.75,99.75
31127,265.334,124.75,99.75
31129,265.334,124.75,99.75
31131,265.334,124.75,99.75
31133,265.334,124.75,99.75
31135,265.334,124.75,99.75
31137,265.334,124.75,99.75
31139,265.334,124.75,99.75
31141,265.334,124.75,99.75
31143,265.334,124.75,99.75
31145,265.334,124.75,99.75
31147,265.334,124.75,99.75
31149,265.334,124.75,99.75
31151,265.334,124.75,99.75
31153,265.334,124.75,99.75
31155,265.334,124.75,99.75
31157,265.334,124.75,99.75
31159,265.334,124.75,99.75
31161,265.334,124.75,99.75
31163,265.334,124.75,99.75
31165,265.334,124.75,99.75
31167,265.334,124.75,99.75
31169,265.334,124.75,99.75
31171,265.334,124.75,99.75
31173,265.334,124.75,99.75
31175,265.334,124.75,99.75
31177,265.334,124.75,99.75
31179,265.334,124.75,99.75
31181,265.334,124.75,99.75
31183,265.334,124.75,99.75
31185,265.334,124.75,99.75
32001,265.334,124.75,99.75
32003,265.334,124.75,99.75
32005,265.334,124.75,99.75
32007,265.334,124.75,99.75
32009,265.334,124.75,99.75
32011,265.334,124.75,99.75
32013,265.334,124.75,99.75
32015,265.334,124.75,99.75
32017,265.334,124.75,99.75
32019,265.334,124.75,99.75
32021,265.334,124.75,99.75
32023,265.334,124.75,99.75
32027,265.334,124.75,99.75
32029,265.334,124.75,99.75
32031,265.334,124.75,99.75
32033,265.334,124.75,99.75
32510,265.334,124.75,99.75
33001,265.334,124.75,99.75
33003,265.334,124.75,99.75
33005,265.334,124.75,99.75
33007,265.334,124.75,99.75
33009,265.334,124.75,99.75
33011,265.334,124.75,99.75
33013,265.334,124.75,99.75
33015,265.334,124.75,99.75
33017,265.334,124.75,99.75
33019,265.334,124.75,99.75
34001,265.334,124.75,99.75
34003,265.334,124.75,99.75
34005,265.334,124.75,99.75
34007,265.334,124.75,99.75
34009,265.334,124.75,99.75
34011,265.334,124.75,99.75
34013,265.334,124.75,99.75
34015,265.334,124.75,99.75
34017,265.334,124.75,99.75
34019,265.334,124.75,99.75
34021,265.334,124.75,99.75
34023,265.334,124.75,99.75
34025,265.334,124.75,99.75
34027,265.334,124.75,99.75
34029,265.334,124.75,99.75
34031,265.334,124.75,99.75
34033,265.334,124.75,99.75
34035,265.334,124.75,99.75
34037,265.334,124.75,99.75
34039,265.334,124.75,99.75
34041,265.334,124.75,99.75
35001,265.334,124.75,99.75
35003,265.334,124.75,99.75
35005,265.334,124.75,99.75
35006,265.334,124.75,99.75
35007,265.334,124.75,99.75
35009,265.334,124.75,99.75
35011,265.334,124.75,99.75
35013,265.334,124.75,99.75
35015,265.334,124.75,99.75
35017,265.334,124.75,99.75
35019,265.334,124.75,99.75
35021,265.334,124.75,99.75
35023,265.334,124.75,99.75
35025,265.334,124.75,99.75
35027,265.334,124.75,99.75
35028,265.334,124.75,99.75
35029,265.334,124.75,99.75
35031,265.334,124.75,99.75
35033,265.334,124.75,99.75
35035,265.334,124.75,99.75
35037,265.334,124.75,99.75
35039,265.334,124.75,99.75
35041,265.334,124.75,99.75
35043,265.334,124.75,99.75
35045,265.334,124.75,99.75
35047,265.334,124.75,99.75
35049,265.334,124.75,99.75
35051,265.334,124.75,99.75
35053,265.334,124.75,99.75
35055,265.334,124.75,99.75
35057,265.334,124.75,99.75
35059,265.334,124.75,99.75
35061,265.334,124.75,99.75
36001,265.334,124.75,99.75
36003,265.334,124.75,99.75
36005,265.334,124.75,99.75
36007,265.334,124.75,99.75
36009,265.334,124.75,99.75
36011,265.334,124.75,99.75
36013,265.334,124.75,99.75
36015,265.334,124.75,99.75
36017,265.334,124.75,99.75
36019,265.334,124.75,99.75
36021,265.334,124.75,99.75
36023,265.334,124.75,99.75
36025,265.334,124.75,99.75
36027,265.334,124.75,99.75
36029,265.334,124.75,99.75
36031,265.334,124.75,99.75
36033,265.334,124.75,99.75
36035,265.334,124.75,99.75
36037,265.334,124.75,99.75
36039,265.334,124.75,99.75
36041,265.334,124.75,99.75
36043,265.334,124.75,99.75
36045,265.334,124.75,99.75
36047,265.334,124.75,99.75
36049,265.334,124.75,99.75
36051,265.334,124.75,99.75
36053,265.334,124.75,99.75
36055,265.334,124.75,99.75
36057,265.334,124.75,99.75
36059,265.334,124.75,99.75
36061,265.334,124.75,99.75
36063,265.334,124.75,99.75
36065,265.334,124.75,99.75
36067,265.334,124.75,99.75
36069,265.334,124.75,99.75
36071,265.334,124.75,99.75
36073,265.334,124.75,99.75
36075,265.334,124.75,99.75
36077,265.334,124.75,99.75
36079,265.334,124.75,99.75
36081,265.334,124.75,99.75
36083,265.334,124.75,99.75
36085,265.334,124.75,99.75
36087,265.334,124.75,99.75
36089,265.334,124.75,99.75
36091,265.334,124.75,99.75
36093,265.334,124.75,99.75
36095,265.334,124.75,99.75
36097,265.334,124.75,99.75
36099,265.334,124.75,99.75
36101,265.334,124.75,99.75
36103,265.334,124.75,99.75
36105,265.334,124.75,99.75
36107,265.334,124.75,99.75
36109,265.334,124.75,99.75
36111,265.334,124.75,99.75
36113,265.334,124.75,99.75
36115,265.334,124.75,99.75
36117,265.334,124.75,99.75
36119,265.334,124.75,99.75
36121,265.334,124.75,99.75
36123,265.334,124.75,99.75
37001,265.334,124.75,99.75
37003,265.334,124.75,99.75
37005,265.334,124.75,99.75
37007,265.334,124.75,99.75
37009,265.334,124.75,99.75
37011,265.334,124.75,99.75
37013,265.334,124.75,99.75
37015,265.334,124.75,99.75
37017,265.334,124.75,99.75
37019,265.334,124.75,99.75
37021,265.334,124.75,99.75
37023,265.334,124.75,99.75
37025,265.334,124.75,99.75
37027,265.334,124.75,99.75
37029,265.334,124.75,99.75
37031,265.334,124.75,99.75
37033,265.334,124.75,99.75
37035,265.334,124.75,99.75
37037,265.334,124.75,99.75
37039,265.334,124.75,99.75
37041,265.334,124.75,99.75
37043,265.334,124.75,99.75
37045,265.334,124.75,99.75
37047,265.334,124.75,99.75
37049,265.334,124.75,99.75
37051,265.334,124.75,99.75
37053,265.334,124.75,99.75
37055,265.334,124.75,99.75
37057,265.334,124.75,99.75
37059,265.334,124.75,99.75
37061,265.334,124.75,99.75
37063,265.334,124.75,99.75
37065,265.334,124.75,99.75
37067,265.334,124.75,99.75
37069,265.334,124.75,99.75
37071,265.334,124.75,99.75
37073,265.334,124.75,99.75
37075,265.334,124.75,99.75
37077,265.334,124.75,99.75
37079,265.334,124.75,99.75
37081,265.334,124.75,99.75
37083,265.334,124.75,99.75
37085,265.334,124.75,99.75
37087,265.334,124.75,99.75
37089,265.334,124.75,99.75
37091,265.334,124.75,99.75
37093,265.334,124.75,99.75
37095,265.334,124.75,99.75
37097,265.334,124.75,99.75
37099,265.334,124.75,99.75
37101,265.334,124.75,99.75
37103,265.334,124.75,99.75
37105,265.334,124.75,99.75
37107,265.334,124.75,99.75
37109,265.334,124.75,99.75
37111,265.334,124.75,99.75
37113,265.334,124.75,99.75
37115,265.334,124.75,99.75
37117,265.334,124.75,99.75
37119,265.334,124.75,99.75
37121,265.334,124.75,99.75
37123,265.334,124.75,99.75
37125,265.334,124.75,99.75
37127,265.334,124.75,99.75
37129,265.334,124.75,99.75
37131,265.334,124.75,99.75
37133,265.334,124.75,99.75
37135,265.334,124.75,99.75
37137,265.334,124.75,99.75
37139,265.334,124.75,99.75
37141,265.334,124.75,99.75
37143,265.334,124.75,99.75
37145,265.334,124.75,99.75
37147,265.334,124.75,99.75
37149,265.334,124.75,99.75
37151,265.334,124.75,99.75
37153,265.334,124.75,99.75
37155,265.334,124.75,99.75
37157,265.334,124.75,99.75
37159,265.334,124.75,99.75
37161,265.334,124.75,99.75
37163,265.334,124.75,99.75
37165,265.334,124.75,99.75
37167,265.334,124.75,99.75
37169,265.334,124.75,99.75
37171,265.334,124.75,99.75
37173,265.334,124.75,99.75
37175,265.334,124.75,99.75
37177,265.334,124.75,99.75
37179,265.334,124.75,99.75
37181,265.334,124.75,99.75
37183,265.334,124.75,99.75
37185,265.334,124.75,99.75
37187,265.334,124.75,99.75
37189,265.334,124.75,99.75
37191,265.334,124.75,99.75
37193,265.334,124.75,99.75
37195,265.334,124.75,99.75
37197,265.334,124.75,99.75
37199,265.334,124.75,99.75
38001,265.334,124.75,99.75
38003,265.334,124.75,99.75
38005,265.334,124.75,99.75
38007,265.334,124.75,99.75
38009,265.334,124.75,99.75
38011,265.334,124.75,99.75
38013,265.334,124.75,99.75
38015,265.334,124.75,99.75
38017,265.334,124.75,99.75
38019,265.334,124.75,99.75
38021,265.334,124.75,99.75
38023,265.334,124.75,99.75
38025,265.334,124.75,99.75
38027,265.334,124.75,99.75
38029,265.334,124.75,99.75
38031,265.334,124.75,99.75
38033,265.334,124.75,99.75
38035,265.334,124.75,99.75
38037,265.334,124.75,99.75
38039,265.334,124.75,99.75
38041,265.334,124.75,99.75
38043,265.334,124.75,99.75
38045,265.334,124.75,99.75
38047,265.334,124.75,99.75
38049,265.334,124.75,99.75
38051,265.334,124.75,99.75
38053,265.334,124.75,99.75
38055,265.334,124.75,99.75
38057,265.334,124.75,99.75
38059,265.334,124.75,99.75
38061,265.334,124.75,99.75
38063,265.334,124.75,99.75
38065,265.334,124.75,99.75
38067,265.334,124.75,99.75
38069,265.334,124.75,99.75
38071,265.334,124.75,99.75
38073,265.334,124.75,99.75
38075,265.334,124.75,99.75
38077,265.334,124.75,99.75
38079,265.334,124.75,99.75
38081,265.334,124.75,99.75
38083,265.334,124.75,99.75
38085,265.334,124.75,99.75
38087,265.334,124.75,99.75
38089,265.334,124.75,99.75
38091,265.334,124.75,99.75
38093,265.334,124.75,99.75
38095,265.334,124.75,99.75
38097,265.334,124.75,99.75
38099,265.334,124.75,99.75
38101,265.334,124.75,99.75
38103,265.334,124.75,99.75
38105,265.334,124.75,99.75
39001,265.334,124.75,99.75
39003,265.334,124.75,99.75
39005,265.334,124.75,99.75
39007,265.334,124.75,99.75
39009,265.334,124.75,99.75
39011,265.334,124.75,99.75
39013,265.334,124.75,99.75
39015,265.334,124.75,99.75
39017,265.334,124.75,99.75
39019,265.334,124.75,99.75
39021,265.334,124.75,99.75
39023,265.334,124.75,99.75
39025,265.334,124.75,99.75
39027,265.334,124.75,99.75
39029,265.334,124.75,99.75
39031,265.334,124.75,99.75
39033,265.334,124.75,99.75
39035,265.334,124.75,99.75
39037,265.334,124.75,99.75
39039,265.334,124.75,99.75
39041,265.334,124.75,99.75
39043,265.334,124.75,99.75
39045,265.334,124.75,99.75
39047,265.334,124.75,99.75
39049,265.334,124.75,99.75
39051,265.334,124.75,99.75
39053,265.334,124.75,99.75
39055,265.334,124.75,99.75
39057,265.334,124.75,99.75
39059,265.334,124.75,99.75
39061,265.334,124.75,99.75
39063,265.334,124.75,99.75
39065,265.334,124.75,99.75
39067,265.334,124.75,99.75
39069,265.334,124.75,99.75
39071,265.334,124.75,99.75
39073,265.334,124.75,99.75
39075,265.334,124.75,99.75
39077,265.334,124.75,99.75
39079,265.334,124.75,99.75
39081,265.334,124.75,99.75
39083,265.334,124.75,99.75
39085,265.334,124.75,99.75
39087,265.334,124.75,99.75
39089,265.334,124.75,99.75
39091,265.334,124.75,99.75
39093,265.334,124.75,99.75
39095,265.334,124.75,99.75
39097,265.334,124.75,99.75
39099,265.334,124.75,99.75
39101,265.334,124.75,99.75
39103,265.334,124.75,99.75
39105,265.334,124.75,99.75
39107,265.334,124.75,99.75
39109,265.334,124.75,99.75
39111,265.334,124.75,99.75
39113,265.334,124.75,99.75
39115,265.334,124.75,99.75
39117,265.334,124.75,99.75
39119,265.334,124.75,99.75
39121,265.334,124.75,99.75
39123,265.334,124.75,99.75
39125,265.334,124.75,99.75
39127,265.334,124.75,99.75
39129,265.334,124.75,99.75
39131,265.334,124.75,99.75
39133,265.334,124.75,99.75
39135,265.334,124.75,99.75
39137,265.334,124.75,99.75
39139,265.334,124.75,99.75
39141,265.334,124.75,99.75
39143,265.334,124.75,99.75
39145,265.334,124.75,99.75
39147,265.334,124.75,99.75
39149,265.334,124.75,99.75
39151,265.334,124.75,99.75
39153,265.334,124.75,99.75
39155,265.334,124.75,99.75
39157,265.334,124.75,99.75
39159,265.334,124.75,99.75
39161,265.334,124.75,99.75
39163,265.334,124.75,99.75
39165,265.334,124.75,99.75
39167,265.334,124.75,99.75
39169,265.334,124.75,99.75
39171,265.334,124.75,99.75
39173,265.334,124.75,99.75
39175,265.334,124.75,99.75
40001,265.334,124.75,99.75
40003,265.334,124.75,99.75
40005,265.334,124.75,99.75
40007,265.334,124.75,99.75
40009,265.334,124.75,99.75
40011,265.334,124.75,99.75
40013,265.334,124.75,99.75
40015,265.334,124.75,99.75
40017,265.334,124.75,99.75
40019,265.334,124.75,99.75
40021,265.334,124.75,99.75
40023,265.334,124.75,99.75
40025,265.334,124.75,99.75
40027,265.334,124.75,99.75
40029,265.334,124.75,99.75
40031,265.334,124.75,99.75
40033,265.334,124.75,99.75
40035,265.334,124.75,99.75
40037,265.334,124.75,99.75
40039,265.334,124.75,99.75
40041,265.334,124.75,99.75
40043,265.334,124.75,99.75
40045,265.334,124.75,99.75
40047,265.334,124.75,99.75
40049,265.334,124.75,99.75
40051,265.334,124.75,99.75
40053,265.334,124.75,99.75
40055,265.334,124.75,99.75
40057,265.334,124.75,99.75
40059,265.334,124.75,99.75
40061,265.334,124.75,99.75
40063,265.334,124.75,99.75
40065,265.334,124.75,99.75
40067,265.334,124.75,99.75
40069,265.334,124.75,99.75
40071,265.334,124.75,99.75
40073,265.334,124.75,99.75
40075,265.334,124.75,99.75
40077,265.334,124.75,99.75
40079,265.334,124.75,99.75
40081,265.334,124.75,99.75
40083,265.334,124.75,99.75
40085,265.334,124.75,99.75
40087,265.334,124.75,99.75
40089,265.334,124.75,99.75
40091,265.334,124.75,99.75
40093,265.334,124.75,99.75
40095,265.334,124.75,99.75
40097,265.334,124.75,99.75
40099,265.334,124.75,99.75
40101,265.334,124.75,99.75
40103,265.334,124.75,99.75
40105,265.334,124.75,99.75
40107,265.334,124.75,99.75
40109,265.334,124.75,99.75
40111,265.334,124.75,99.75
40113,265.334,124.75,99.75
40115,265.334,124.75,99.75
40117,265.334,124.75,99.75
40119,265.334,124.75,99.75
40121,265.334,124.75,99.75
40123,265.334,124.75,99.75
40125,265.334,124.75,99.75
40127,265.334,124.75,99.75
40129,265.334,124.75,99.75
40131,265.334,124.75,99.75
40133,265.334,124.75,99.75
40135,265.334,124.75,99.75
40137,265.334,124.75,99.75
40139,265.334,124.75,99.75
40141,265.334,124.75,99.75
40143,265.334,124.75,99.75
40145,265.334,124.75,99.75
40147,265.334,124.75,99.75
40149,265.334,124.75,99.75
40151,265.334,124.75,99.75
40153,265.334,124.75,99.75
41001,265.334,124.75,99.75
41003,265.334,124.75,99.75
41005,265.334,124.75,99.75
41007,265.334,124.75,99.75
41009,265.334,124.75,99.75
41011,265.334,124.75,99.75
41013,265.334,124.75,99.75
41015,265.334,124.75,99.75
41017,265.334,124.75,99.75
41019,265.334,124.75,99.75
41021,265.334,124.75,99.75
41023,265.334,124.75,99.75
41025,265.334,124.75,99.75
41027,265.334,124.75,99.75
41029,265.334,124.75,99.75
41031,265.334,124.75,99.75
41033,265.334,124.75,99.75
41035,265.334,124.75,99.75
41037,265.334,124.75,99.75
41039,265.334,124.75,99.75
41041,265.334,124.75,99.75
41043,265.334,124.75,99.75
41045,265.334,124.75,99.75
41047,265.334,124.75,99.75
41049,265.334,124.75,99.75
41051,265.334,124.75,99.75
41053,265.334,124.75,99.75
41055,265.334,124.75,99.75
41057,265.334,124.75,99.75
41059,265.334,124.75,99.75
41061,265.334,124.75,99.75
41063,265.334,124.75,99.75
41065,265.334,124.75,99.75
41067,265.334,124.75,99.75
41069,265.334,124.75,99.75
41071,265.334,124.75,99.75
42001,265.334,124.75,99.75
42003,265.334,124.75,99.75
42005,265.334,124.75,99.75
42007,265.334,124.75,99.75
42009,265.334,124.75,99.75
42011,265.334,124.75,99.75
42013,265.334,124.75,99.75
42015,265.334,124.75,99.75
42017,265.334,124.75,99.75
42019,265.334,124.75,99.75
42021,265.334,124.75,99.75
42023,265.334,124.75,99.75
42025,265.334,124.75,99.75
42027,265.334,124.75,99.75
42029,265.334,124.75,99.75
42031,265.334,124.75,99.75
42033,265.334,124.75,99.75
42035,265.334,124.75,99.75
42037,265.334,124.75,99.75
42039,265.334,124.75,99.75
42041,265.334,124.75,99.75
42043,265.334,124.75,99.75
42045,265.334,124.75,99.75
42047,265.334,124.75,99.75
42049,265.334,124.75,99.75
42051,265.334,124.75,99.75
42053,265.334,124.75,99.75
42055,265.334,124.75,99.75
42057,265.334,124.75,99.75
42059,265.334,124.75,99.75
42061,265.334,124.75,99.75
42063,265.334,124.75,99.75
42065,265.334,124.75,99.75
42067,265.334,124.75,99.75
42069,265.334,124.75,99.75
42071,265.334,124.75,99.75
42073,265.334,124.75,99.75
42075,265.334,124.75,99.75
42077,265.334,124.75,99.75
42079,265.334,124.75,99.75
42081,265.334,124.75,99.75
42083,265.334,124.75,99.75
42085,265.334,124.75,99.75
42087,265.334,124.75,99.75
42089,265.334,124.75,99.75
42091,265.334,124.75,99.75
42093,265.334,124.75,99.75
42095,265.334,124.75,99.75
42097,265.334,124.75,99.75
42099,265.334,124.75,99.75
42101,265.334,124.75,99.75
42103,265.334,124.75,99.75
42105,265.334,124.75,99.75
42107,265.334,124.75,99.75
42109,265.334,124.75,99.75
42111,265.334,124.75,99.75
42113,265.334,124.75,99.75
42115,265.334,124.75,99.75
42117,265.334,124.75,99.75
42119,265.334,124.75,99.75
42121,265.334,124.75,99.75
42123,265.334,124.75,99.75
42125,265.334,124.75,99.75
42127,265.334,124.75,99.75
42129,265.334,124.75,99.75
42131,265.334,124.75,99.75
42133,265.334,124.75,99.75
44001,265.334,124.75,99.75
44003,265.334,124.75,99.75
44005,265.334,124.75,99.75
44007,265.334,124.75,99.75
44009,265.334,124.75,99.75
45001,265.334,124.75,99.75
45003,265.334,124.75,99.75
45005,265.334,124.75,99.75
45007,265.334,124.75,99.75
45009,265.334,124.75,99.75
45011,265.334,124.75,99.75
45013,265.334,124.75,99.75
45015,265.334,124.75,99.75
45017,265.334,124.75,99.75
45019,265.334,124.75,99.75
45021,265.334,124.75,99.75
45023,265.334,124.75,99.75
45025,265.334,124.75,99.75
45027,265.334,124.75,99.75
45029,265.334,124.75,99.75
45031,265.334,124.75,99.75
45033,265.334,124.75,99.75
45035,265.334,124.75,99.75
45037,265.334,124.75,99.75
45039,265.334,124.75,99.75
45041,265.334,124.75,99.75
45043,265.334,124.75,99.75
45045,265.334,124.75,99.75
45047,265.334,124.75,99.75
45049,265.334,124.75,99.75
45051,265.334,124.75,99.75
45053,265.334,124.75,99.75
45055,265.334,124.75,99.75
45057,265.334,124.75,99.75
45059,265.334,124.75,99.75
45061,265.334,124.75,99.75
45063,265.334,124.75,99.75
45065,265.334,124.75,99.75
45067,265.334,124.75,99.75
45069,265.334,124.75,99.75
45071,265.334,124.75,99.75
45073,265.334,124.75,99.75
45075,265.334,124.75,99.75
45077,265.334,124.75,99.75
45079,265.334,124.75,99.75
45081,265.334,124.75,99.75
45083,265.334,124.75,99.75
45085,265.334,124.75,99.75
45087,265.334,124.75,99.75
45089,265.334,124.75,99.75
45091,265.334,124.75,99.75
46003,265.334,124.75,99.75
46005,265.334,124.75,99.75
46007,265.334,124.75,99.75
46009,265.334,124.75,99.75
46011,265.334,124.75,99.75
46013,265.334,124.75,99.75
46015,265.334,124.75,99.75
46017,265.334,124.75,99.75
46019,265.334,124.75,99.75
46021,265.334,124.75,99.75
46023,265.334,124.75,99.75
46025,265.334,124.75,99.75
46027,265.334,124.75,99.75
46029,265.334,124.75,99.75
46031,265.334,124.75,99.75
46033,265.334,124.75,99.75
46035,265.334,124.75,99.75
46037,265.334,124.75,99.75
46039,265.334,124.75,99.75
46041,265.334,124.75,99.75
46043,265.334,124.75,99.75
46045,265.334,124.75,99.75
46047,265.334,124.75,99.75
46049,265.334,124.75,99.75
46051,265.334,124.75,99.75
46053,265.334,124.75,99.75
46055,265.334,124.75,99.75
46057,265.334,124.75,99.75
46059,265.334,124.75,99.75
46061,265.334,124.75,99.75
46063,265.334,124.75,99.75
46065,265.334,124.75,99.75
46067,265.334,124.75,99.75
46069,265.334,124.75,99.75
46071,265.334,124.75,99.75
46073,265.334,124.75,99.75
46075,265.334,124.75,99.75
46077,265.334,124.75,99.75
46079,265.334,124.75,99.75
46081,265.334,124.75,99.75
46083,265.334,124.75,99.75
46085,265.334,124.75,99.75
46087,265.334,124.75,99.75
46089,265.334,124.75,99.75
46091,265.334,124.75,99.75
46093,265.334,124.75,99.75
46095,265.334,124.75,99.75
46097,265.334,124.75,99.75
46099,265.334,124.75,99.75
46101,265.334,124.75,99.75
46102,265.334,124.75,99.75
46103,265.334,124.75,99.75
46105,265.334,124.75,99.75
46107,265.334,124.75,99.75
46109,265.334,124.75,99.75
46111,265.334,124.75,99.75
46115,265.334,124.75,99.75
46117,265.334,124.75,99.75
46119,265.334,124.75,99.75
46121,265.334,124.75,99.75
46123,265.334,124.75,99.75
46125,265.334,124.75,99.75
46127,265.334,124.75,99.75
46129,265.334,124.75,99.75
46135,265.334,124.75,99.75
46137,265.334,124.75,99.75
47001,265.334,124.75,99.75
47003,265.334,124.75,99.75
47005,265.334,124.75,99.75
47007,265.334,124.75,99.75
47009,265.334,124.75,99.75
47011,265.334,124.75,99.75
47013,265.334,124.75,99.75
47015,265.334,124.75,99.75
47017,265.334,124.75,99.75
47019,265.334,124.75,99.75
47021,265.334,124.75,99.75
47023,265.334,124.75,99.75
47025,265.334,124.75,99.75
47027,265.334,124.75,99.75
47029,265.334,124.75,99.75
47031,265.334,124.75,99.75
47033,265.334,124.75,99.75
47035,265.334,124.75,99.75
47037,265.334,124.75,99.75
47039,265.334,124.75,99.75
47041,265.334,124.75,99.75
47043,265.334,124.75,99.75
47045,265.334,124.75,99.75
47047,265.334,124.75,99.75
47049,265.334,124.75,99.75
47051,265.334,124.75,99.75
47053,265.334,124.75,99.75
47055,265.334,124.75,99.75
47057,265.334,124.75,99.75
47059,265.334,124.75,99.75
47061,265.334,124.75,99.75
47063,265.334,124.75,99.75
47065,265.334,124.75,99.75
47067,265.334,124.75,99.75
47069,265.334,124.75,99.75
47071,265.334,124.75,99.75
47073,265.334,124.75,99.75
47075,265.334,124.75,99.75
47077,265.334,124.75,99.75
47079,265.334,124.75,99.75
47081,265.334,124.75,99.75
47083,265.334,124.75,99.75
47085,265.334,124.75,99.75
47087,265.334,124.75,99.75
47089,265.334,124.75,99.75
47091,265.334,124.75,99.75
47093,265.334,124.75,99.75
47095,265.334,124.75,99.75
47097,265.334,124.75,99.75
47099,265.334,124.75,99.75
47101,265.334,124.75,99.75
47103,265.334,124.75,99.75
47105,265.334,124.75,99.75
47107,265.334,124.75,99.75
47109,265.334,124.75,99.75
47111,265.334,124.75,99.75
47113,265.334,124.75,99.75
47115,265.334,124.75,99.75
47117,265.334,124.75,99.75
47119,265.334,124.75,99.75
47121,265.334,124.75,99.75
47123,265.334,124.75,99.75
47125,265.334,124.75,99.75
47127,265.334,124.75,99.75
47129,265.334,124.75,99.75
47131,265.334,124.75,99.75
47133,265.334,124.75,99.75
47135,265.334,124.75,99.75
47137,265.334,124.75,99.75
47139,265.334,124.75,99.75
47141,265.334,124.75,99.75
47143,265.334,124.75,99.75
47145,265.334,124.75,99.75
47147,265.334,124.75,99.75
47149,265.334,124.75,99.75
47151,265.334,124.75,99.75
47153,265.334,124.75,99.75
47155,265.334,124.75,99.75
47157,265.334,124.75,99.75
47159,265.334,124.75,99.75
47161,265.334,124.75,99.75
47163,265.334,124.75,99.75
47165,265.334,124.75,99.75
47167,265.334,124.75,99.75
47169,265.334,124.75,99.75
47171,265.334,124.75,99.75
47173,265.334,124.75,99.75
47175,265.334,124.75,99.75
47177,265.334,124.75,99.75
47179,265.334,124.75,99.75
47181,265.334,124.75,99.75
47183,265.334,124.75,99.75
47185,265.334,124.75,99.75
47187,265.334,124.75,99.75
47189,265.334,124.75,99.75
48001,265.334,124.75,99.75
48003,265.334,124.75,99.75
48005,265.334,124.75,99.75
48007,265.334,124.75,99.75
48009,265.334,124.75,99.75
48011,265.334,124.75,99.75
48013,265.334,124.75,99.75
48015,265.334,124.75,99.75
48017,265.334,124.75,99.75
48019,265.334,124.75,99.75
48021,265.334,124.75,99.75
48023,265.334,124.75,99.75
48025,265.334,124.75,99.75
48027,265.334,124.75,99.75
48029,265.334,124.75,99.75
48031,265.334,124.75,99.75
48033,265.334,124.75,99.75
48035,265.334,124.75,99.75
48037,265.334,124.75,99.75
48039,265.334,124.75,99.75
48041,265.334,124.75,99.75
48043,265.334,124.75,99.75
48045,265.334,124.75,99.75
48047,265.334,124.75,99.75
48049,265.334,124.75,99.75
48051,265.334,124.75,99.75
48053,265.334,124.75,99.75
48055,265.334,124.75,99.75
48057,265.334,124.75,99.75
48059,265.334,124.75,99.75
48061,265.334,124.75,99.75
48063,265.334,124.75,99.75
48065,265.334,124.75,99.75
48067,265.334,124.75,99.75
48069,265.334,124.75,99.75
48071,265.334,124.75,99.75
48073,265.334,124.75,99.75
48075,265.334,124.75,99.75
48077,265.334,124.75,99.75
48079,265.334,124.75,99.75
48081,265.334,124.75,99.75
48083,265.334,124.75,99.75
48085,265.334,124.75,99.75
48087,265.334,124.75,99.75
48089,265.334,124.75,99.75
48091,265.334,124.75,99.75
48093,265.334,124.75,99.75
48095,265.334,124.75,99.75
48097,265.334,124.75,99.75
48099,265.334,124.75,99.75
48101,265.334,124.75,99.75
48103,265.334,124.75,99.75
48105,265.334,124.75,99.75
48107,265.334,124.75,99.75
48109,265.334,124.75,99.75
48111,265.334,124.75,99.75
48113,265.334,124.75,99.75
48115,265.334,124.75,99.75
48117,265.334,124.75,99.75
48119,265.334,124.75,99.75
48121,265.334,124.75,99.75
48123,265.334,124.75,99.75
48125,265.334,124.75,99.75
48127,265.334,124.75,99.75
48129,265.334,124.75,99.75
48131,265.334,124.75,99.75
48133,265.334,124.75,99.75
48135,265.334,124.75,99.75
48137,265.334,124.75,99.75
48139,265.334,124.75,99.75
48141,265.334,124.75,99.75
48143,265.334,124.75,99.75
48145,265.334,124.75,99.75
48147,265.334,124.75,99.75
48149,265.334,124.75,99.75
48151,265.334,124.75,99.75
48153,265.334,124.75,99.75
48155,265.334,124.75,99.75
48157,265.334,124.75,99.75
48159,265.334,124.75,99.75
48161,265.334,124.75,99.75
48163,265.334,124.75,99.75
48165,265.334,124.75,99.75
48167,265.334,124.75,99.75
48169,265.334,124.75,99.75
48171,265.334,124.75,99.75
48173,265.334,124.75,99.75
48175,265.334,124.75,99.75
48177,265.334,124.75,99.75
48179,265.334,124.75,99.75
48181,265.334,124.75,99.75
48183,265.334,124.75,99.75
48185,265.334,124.75,99.75
48187,265.334,124.75,99.75
48189,265.334,124.75,99.75
48191,265.334,124.75,99.75
48193,265.334,124.75,99.75
48195,265.334,124.75,99.75
48197,265.334,124.75,99.75
48199,265.334,124.75,99.75
48201,265.334,124.75,99.75
48203,265.334,124.75,99.75
48205,265.334,124.75,99.75
48207,265.334,124.75,99.75
48209,265.334,124.75,99.75
48211,265.334,124.75,99.75
48213,265.334,124.75,99.75
48215,265.334,124.75,99.75
48217,265.334,124.75,99.75
48219,265.334,124.75,99.75
48221,265.334,124.75,99.75
48223,265.334,124.75,99.75
48225,265.334,124.75,99.75
48227,265.334,124.75,99.75
48229,265.334,124.75,99.75
48231,265.334,124.75,99.75
48233,265.334,124.75,99.75
48235,265.334,124.75,99.75
48237,265.334,124.75,99.75
48239,265.334,124.75,99.75
48241,265.334,124.75,99.75
48243,265.334,124.75,99.75
48245,265.334,124.75,99.75
48247,265.334,124.75,99.75
48249,265.334,124.75,99.75
48251,265.334,124.75,99.75
48253,265.334,124.75,99.75
48255,265.334,124.75,99.75
48257,265.334,124.75,99.75
48259,265.334,124.75,99.75
48261,265.334,124.75,99.75
48263,265.334,124.75,99.75
48265,265.334,124.75,99.75
48267,265.334,124.75,99.75
48269,265.334,124.75,99.75
48271,265.334,124.75,99.75
48273,265.334,124.75,99.75
48275,265.334,124.75,99.75
48277,265.334,124.75,99.75
48279,265.334,124.75,99.75
48281,265.334,124.75,99.75
48283,265.334,124.75,99.75
48285,265.334,124.75,99.75
48287,265.334,124.75,99.75
48289,265.334,124.75,99.75
48291,265.334,124.75,99.75
48293,265.334,124.75,99.75
48295,265.334,124.75,99.75
48297,265.334,124.75,99.75
48299,265.334,124.75,99.75
48301,265.334,124.75,99.75
48303,265.334,124.75,99.75
48305,265.334,124.75,99.75
48307,265.334,124.75,99.75
48309,265.334,124.75,99.75
48311,265.334,124.75,99.75
48313,265.334,124.75,99.75
48315,265.334,124.75,99.75
48317,265.334,124.75,99.75
48319,265.334,124.75,99.75
48321,265.334,124.75,99.75
48323,265.334,124.75,99.75
48325,265.334,124.75,99.75
48327,265.334,124.75,99.75
48329,265.334,124.75,99.75
48331,265.334,124.75,99.75
48333,265.334,124.75,99.75
48335,265.334,124.75,99.75
48337,265.334,124.75,99.75
48339,265.334,124.75,99.75
48341,265.334,124.75,99.75
48343,265.334,124.75,99.75
48345,265.334,124.75,99.75
48347,265.334,124.75,99.75
48349,265.334,124.75,99.75
48351,265.334,124.75,99.75
48353,265.334,124.75,99.75
48355,265.334,124.75,99.75
48357,265.334,124.75,99.75
48359,265.334,124.75,99.75
48361,265.334,124.75,99.75
48363,265.334,124.75,99.75
48365,265.334,124.75,99.75
48367,265.334,124.75,99.75
48369,265.334,124.75,99.75
48371,265.334,124.75,99.75
48373,265.334,124.75,99.75
48375,265.334,124.75,99.75
48377,265.334,124.75,99.75
48379,265.334,124.75,99.75
48381,265.334,124.75,99.75
48383,265.334,124.75,99.75
48385,265.334,124.75,99.75
48387,265.334,124.75,99.75
48389,265.334,124.75,99.75
48391,265.334,124.75,99.75
48393,265.334,124.75,99.75
48395,265.334,124.75,99.75
48397,265.334,124.75,99.75
48399,265.334,124.75,99.75
48401,265.334,124.75,99.75
48403,265.334,124.75,99.75
48405,265.334,124.75,99.75
48407,265.334,124.75,99.75
48409,265.334,124.75,99.75
48411,265.334,124.75,99.75
48413,265.334,124.75,99.75
48415,265.334,124.75,99.75
48417,265.334,124.75,99.75
48419,265.334,124.75,99.75
48421,265.334,124.75,99.75
48423,265.334,124.75,99.75
48425,265.334,124.75,99.75
48427,265.334,124.75,99.75
48429,265.334,124.75,99.75
48431,265.334,124.75,99.75
48433,265.334,124.75,99.75
48435,265.334,124.75,99.75
48437,265.334,124.75,99.75
48439,265.334,124.75,99.75
48441,265.334,124.75,99.75
48443,265.334,124.75,99.75
48445,265.334,124.75,99.75
48447,265.334,124.75,99.75
48449,265.334,124.75,99.75
48451,265.334,124.75,99.75
48453,265.334,124.75,99.75
48455,265.334,124.75,99.75
48457,265.334,124.75,99.75
48459,265.334,124.75,99.75
48461,265.334,124.75,99.75
48463,265.334,124.75,99.75
48465,265.334,124.75,99.75
48467,265.334,124.75,99.75
48469,265.334,124.75,99.75
48471,265.334,124.75,99.75
48473,265.334,124.75,99.75
48475,265.334,124.75,99.75
48477,265.334,124.75,99.75
48479,265.334,124.75,99.75
48481,265.334,124.75,99.75
48483,265.334,124.75,99.75
48485,265.334,124.75,99.75
48487,265.334,124.75,99.75
48489,265.334,124.75,99.75
48491,265.334,124.75,99.75
48493,265.334,124.75,99.75
48495,265.334,124.75,99.75
48497,265.334,124.75,99.75
48499,265.334,124.75,99.75
48501,265.334,124.75,99.75
48503,265.334,124.75,99.75
48505,265.334,124.75,99.75
48507,265.334,124.75,99.75
49001,265.334,124.75,99.75
49003,265.334,124.75,99.75
49005,265.334,124.75,99.75
49007,265.334,124.75,99.75
49009,265.334,124.75,99.75
49011,265.334,124.75,99.75
49013,265.334,124.75,99.75
49015,265.334,124.75,99.75
49017,265.334,124.75,99.75
49019,265.334,124.75,99.75
49021,265.334,124.75,99.75
49023,265.334,124.75,99.75
49025,265.334,124.75,99.75
49027,265.334,124.75,99.75
49029,265.334,124.75,99.75
49031,265.334,124.75,99.75
49033,265.334,124.75,99.75
49035,265.334,124.75,99.75
49037,265.334,124.75,99.75
49039,265.334,124.75,99.75
49041,265.334,124.75,99.75
49043,265.334,124.75,99.75
49045,265.334,124.75,99.75
49047,265.334,124.75,99.75
49049,265.334,124.75,99.75
49051,265.334,124.75,99.75
49053,265.334,124.75,99.75
49055,265.334,124.75,99.75
49057,265.334,124.75,99.75
50001,265.334,124.75,99.75
50003,265.334,124.75,99.75
50005,265.334,124.75,99.75
50007,265.334,124.75,99.75
50009,265.334,124.75,99.75
50011,265.334,124.75,99.75
50013,265.334,124.75,99.75
50015,265.334,124.75,99.75
50017,265.334,124.75,99.75
50019,265.334,124.75,99.75
50021,265.334,124.75,99.75
50023,265.334,124.75,99.75
50025,265.334,124.75,99.75
50027,265.334,124.75,99.75
51001,265.334,124.75,99.75
51003,265.334,124.75,99.75
51005,265.334,124.75,99.75
51007,265.334,124.75,99.75
51009,265.334,124.75,99.75
51011,265.334,124.75,99.75
51013,265.334,124.75,99.75
51015,265.334,124.75,99.75
51017,265.334,124.75,99.75
51019,265.334,124.75,99.75
51021,265.334,124.75,99.75
51023,265.334,124.75,99.75
51025,265.334,124.75,99.75
51027,265.334,124.75,99.75
51029,265.334,124.75,99.75
51031,265.334,124.75,99.75
51033,265.334,124.75,99.75
51035,265.334,124.75,99.75
51036,265.334,124.75,99.75
51037,265.334,124.75,99.75
51041,265.334,124.75,99.75
51043,265.334,124.75,99.75
51045,265.334,124.75,99.75
51047,265.334,124.75,99.75
51049,265.334,124.75,99.75
51051,265.334,124.75,99.75
51053,265.334,124.75,99.75
51057,265.334,124.75,99.75
51059,265.334,124.75,99.75
51061,265.334,124.75,99.75
51063,265.334,124.75,99.75
51065,265.334,124.75,99.75
51067,265.334,124.75,99.75
51069,265.334,124.75,99.75
51071,265.334,124.75,99.75
51073,265.334,124.75,99.75
51075,265.334,124.75,99.75
51077,265.334,124.75,99.75
51079,265.334,124.75,99.75
51081,265.334,124.75,99.75
51083,265.334,124.75,99.75
51085,265.334,124.75,99.75
51087,265.334,124.75,99.75
51089,265.334,124.75,99.75
51091,265.334,124.75,99.75
51093,265.334,124.75,99.75
51095,265.334,124.75,99.75
51097,265.334,124.75,99.75
51099,265.334,124.75,99.75
51101,265.334,124.75,99.75
51103,265.334,124.75,99.75
51105,265.334,124.75,99.75
51107,265.334,124.75,99.75
51109,265.334,124.75,99.75
51111,265.334,124.75,99.75
51113,265.334,124.75,99.75
51115,265.334,124.75,99.75
51117,265.334,124.75,99.75
51119,265.334,124.75,99.75
51121,265.334,124.75,99.75
51125,265.334,124.75,99.75
51127,265.334,124.75,99.75
51131,265.334,124.75,99.75
51133,265.334,124.75,99.75
51135,265.334,124.75,99.75
51137,265.334,124.75,99.75
51139,265.334,124.75,99.75
51141,265.334,124.75,99.75
51143,265.334,124.75,99.75
51145,265.334,124.75,99.75
51147,265.334,124.75,99.75
51149,265.334,124.75,99.75
51153,265.334,124.75,99.75
51155,265.334,124.75,99.75
51157,265.334,124.75,99.75
51159,265.334,124.75,99.75
51161,265.334,124.75,99.75
51163,265.334,124.75,99.75
51165,265.334,124.75,99.75
51167,265.334,124.75,99.75
51169,265.334,124.75,99.75
51171,265.334,124.75,99.75
51173,265.334,124.75,99.75
51175,265.334,124.75,99.75
51177,265.334,124.75,99.75
51179,265.334,124.75,99.75
51181,265.334,124.75,99.75
51183,265.334,124.75,99.75
51185,265.334,124.75,99.75
51187,265.334,124.75,99.75
51191,265.334,124.75,99.75
51193,265.334,124.75,99.75
51195,265.334,124.75,99.75
51197,265.334,124.75,99.75
51199,265.334,124.75,99.75
51510,265.334,124.75,99.75
51520,265.334,124.75,99.75
51530,265.334,124.75,99.75
51540,265.334,124.75,99.75
51550,265.334,124.75,99.75
51570,265.334,124.75,99.75
51580,265.334,124.75,99.75
51590,265.334,124.75,99.75
51595,265.334,124.75,99.75
51600,265.334,124.75,99.75
51610,265.334,124.75,99.75
51620,265.334,124.75,99.75
51630,265.334,124.75,99.75
51640,265.334,124.75,99.75
51650,265.334,124.75,99.75
51660,265.334,124.75,99.75
51670,265.334,124.75,99.75
51678,265.334,124.75,99.75
51680,265.334,124.75,99.75
51683,265.334,124.75,99.75
51685,265.334,124.75,99.75
51690,265.334,124.75,99.75
51700,265.334,124.75,99.75
51710,265.334,124.75,99.75
51720,265.334,124.75,99.75
51730,265.334,124.75,99.75
51735,265.334,124.75,99.75
51740,265.334,124.75,99.75
51750,265.334,124.75,99.75
51760,265.334,124.75,99.75
51770,265.334,124.75,99.75
51775,265.334,124.75,99.75
51790,265.334,124.75,99.75
51800,265.334,124.75,99.75
51810,265.334,124.75,99.75
51820,265.334,124.75,99.75
51830,265.334,124.75,99.75
51840,265.334,124.75,99.75
53001,265.334,124.75,99.75
53003,265.334,124.75,99.75
53005,265.334,124.75,99.75
53007,265.334,124.75,99.75
53009,265.334,124.75,99.75
53011,265.334,124.75,99.75
53013,265.334,124.75,99.75
53015,265.334,124.75,99.75
53017,265.334,124.75,99.75
53019,265.334,124.75,99.75
53021,265.334,124.75,99.75
53023,265.334,124.75,99.75
53025,265.334,124.75,99.75
53027,265.334,124.75,99.75
53029,265.334,124.75,99.75
53031,265.334,124.75,99.75
53033,265.334,124.75,99.75
53035,265.334,124.75,99.75
53037,265.334,124.75,99.75
53039,265.334,124.75,99.75
53041,265.334,124.75,99.75
53043,265.334,124.75,99.75
53045,265.334,124.75,99.75
53047,265.334,124.75,99.75
53049,265.334,124.75,99.75
53051,265.334,124.75,99.75
53053,265.334,124.75,99.75
53055,265.334,124.75,99.75
53057,265.334,124.75,99.75
53059,265.334,124.75,99.75
53061,265.334,124.75,99.75
53063,265.334,124.75,99.75
53065,265.334,124.75,99.75
53067,265.334,124.75,99.75
53069,265.334,124.75,99.75
53071,265.334,124.75,99.75
53073,265.334,124.75,99.75
53075,265.334,124.75,99.75
53077,265.334,124.75,99.75
54001,265.334,124.75,99.75
54003,265.334,124.75,99.75
54005,265.334,124.75,99.75
54007,265.334,124.75,99.75
54009,265.334,124.75,99.75
54011,265.334,124.75,99.75
54013,265.334,124.75,99.75
54015,265.334,124.75,99.75
54017,265.334,124.75,99.75
54019,265.334,124.75,99.75
54021,265.334,124.75,99.75
54023,265.334,124.75,99.75
54025,265.334,124.75,99.75
54027,265.334,124.75,99.75
54029,265.334,124.75,99.75
54031,265.334,124.75,99.75
54033,265.334,124.75,99.75
54035,265.334,124.75,99.75
54037,265.334,124.75,99.75
54039,265.334,124.75,99.75
54041,265.334,124.75,99.75
54043,265.334,124.75,99.75
54045,265.334,124.75,99.75
54047,265.334,124.75,99.75
54049,265.334,124.75,99.75
54051,265.334,124.75,99.75
54053,265.334,124.75,99.75
54055,265.334,124.75,99.75
54057,265.334,124.75,99.75
54059,265.334,124.75,99.75
54061,265.334,124.75,99.75
54063,265.334,124.75,99.75
54065,265.334,124.75,99.75
54067,265.334,124.75,99.75
54069,265.334,124.75,99.75
54071,265.334,124.75,99.75
54073,265.334,124.75,99.75
54075,265.334,124.75,99.75
54077,265.334,124.75,99.75
54079,265.334,124.75,99.75
54081,265.334,124.75,99.75
54083,265.334,124.75,99.75
54085,265.334,124.75,99.75
54087,265.334,124.75,99.75
54089,265.334,124.75,99.75
54091,265.334,124.75,99.75
54093,265.334,124.75,99.75
54095,265.334,124.75,99.75
54097,265.334,124.75,99.75
54099,265.334,124.75,99.75
54101,265.334,124.75,99.75
54103,265.334,124.75,99.75
54105,265.334,124.75,99.75
54107,265.334,124.75,99.75
54109,265.334,124.75,99.75
55001,265.334,124.75,99.75
55003,265.334,124.75,99.75
55005,265.334,124.75,99.75
55007,265.334,124.75,99.75
55009,265.334,124.75,99.75
55011,265.334,124.75,99.75
55013,265.334,124.75,99.75
55015,265.334,124.75,99.75
55017,265.334,124.75,99.75
55019,265.334,124.75,99.75
55021,265.334,124.75,99.75
55023,265.334,124.75,99.75
55025,265.334,124.75,99.75
55027,265.334,124.75,99.75
55029,265.334,124.75,99.75
55031,265.334,124.75,99.75
55033,265.334,124.75,99.75
55035,265.334,124.75,99.75
55037,265.334,124.75,99.75
55039,265.334,124.75,99.75
55041,265.334,124.75,99.75
55043,265.334,124.75,99.75
55045,265.334,124.75,99.75
55047,265.334,124.75,99.75
55049,265.334,124.75,99.75
55051,265.334,124.75,99.75
55053,265.334,124.75,99.75
55055,265.334,124.75,99.75
55057,265.334,124.75,99.75
55059,265.334,124.75,99.75
55061,265.334,124.75,99.75
55063,265.334,124.75,99.75
55065,265.334,124.75,99.75
55067,265.334,124.75,99.75
55069,265.334,124.75,99.75
55071,265.334,124.75,99.75
55073,265.334,124.75,99.75
55075,265.334,124.75,99.75
55077,265.334,124.75,99.75
55078,265.334,124.75,99.75
55079,265.334,124.75,99.75
55081,265.334,124.75,99.75
55083,265.334,124.75,99.75
55085,265.334,124.75,99.75
55087,265.334,124.75,99.75
55089,265.334,124.75,99.75
55091,265.334,124.75,99.75
55093,265.334,124.75,99.75
55095,265.334,124.75,99.75
55097,265.334,124.75,99.75
55099,265.334,124.75,99.75
55101,265.334,124.75,99.75
55103,265.334,124.75,99.75
55105,265.334,124.75,99.75
55107,265.334,124.75,99.75
55109,265.334,124.75,99.75
55111,265.334,124.75,99.75
55113,265.334,124.75,99.75
55115,265.334,124.75,99.75
55117,265.334,124.75,99.75
55119,265.334,124.75,99.75
55121,265.334,124.75,99.75
55123,265.334,124.75,99.75
55125,265.334,124.75,99.75
55127,265.334,124.75,99.75
55129,265.334,124.75,99.75
55131,265.334,124.75,99.75
55133,265.334,124.75,99.75
55135,265.334,124.75,99.75
55137,265.334,124.75,99.75
55139,265.334,124.75,99.75
55141,265.334,124.75,99.75
56001,265.334,124.75,99.75
56003,265.334,124.75,99.75
56005,265.334,124.75,99.75
56007,265.334,124.75,99.75
56009,265.334,124.75,99.75
56011,265.334,124.75,99.75
56013,265.334,124.75,99.75
56015,265.334,124.75,99.75
56017,265.334,124.75,99.75
56019,265.334,124.75,99.75
56021,265.334,124.75,99.75
56023,265.334,124.75,99.75
56025,265.334,124.75,99.75
56027,265.334,124.75,99.75
56029,265.334,124.75,99.75
56031,265.334,124.75,99.75
56033,265.334,124.75,99.75
56035,265.334,124.75,99.75
56037,265.334,124.75,99.75
56039,265.334,124.75,99.75
56041,265.334,124.75,99.75
56043,265.334,124.75,99.75
56045,265.334,124.75,99.75
