fips,2022,2023
01,12.01,15.91
01001,12.01,15.91
01003,12.01,15.91
01005,12.01,15.91
01007,12.01,15.91
01009,12.01,15.91
01011,12.01,15.91
01013,12.01,15.91
01015,12.01,15.91
01017,12.01,15.91
01019,12.01,15.91
01021,12.01,15.91
01023,12.01,15.91
01025,12.01,15.91
01027,12.01,15.91
01029,12.01,15.91
01031,12.01,15.91
01033,12.01,15.91
01035,12.01,15.91
01037,12.01,15.91
01039,12.01,15.91
01041,12.01,15.91
01043,12.01,15.91
01045,12.01,15.91
01047,12.01,15.91
01049,12.01,15.91
01051,12.01,15.91
01053,12.01,15.91
01055,12.01,15.91
01057,12.01,15.91
01059,12.01,15.91
01061,12.01,15.91
01063,12.01,15.91
01065,12.01,15.91
01067,12.01,15.91
01069,12.01,15.91
01071,12.01,15.91
01073,12.01,15.91
01075,12.01,15.91
01077,12.01,15.91
01079,12.01,15.91
01081,12.01,15.91
01083,12.01,15.91
01085,12.01,15.91
01087,12.01,15.91
01089,12.01,15.91
01091,12.01,15.91
01093,12.01,15.91
01095,12.01,15.91
01097,12.01,15.91
01099,12.01,15.91
01101,12.01,15.91
01103,12.01,15.91
01105,12.01,15.91
01107,12.01,15.91
01109,12.01,15.91
01111,12.01,15.91
01113,12.01,15.91
01115,12.01,15.91
01117,12.01,15.91
01119,12.01,15.91
01121,12.01,15.91
01123,12.01,15.91
01125,12.01,15.91
01127,12.01,15.91
01129,12.01,15.91
01131,12.01,15.91
01133,12.01,15.91
04001,12.01,15.91
04003,12.01,15.91
04005,12.01,15.91
04007,12.01,15.91
04009,12.01,15.91
04011,12.01,15.91
04012,12.01,15.91
04013,12.01,15.91
04015,12.01,15.91
04017,12.01,15.91
04019,12.01,15.91
04021,12.01,15.91
04023,12.01,15.91
04025,12.01,15.91
04027,12.01,15.91
05001,12.01,15.91
05003,12.01,15.91
05005,12.01,15.91
05007,12.01,15.91
05009,12.01,15.91
05011,12.01,15.91
05013,12.01,15.91
05015,12.01,15.91
05017,12.01,15.91
05019,12.01,15.91
05021,12.01,15.91
05023,12.01,15.91
05025,12.01,15.91
05027,12.01,15.91
05029,12.01,15.91
05031,12.01,15.91
05033,12.01,15.91
05035,12.01,15.91
05037,12.01,15.91
05039,12.01,15.91
05041,12.01,15.91
05043,12.01,15.91
05045,12.01,15.91
05047,12.01,15.91
05049,12.01,15.91
05051,12.01,15.91
05053,12.01,15.91
05055,12.01,15.91
05057,12.01,15.91
05059,12.01,15.91
05061,12.01,15.91
05063,12.01,15.91
05065,12.01,15.91
05067,12.01,15.91
05069,12.01,15.91
05071,12.01,15.91
05073,12.01,15.91
05075,12.01,15.91
05077,12.01,15.91
05079,12.01,15.91
05081,12.01,15.91
05083,12.01,15.91
05085,12.01,15.91
05087,12.01,15.91
05089,12.01,15.91
05091,12.01,15.91
05093,12.01,15.91
05095,12.01,15.91
05097,12.01,15.91
05099,12.01,15.91
05101,12.01,15.91
05103,12.01,15.91
05105,12.01,15.91
05107,12.01,15.91
05109,12.01,15.91
05111,12.01,15.91
05113,12.01,15.91
05115,12.01,15.91
05117,12.01,15.91
05119,12.01,15.91
05121,12.01,15.91
05123,12.01,15.91
05125,12.01,15.91
05127,12.01,15.91
05129,12.01,15.91
05131,12.01,15.91
05133,12.01,15.91
05135,12.01,15.91
05137,12.01,15.91
05139,12.01,15.91
05141,12.01,15.91
05143,12.01,15.91
05145,12.01,15.91
05147,12.01,15.91
05149,12.01,15.91
06001,12.01,15.91
06003,12.01,15.91
06005,12.01,15.91
06007,12.01,15.91
06009,12.01,15.91
06011,12.01,15.91
06013,12.01,15.91
06015,12.01,15.91
06017,12.01,15.91
06019,12.01,15.91
06021,12.01,15.91
06023,12.01,15.91
06025,12.01,15.91
06027,12.01,15.91
06029,12.01,15.91
06031,12.01,15.91
06033,12.01,15.91
06035,12.01,15.91
06037,12.01,15.91
06039,12.01,15.91
06041,12.01,15.91
06043,12.01,15.91
06045,12.01,15.91
06047,12.01,15.91
06049,12.01,15.91
06051,12.01,15.91
06053,12.01,15.91
06055,12.01,15.91
06057,12.01,15.91
06059,12.01,15.91
06061,12.01,15.91
06063,12.01,15.91
06065,12.01,15.91
06067,12.01,15.91
06069,12.01,15.91
06071,12.01,15.91
06073,12.01,15.91
06075,12.01,15.91
06077,12.01,15.91
06079,12.01,15.91
06081,12.01,15.91
06083,12.01,15.91
06085,12.01,15.91
06087,12.01,15.91
06089,12.01,15.91
06091,12.01,15.91
06093,12.01,15.91
06095,12.01,15.91
06097,12.01,15.91
06099,12.01,15.91
06101,12.01,15.91
06103,12.01,15.91
06105,12.01,15.91
06107,12.01,15.91
06109,12.01,15.91
06111,12.01,15.91
06113,12.01,15.91
06115,12.01,15.91
08001,12.01,15.91
08003,12.01,15.91
08005,12.01,15.91
08007,12.01,15.91
08009,12.01,15.91
08011,12.01,15.91
08013,12.01,15.91
08014,12.01,15.91
08015,12.01,15.91
08017,12.01,15.91
08019,12.01,15.91
08021,12.01,15.91
08023,12.01,15.91
08025,12.01,15.91
08027,12.01,15.91
08029,12.01,15.91
08031,12.01,15.91
08033,12.01,15.91
08035,12.01,15.91
08037,12.01,15.91
08039,12.01,15.91
08041,12.01,15.91
08043,12.01,15.91
08045,12.01,15.91
08047,12.01,15.91
08049,12.01,15.91
08051,12.01,15.91
08053,12.01,15.91
08055,12.01,15.91
08057,12.01,15.91
08059,12.01,15.91
08061,12.01,15.91
08063,12.01,15.91
08065,12.01,15.91
08067,12.01,15.91
08069,12.01,15.91
08071,12.01,15.91
08073,12.01,15.91
08075,12.01,15.91
08077,12.01,15.91
08079,12.01,15.91
08081,12.01,15.91
08083,12.01,15.91
08085,12.01,15.91
08087,12.01,15.91
08089,12.01,15.91
08091,12.01,15.91
08093,12.01,15.91
08095,12.01,15.91
08097,12.01,15.91
08099,12.01,15.91
08101,12.01,15.91
08103,12.01,15.91
08105,12.01,15.91
08107,12.01,15.91
08109,12.01,15.91
08111,12.01,15.91
08113,12.01,15.91
08115,12.01,15.91
08117,12.01,15.91
08119,12.01,15.91
08121,12.01,15.91
08123,12.01,15.91
08125,12.01,15.91
09001,12.01,15.91
09003,12.01,15.91
09005,12.01,15.91
09007,12.01,15.91
09009,12.01,15.91
09011,12.01,15.91
09013,12.01,15.91
09015,12.01,15.91
10001,12.01,15.91
10003,12.01,15.91
10005,12.01,15.91
11001,12.01,15.91
12001,12.01,15.91
12003,12.01,15.91
12005,12.01,15.91
12007,12.01,15.91
12009,12.01,15.91
12011,12.01,15.91
12013,12.01,15.91
12015,12.01,15.91
12017,12.01,15.91
12019,12.01,15.91
12021,12.01,15.91
12023,12.01,15.91
12027,12.01,15.91
12029,12.01,15.91
12031,12.01,15.91
12033,12.01,15.91
12035,12.01,15.91
12037,12.01,15.91
12039,12.01,15.91
12041,12.01,15.91
12043,12.01,15.91
12045,12.01,15.91
12047,12.01,15.91
12049,12.01,15.91
12051,12.01,15.91
12053,12.01,15.91
12055,12.01,15.91
12057,12.01,15.91
12059,12.01,15.91
12061,12.01,15.91
12063,12.01,15.91
12065,12.01,15.91
12067,12.01,15.91
12069,12.01,15.91
12071,12.01,15.91
12073,12.01,15.91
12075,12.01,15.91
12077,12.01,15.91
12079,12.01,15.91
12081,12.01,15.91
12083,12.01,15.91
12085,12.01,15.91
12086,12.01,15.91
12087,12.01,15.91
12089,12.01,15.91
12091,12.01,15.91
12093,12.01,15.91
12095,12.01,15.91
12097,12.01,15.91
12099,12.01,15.91
12101,12.01,15.91
12103,12.01,15.91
12105,12.01,15.91
12107,12.01,15.91
12109,12.01,15.91
12111,12.01,15.91
12113,12.01,15.91
12115,12.01,15.91
12117,12.01,15.91
12119,12.01,15.91
12121,12.01,15.91
12123,12.01,15.91
12125,12.01,15.91
12127,12.01,15.91
12129,12.01,15.91
12131,12.01,15.91
12133,12.01,15.91
13001,12.01,15.91
13003,12.01,15.91
13005,12.01,15.91
13007,12.01,15.91
13009,12.01,15.91
13011,12.01,15.91
13013,12.01,15.91
13015,12.01,15.91
13017,12.01,15.91
13019,12.01,15.91
13021,12.01,15.91
13023,12.01,15.91
13025,12.01,15.91
13027,12.01,15.91
13029,12.01,15.91
13031,12.01,15.91
13033,12.01,15.91
13035,12.01,15.91
13037,12.01,15.91
13039,12.01,15.91
13043,12.01,15.91
13045,12.01,15.91
13047,12.01,15.91
13049,12.01,15.91
13051,12.01,15.91
13053,12.01,15.91
13055,12.01,15.91
13057,12.01,15.91
13059,12.01,15.91
13061,12.01,15.91
13063,12.01,15.91
13065,12.01,15.91
13067,12.01,15.91
13069,12.01,15.91
13071,12.01,15.91
13073,12.01,15.91
13075,12.01,15.91
13077,12.01,15.91
13079,12.01,15.91
13081,12.01,15.91
13083,12.01,15.91
13085,12.01,15.91
13087,12.01,15.91
13089,12.01,15.91
13091,12.01,15.91
13093,12.01,15.91
13095,12.01,15.91
13097,12.01,15.91
13099,12.01,15.91
13101,12.01,15.91
13103,12.01,15.91
13105,12.01,15.91
13107,12.01,15.91
13109,12.01,15.91
13111,12.01,15.91
13113,12.01,15.91
13115,12.01,15.91
13117,12.01,15.91
13119,12.01,15.91
13121,12.01,15.91
13123,12.01,15.91
13125,12.01,15.91
13127,12.01,15.91
13129,12.01,15.91
13131,12.01,15.91
13133,12.01,15.91
13135,12.01,15.91
13137,12.01,15.91
13139,12.01,15.91
13141,12.01,15.91
13143,12.01,15.91
13145,12.01,15.91
13147,12.01,15.91
13149,12.01,15.91
13151,12.01,15.91
13153,12.01,15.91
13155,12.01,15.91
13157,12.01,15.91
13159,12.01,15.91
13161,12.01,15.91
13163,12.01,15.91
13165,12.01,15.91
13167,12.01,15.91
13169,12.01,15.91
13171,12.01,15.91
13173,12.01,15.91
13175,12.01,15.91
13177,12.01,15.91
13179,12.01,15.91
13181,12.01,15.91
13183,12.01,15.91
13185,12.01,15.91
13187,12.01,15.91
13189,12.01,15.91
13191,12.01,15.91
13193,12.01,15.91
13195,12.01,15.91
13197,12.01,15.91
13199,12.01,15.91
13201,12.01,15.91
13205,12.01,15.91
13207,12.01,15.91
13209,12.01,15.91
13211,12.01,15.91
13213,12.01,15.91
13215,12.01,15.91
13217,12.01,15.91
13219,12.01,15.91
13221,12.01,15.91
13223,12.01,15.91
13225,12.01,15.91
13227,12.01,15.91
13229,12.01,15.91
13231,12.01,15.91
13233,12.01,15.91
13235,12.01,15.91
13237,12.01,15.91
13239,12.01,15.91
13241,12.01,15.91
13243,12.01,15.91
13245,12.01,15.91
13247,12.01,15.91
13249,12.01,15.91
13251,12.01,15.91
13253,12.01,15.91
13255,12.01,15.91
13257,12.01,15.91
13259,12.01,15.91
13261,12.01,15.91
13263,12.01,15.91
13265,12.01,15.91
13267,12.01,15.91
13269,12.01,15.91
13271,12.01,15.91
13273,12.01,15.91
13275,12.01,15.91
13277,12.01,15.91
13279,12.01,15.91
13281,12.01,15.91
13283,12.01,15.91
13285,12.01,15.91
13287,12.01,15.91
13289,12.01,15.91
13291,12.01,15.91
13293,12.01,15.91
13295,12.01,15.91
13297,12.01,15.91
13299,12.01,15.91
13301,12.01,15.91
13303,12.01,15.91
13305,12.01,15.91
13307,12.01,15.91
13309,12.01,15.91
13311,12.01,15.91
13313,12.01,15.91
13315,12.01,15.91
13317,12.01,15.91
13319,12.01,15.91
13321,12.01,15.91
16001,12.01,15.91
16003,12.01,15.91
16005,12.01,15.91
16007,12.01,15.91
16009,12.01,15.91
16011,12.01,15.91
16013,12.01,15.91
16015,12.01,15.91
16017,12.01,15.91
16019,12.01,15.91
16021,12.01,15.91
16023,12.01,15.91
16025,12.01,15.91
16027,12.01,15.91
16029,12.01,15.91
16031,12.01,15.91
16033,12.01,15.91
16035,12.01,15.91
16037,12.01,15.91
16039,12.01,15.91
16041,12.01,15.91
16043,12.01,15.91
16045,12.01,15.91
16047,12.01,15.91
16049,12.01,15.91
16051,12.01,15.91
16053,12.01,15.91
16055,12.01,15.91
16057,12.01,15.91
16059,12.01,15.91
16061,12.01,15.91
16063,12.01,15.91
16065,12.01,15.91
16067,12.01,15.91
16069,12.01,15.91
16071,12.01,15.91
16073,12.01,15.91
16075,12.01,15.91
16077,12.01,15.91
16079,12.01,15.91
16081,12.01,15.91
16083,12.01,15.91
16085,12.01,15.91
16087,12.01,15.91
17001,12.01,15.91
17003,12.01,15.91
17005,12.01,15.91
17007,12.01,15.91
17009,12.01,15.91
17011,12.01,15.91
17013,12.01,15.91
17015,12.01,15.91
17017,12.01,15.91
17019,12.01,15.91
17021,12.01,15.91
17023,12.01,15.91
17025,12.01,15.91
17027,12.01,15.91
17029,12.01,15.91
17031,12.01,15.91
17033,12.01,15.91
17035,12.01,15.91
17037,12.01,15.91
17039,12.01,15.91
17041,12.01,15.91
17043,12.01,15.91
17045,12.01,15.91
17047,12.01,15.91
17049,12.01,15.91
17051,12.01,15.91
17053,12.01,15.91
17055,12.01,15.91
17057,12.01,15.91
17059,12.01,15.91
17061,12.01,15.91
17063,12.01,15.91
17065,12.01,15.91
17067,12.01,15.91
17069,12.01,15.91
17071,12.01,15.91
17073,12.01,15.91
17075,12.01,15.91
17077,12.01,15.91
17079,12.01,15.91
17081,12.01,15.91
17083,12.01,15.91
17085,12.01,15.91
17087,12.01,15.91
17089,12.01,15.91
17091,12.01,15.91
17093,12.01,15.91
17095,12.01,15.91
17097,12.01,15.91
17099,12.01,15.91
17101,12.01,15.91
17103,12.01,15.91
17105,12.01,15.91
17107,12.01,15.91
17109,12.01,15.91
17111,12.01,15.91
17113,12.01,15.91
17115,12.01,15.91
17117,12.01,15.91
17119,12.01,15.91
17121,12.01,15.91
17123,12.01,15.91
17125,12.01,15.91
17127,12.01,15.91
17129,12.01,15.91
17131,12.01,15.91
17133,12.01,15.91
17135,12.01,15.91
17137,12.01,15.91
17139,12.01,15.91
17141,12.01,15.91
17143,12.01,15.91
17145,12.01,15.91
17147,12.01,15.91
17149,12.01,15.91
17151,12.01,15.91
17153,12.01,15.91
17155,12.01,15.91
17157,12.01,15.91
17159,12.01,15.91
17161,12.01,15.91
17163,12.01,15.91
17165,12.01,15.91
17167,12.01,15.91
17169,12.01,15.91
17171,12.01,15.91
17173,12.01,15.91
17175,12.01,15.91
17177,12.01,15.91
17179,12.01,15.91
17181,12.01,15.91
17183,12.01,15.91
17185,12.01,15.91
17187,12.01,15.91
17189,12.01,15.91
17191,12.01,15.91
17193,12.01,15.91
17195,12.01,15.91
17197,12.01,15.91
17199,12.01,15.91
17201,12.01,15.91
17203,12.01,15.91
18001,12.01,15.91
18003,12.01,15.91
18005,12.01,15.91
18007,12.01,15.91
18009,12.01,15.91
18011,12.01,15.91
18013,12.01,15.91
18015,12.01,15.91
18017,12.01,15.91
18019,12.01,15.91
18021,12.01,15.91
18023,12.01,15.91
18025,12.01,15.91
18027,12.01,15.91
18029,12.01,15.91
18031,12.01,15.91
18033,12.01,15.91
18035,12.01,15.91
18037,12.01,15.91
18039,12.01,15.91
18041,12.01,15.91
18043,12.01,15.91
18045,12.01,15.91
18047,12.01,15.91
18049,12.01,15.91
18051,12.01,15.91
18053,12.01,15.91
18055,12.01,15.91
18057,12.01,15.91
18059,12.01,15.91
18061,12.01,15.91
18063,12.01,15.91
18065,12.01,15.91
18067,12.01,15.91
18069,12.01,15.91
18071,12.01,15.91
18073,12.01,15.91
18075,12.01,15.91
18077,12.01,15.91
18079,12.01,15.91
18081,12.01,15.91
18083,12.01,15.91
18085,12.01,15.91
18087,12.01,15.91
18089,12.01,15.91
18091,12.01,15.91
18093,12.01,15.91
18095,12.01,15.91
18097,12.01,15.91
18099,12.01,15.91
18101,12.01,15.91
18103,12.01,15.91
18105,12.01,15.91
18107,12.01,15.91
18109,12.01,15.91
18111,12.01,15.91
18113,12.01,15.91
18115,12.01,15.91
18117,12.01,15.91
18119,12.01,15.91
18121,12.01,15.91
18123,12.01,15.91
18125,12.01,15.91
18127,12.01,15.91
18129,12.01,15.91
18131,12.01,15.91
18133,12.01,15.91
18135,12.01,15.91
18137,12.01,15.91
18139,12.01,15.91
18141,12.01,15.91
18143,12.01,15.91
18145,12.01,15.91
18147,12.01,15.91
18149,12.01,15.91
18151,12.01,15.91
18153,12.01,15.91
18155,12.01,15.91
18157,12.01,15.91
18159,12.01,15.91
18161,12.01,15.91
18163,12.01,15.91
18165,12.01,15.91
18167,12.01,15.91
18169,12.01,15.91
18171,12.01,15.91
18173,12.01,15.91
18175,12.01,15.91
18177,12.01,15.91
18179,12.01,15.91
18181,12.01,15.91
18183,12.01,15.91
19001,12.01,15.91
19003,12.01,15.91
19005,12.01,15.91
19007,12.01,15.91
19009,12.01,15.91
19011,12.01,15.91
19013,12.01,15.91
19015,12.01,15.91
19017,12.01,15.91
19019,12.01,15.91
19021,12.01,15.91
19023,12.01,15.91
19025,12.01,15.91
19027,12.01,15.91
19029,12.01,15.91
19031,12.01,15.91
19033,12.01,15.91
19035,12.01,15.91
19037,12.01,15.91
19039,12.01,15.91
19041,12.01,15.91
19043,12.01,15.91
19045,12.01,15.91
19047,12.01,15.91
19049,12.01,15.91
19051,12.01,15.91
19053,12.01,15.91
19055,12.01,15.91
19057,12.01,15.91
19059,12.01,15.91
19061,12.01,15.91
19063,12.01,15.91
19065,12.01,15.91
19067,12.01,15.91
19069,12.01,15.91
19071,12.01,15.91
19073,12.01,15.91
19075,12.01,15.91
19077,12.01,15.91
19079,12.01,15.91
19081,12.01,15.91
19083,12.01,15.91
19085,12.01,15.91
19087,12.01,15.91
19089,12.01,15.91
19091,12.01,15.91
19093,12.01,15.91
19095,12.01,15.91
19097,12.01,15.91
19099,12.01,15.91
19101,12.01,15.91
19103,12.01,15.91
19105,12.01,15.91
19107,12.01,15.91
19109,12.01,15.91
19111,12.01,15.91
19113,12.01,15.91
19115,12.01,15.91
19117,12.01,15.91
19119,12.01,15.91
19121,12.01,15.91
19123,12.01,15.91
19125,12.01,15.91
19127,12.01,15.91
19129,12.01,15.91
19131,12.01,15.91
19133,12.01,15.91
19135,12.01,15.91
19137,12.01,15.91
19139,12.01,15.91
19141,12.01,15.91
19143,12.01,15.91
19145,12.01,15.91
19147,12.01,15.91
19149,12.01,15.91
19151,12.01,15.91
19153,12.01,15.91
19155,12.01,15.91
19157,12.01,15.91
19159,12.01,15.91
19161,12.01,15.91
19163,12.01,15.91
19165,12.01,15.91
19167,12.01,15.91
19169,12.01,15.91
19171,12.01,15.91
19173,12.01,15.91
19175,12.01,15.91
19177,12.01,15.91
19179,12.01,15.91
19181,12.01,15.91
19183,12.01,15.91
19185,12.01,15.91
19187,12.01,15.91
19189,12.01,15.91
19191,12.01,15.91
19193,12.01,15.91
19195,12.01,15.91
19197,12.01,15.91
20001,12.01,15.91
20003,12.01,15.91
20005,12.01,15.91
20007,12.01,15.91
20009,12.01,15.91
20011,12.01,15.91
20013,12.01,15.91
20015,12.01,15.91
20017,12.01,15.91
20019,12.01,15.91
20021,12.01,15.91
20023,12.01,15.91
20025,12.01,15.91
20027,12.01,15.91
20029,12.01,15.91
20031,12.01,15.91
20033,12.01,15.91
20035,12.01,15.91
20037,12.01,15.91
20039,12.01,15.91
20041,12.01,15.91
20043,12.01,15.91
20045,12.01,15.91
20047,12.01,15.91
20049,12.01,15.91
20051,12.01,15.91
20053,12.01,15.91
20055,12.01,15.91
20057,12.01,15.91
20059,12.01,15.91
20061,12.01,15.91
20063,12.01,15.91
20065,12.01,15.91
20067,12.01,15.91
20069,12.01,15.91
20071,12.01,15.91
20073,12.01,15.91
20075,12.01,15.91
20077,12.01,15.91
20079,12.01,15.91
20081,12.01,15.91
20083,12.01,15.91
20085,12.01,15.91
20087,12.01,15.91
20089,12.01,15.91
20091,12.01,15.91
20093,12.01,15.91
20095,12.01,15.91
20097,12.01,15.91
20099,12.01,15.91
20101,12.01,15.91
20103,12.01,15.91
20105,12.01,15.91
20107,12.01,15.91
20109,12.01,15.91
20111,12.01,15.91
20113,12.01,15.91
20115,12.01,15.91
20117,12.01,15.91
20119,12.01,15.91
20121,12.01,15.91
20123,12.01,15.91
20125,12.01,15.91
20127,12.01,15.91
20129,12.01,15.91
20131,12.01,15.91
20133,12.01,15.91
20135,12.01,15.91
20137,12.01,15.91
20139,12.01,15.91
20141,12.01,15.91
20143,12.01,15.91
20145,12.01,15.91
20147,12.01,15.91
20149,12.01,15.91
20151,12.01,15.91
20153,12.01,15.91
20155,12.01,15.91
20157,12.01,15.91
20159,12.01,15.91
20161,12.01,15.91
20163,12.01,15.91
20165,12.01,15.91
20167,12.01,15.91
20169,12.01,15.91
20171,12.01,15.91
20173,12.01,15.91
20175,12.01,15.91
20177,12.01,15.91
20179,12.01,15.91
20181,12.01,15.91
20183,12.01,15.91
20185,12.01,15.91
20187,12.01,15.91
20189,12.01,15.91
20191,12.01,15.91
20193,12.01,15.91
20195,12.01,15.91
20197,12.01,15.91
20199,12.01,15.91
20201,12.01,15.91
20203,12.01,15.91
20205,12.01,15.91
20207,12.01,15.91
20209,12.01,15.91
21001,12.01,15.91
21003,12.01,15.91
21005,12.01,15.91
21007,12.01,15.91
21009,12.01,15.91
21011,12.01,15.91
21013,12.01,15.91
21015,12.01,15.91
21017,12.01,15.91
21019,12.01,15.91
21021,12.01,15.91
21023,12.01,15.91
21025,12.01,15.91
21027,12.01,15.91
21029,12.01,15.91
21031,12.01,15.91
21033,12.01,15.91
21035,12.01,15.91
21037,12.01,15.91
21039,12.01,15.91
21041,12.01,15.91
21043,12.01,15.91
21045,12.01,15.91
21047,12.01,15.91
21049,12.01,15.91
21051,12.01,15.91
21053,12.01,15.91
21055,12.01,15.91
21057,12.01,15.91
21059,12.01,15.91
21061,12.01,15.91
21063,12.01,15.91
21065,12.01,15.91
21067,12.01,15.91
21069,12.01,15.91
21071,12.01,15.91
21073,12.01,15.91
21075,12.01,15.91
21077,12.01,15.91
21079,12.01,15.91
21081,12.01,15.91
21083,12.01,15.91
21085,12.01,15.91
21087,12.01,15.91
21089,12.01,15.91
21091,12.01,15.91
21093,12.01,15.91
21095,12.01,15.91
21097,12.01,15.91
21099,12.01,15.91
21101,12.01,15.91
21103,12.01,15.91
21105,12.01,15.91
21107,12.01,15.91
21109,12.01,15.91
21111,12.01,15.91
21113,12.01,15.91
21115,12.01,15.91
21117,12.01,15.91
21119,12.01,15.91
21121,12.01,15.91
21123,12.01,15.91
21125,12.01,15.91
21127,12.01,15.91
21129,12.01,15.91
21131,12.01,15.91
21133,12.01,15.91
21135,12.01,15.91
21137,12.01,15.91
21139,12.01,15.91
21141,12.01,15.91
21143,12.01,15.91
21145,12.01,15.91
21147,12.01,15.91
21149,12.01,15.91
21151,12.01,15.91
21153,12.01,15.91
21155,12.01,15.91
21157,12.01,15.91
21159,12.01,15.91
21161,12.01,15.91
21163,12.01,15.91
21165,12.01,15.91
21167,12.01,15.91
21169,12.01,15.91
21171,12.01,15.91
21173,12.01,15.91
21175,12.01,15.91
21177,12.01,15.91
21179,12.01,15.91
21181,12.01,15.91
21183,12.01,15.91
21185,12.01,15.91
21187,12.01,15.91
21189,12.01,15.91
21191,12.01,15.91
21193,12.01,15.91
21195,12.01,15.91
21197,12.01,15.91
21199,12.01,15.91
21201,12.01,15.91
21203,12.01,15.91
21205,12.01,15.91
21207,12.01,15.91
21209,12.01,15.91
21211,12.01,15.91
21213,12.01,15.91
21215,12.01,15.91
21217,12.01,15.91
21219,12.01,15.91
21221,12.01,15.91
21223,12.01,15.91
21225,12.01,15.91
21227,12.01,15.91
21229,12.01,15.91
21231,12.01,15.91
21233,12.01,15.91
21235,12.01,15.91
21237,12.01,15.91
21239,12.01,15.91
22001,12.01,15.91
22003,12.01,15.91
22005,12.01,15.91
22007,12.01,15.91
22009,12.01,15.91
22011,12.01,15.91
22013,12.01,15.91
22015,12.01,15.91
22017,12.01,15.91
22019,12.01,15.91
22021,12.01,15.91
22023,12.01,15.91
22025,12.01,15.91
22027,12.01,15.91
22029,12.01,15.91
22031,12.01,15.91
22033,12.01,15.91
22035,12.01,15.91
22037,12.01,15.91
22039,12.01,15.91
22041,12.01,15.91
22043,12.01,15.91
22045,12.01,15.91
22047,12.01,15.91
22049,12.01,15.91
22051,12.01,15.91
22053,12.01,15.91
22055,12.01,15.91
22057,12.01,15.91
22059,12.01,15.91
22061,12.01,15.91
22063,12.01,15.91
22065,12.01,15.91
22067,12.01,15.91
22069,12.01,15.91
22071,12.01,15.91
22073,12.01,15.91
22075,12.01,15.91
22077,12.01,15.91
22079,12.01,15.91
22081,12.01,15.91
22083,12.01,15.91
22085,12.01,15.91
22087,12.01,15.91
22089,12.01,15.91
22091,12.01,15.91
22093,12.01,15.91
22095,12.01,15.91
22097,12.01,15.91
22099,12.01,15.91
22101,12.01,15.91
22103,12.01,15.91
22105,12.01,15.91
22107,12.01,15.91
22109,12.01,15.91
22111,12.01,15.91
22113,12.01,15.91
22115,12.01,15.91
22117,12.01,15.91
22119,12.01,15.91
22121,12.01,15.91
22123,12.01,15.91
22125,12.01,15.91
22127,12.01,15.91
23001,12.01,15.91
23003,12.01,15.91
23005,12.01,15.91
23007,12.01,15.91
23009,12.01,15.91
23011,12.01,15.91
23013,12.01,15.91
23015,12.01,15.91
23017,12.01,15.91
23019,12.01,15.91
23021,12.01,15.91
23023,12.01,15.91
23025,12.01,15.91
23027,12.01,15.91
23029,12.01,15.91
23031,12.01,15.91
24001,12.01,15.91
24003,12.01,15.91
24005,12.01,15.91
24009,12.01,15.91
24011,12.01,15.91
24013,12.01,15.91
24015,12.01,15.91
24017,12.01,15.91
24019,12.01,15.91
24021,12.01,15.91
24023,12.01,15.91
24025,12.01,15.91
24027,12.01,15.91
24029,12.01,15.91
24031,12.01,15.91
24033,12.01,15.91
24035,12.01,15.91
24037,12.01,15.91
24039,12.01,15.91
24041,12.01,15.91
24043,12.01,15.91
24045,12.01,15.91
24047,12.01,15.91
24510,12.01,15.91
25001,12.01,15.91
25003,12.01,15.91
25005,12.01,15.91
25007,12.01,15.91
25009,12.01,15.91
25011,12.01,15.91
25013,12.01,15.91
25015,12.01,15.91
25017,12.01,15.91
25019,12.01,15.91
25021,12.01,15.91
25023,12.01,15.91
25025,12.01,15.91
25027,12.01,15.91
26001,12.01,15.91
26003,12.01,15.91
26005,12.01,15.91
26007,12.01,15.91
26009,12.01,15.91
26011,12.01,15.91
26013,12.01,15.91
26015,12.01,15.91
26017,12.01,15.91
26019,12.01,15.91
26021,12.01,15.91
26023,12.01,15.91
26025,12.01,15.91
26027,12.01,15.91
26029,12.01,15.91
26031,12.01,15.91
26033,12.01,15.91
26035,12.01,15.91
26037,12.01,15.91
26039,12.01,15.91
26041,12.01,15.91
26043,12.01,15.91
26045,12.01,15.91
26047,12.01,15.91
26049,12.01,15.91
26051,12.01,15.91
26053,12.01,15.91
26055,12.01,15.91
26057,12.01,15.91
26059,12.01,15.91
26061,12.01,15.91
26063,12.01,15.91
26065,12.01,15.91
26067,12.01,15.91
26069,12.01,15.91
26071,12.01,15.91
26073,12.01,15.91
26075,12.01,15.91
26077,12.01,15.91
26079,12.01,15.91
26081,12.01,15.91
26083,12.01,15.91
26085,12.01,15.91
26087,12.01,15.91
26089,12.01,15.91
26091,12.01,15.91
26093,12.01,15.91
26095,12.01,15.91
26097,12.01,15.91
26099,12.01,15.91
26101,12.01,15.91
26103,12.01,15.91
26105,12.01,15.91
26107,12.01,15.91
26109,12.01,15.91
26111,12.01,15.91
26113,12.01,15.91
26115,12.01,15.91
26117,12.01,15.91
26119,12.01,15.91
26121,12.01,15.91
26123,12.01,15.91
26125,12.01,15.91
26127,12.01,15.91
26129,12.01,15.91
26131,12.01,15.91
26133,12.01,15.91
26135,12.01,15.91
26137,12.01,15.91
26139,12.01,15.91
26141,12.01,15.91
26143,12.01,15.91
26145,12.01,15.91
26147,12.01,15.91
26149,12.01,15.91
26151,12.01,15.91
26153,12.01,15.91
26155,12.01,15.91
26157,12.01,15.91
26159,12.01,15.91
26161,12.01,15.91
26163,12.01,15.91
26165,12.01,15.91
27001,12.01,15.91
27003,12.01,15.91
27005,12.01,15.91
27007,12.01,15.91
27009,12.01,15.91
27011,12.01,15.91
27013,12.01,15.91
27015,12.01,15.91
27017,12.01,15.91
27019,12.01,15.91
27021,12.01,15.91
27023,12.01,15.91
27025,12.01,15.91
27027,12.01,15.91
27029,12.01,15.91
27031,12.01,15.91
27033,12.01,15.91
27035,12.01,15.91
27037,12.01,15.91
27039,12.01,15.91
27041,12.01,15.91
27043,12.01,15.91
27045,12.01,15.91
27047,12.01,15.91
27049,12.01,15.91
27051,12.01,15.91
27053,12.01,15.91
27055,12.01,15.91
27057,12.01,15.91
27059,12.01,15.91
27061,12.01,15.91
27063,12.01,15.91
27065,12.01,15.91
27067,12.01,15.91
27069,12.01,15.91
27071,12.01,15.91
27073,12.01,15.91
27075,12.01,15.91
27077,12.01,15.91
27079,12.01,15.91
27081,12.01,15.91
27083,12.01,15.91
27085,12.01,15.91
27087,12.01,15.91
27089,12.01,15.91
27091,12.01,15.91
27093,12.01,15.91
27095,12.01,15.91
27097,12.01,15.91
27099,12.01,15.91
27101,12.01,15.91
27103,12.01,15.91
27105,12.01,15.91
27107,12.01,15.91
27109,12.01,15.91
27111,12.01,15.91
27113,12.01,15.91
27115,12.01,15.91
27117,12.01,15.91
27119,12.01,15.91
27121,12.01,15.91
27123,12.01,15.91
27125,12.01,15.91
27127,12.01,15.91
27129,12.01,15.91
27131,12.01,15.91
27133,12.01,15.91
27135,12.01,15.91
27137,12.01,15.91
27139,12.01,15.91
27141,12.01,15.91
27143,12.01,15.91
27145,12.01,15.91
27147,12.01,15.91
27149,12.01,15.91
27151,12.01,15.91
27153,12.01,15.91
27155,12.01,15.91
27157,12.01,15.91
27159,12.01,15.91
27161,12.01,15.91
27163,12.01,15.91
27165,12.01,15.91
27167,12.01,15.91
27169,12.01,15.91
27171,12.01,15.91
27173,12.01,15.91
28001,12.01,15.91
28003,12.01,15.91
28005,12.01,15.91
28007,12.01,15.91
28009,12.01,15.91
28011,12.01,15.91
28013,12.01,15.91
28015,12.01,15.91
28017,12.01,15.91
28019,12.01,15.91
28021,12.01,15.91
28023,12.01,15.91
28025,12.01,15.91
28027,12.01,15.91
28029,12.01,15.91
28031,12.01,15.91
28033,12.01,15.91
28035,12.01,15.91
28037,12.01,15.91
28039,12.01,15.91
28041,12.01,15.91
28043,12.01,15.91
28045,12.01,15.91
28047,12.01,15.91
28049,12.01,15.91
28051,12.01,15.91
28053,12.01,15.91
28055,12.01,15.91
28057,12.01,15.91
28059,12.01,15.91
28061,12.01,15.91
28063,12.01,15.91
28065,12.01,15.91
28067,12.01,15.91
28069,12.01,15.91
28071,12.01,15.91
28073,12.01,15.91
28075,12.01,15.91
28077,12.01,15.91
28079,12.01,15.91
28081,12.01,15.91
28083,12.01,15.91
28085,12.01,15.91
28087,12.01,15.91
28089,12.01,15.91
28091,12.01,15.91
28093,12.01,15.91
28095,12.01,15.91
28097,12.01,15.91
28099,12.01,15.91
28101,12.01,15.91
28103,12.01,15.91
28105,12.01,15.91
28107,12.01,15.91
28109,12.01,15.91
28111,12.01,15.91
28113,12.01,15.91
28115,12.01,15.91
28117,12.01,15.91
28119,12.01,15.91
28121,12.01,15.91
28123,12.01,15.91
28125,12.01,15.91
28127,12.01,15.91
28129,12.01,15.91
28131,12.01,15.91
28133,12.01,15.91
28135,12.01,15.91
28137,12.01,15.91
28139,12.01,15.91
28141,12.01,15.91
28143,12.01,15.91
28145,12.01,15.91
28147,12.01,15.91
28149,12.01,15.91
28151,12.01,15.91
28153,12.01,15.91
28155,12.01,15.91
28157,12.01,15.91
28159,12.01,15.91
28161,12.01,15.91
28163,12.01,15.91
29001,12.01,15.91
29003,12.01,15.91
29005,12.01,15.91
29007,12.01,15.91
29009,12.01,15.91
29011,12.01,15.91
29013,12.01,15.91
29015,12.01,15.91
29017,12.01,15.91
29019,12.01,15.91
29021,12.01,15.91
29023,12.01,15.91
29025,12.01,15.91
29027,12.01,15.91
29029,12.01,15.91
29031,12.01,15.91
29033,12.01,15.91
29035,12.01,15.91
29037,12.01,15.91
29039,12.01,15.91
29041,12.01,15.91
29043,12.01,15.91
29045,12.01,15.91
29047,12.01,15.91
29049,12.01,15.91
29051,12.01,15.91
29053,12.01,15.91
29055,12.01,15.91
29057,12.01,15.91
29059,12.01,15.91
29061,12.01,15.91
29063,12.01,15.91
29065,12.01,15.91
29067,12.01,15.91
29069,12.01,15.91
29071,12.01,15.91
29073,12.01,15.91
29075,12.01,15.91
29077,12.01,15.91
29079,12.01,15.91
29081,12.01,15.91
29083,12.01,15.91
29085,12.01,15.91
29087,12.01,15.91
29089,12.01,15.91
29091,12.01,15.91
29093,12.01,15.91
29095,12.01,15.91
29097,12.01,15.91
29099,12.01,15.91
29101,12.01,15.91
29103,12.01,15.91
29105,12.01,15.91
29107,12.01,15.91
29109,12.01,15.91
29111,12.01,15.91
29113,12.01,15.91
29115,12.01,15.91
29117,12.01,15.91
29119,12.01,15.91
29121,12.01,15.91
29123,12.01,15.91
29125,12.01,15.91
29127,12.01,15.91
29129,12.01,15.91
29131,12.01,15.91
29133,12.01,15.91
29135,12.01,15.91
29137,12.01,15.91
29139,12.01,15.91
29141,12.01,15.91
29143,12.01,15.91
29145,12.01,15.91
29147,12.01,15.91
29149,12.01,15.91
29151,12.01,15.91
29153,12.01,15.91
29155,12.01,15.91
29157,12.01,15.91
29159,12.01,15.91
29161,12.01,15.91
29163,12.01,15.91
29165,12.01,15.91
29167,12.01,15.91
29169,12.01,15.91
29171,12.01,15.91
29173,12.01,15.91
29175,12.01,15.91
29177,12.01,15.91
29179,12.01,15.91
29181,12.01,15.91
29183,12.01,15.91
29185,12.01,15.91
29186,12.01,15.91
29187,12.01,15.91
29189,12.01,15.91
29195,12.01,15.91
29197,12.01,15.91
29199,12.01,15.91
29201,12.01,15.91
29203,12.01,15.91
29205,12.01,15.91
29207,12.01,15.91
29209,12.01,15.91
29211,12.01,15.91
29213,12.01,15.91
29215,12.01,15.91
29217,12.01,15.91
29219,12.01,15.91
29221,12.01,15.91
29223,12.01,15.91
29225,12.01,15.91
29227,12.01,15.91
29229,12.01,15.91
29510,12.01,15.91
30001,12.01,15.91
30003,12.01,15.91
30005,12.01,15.91
30007,12.01,15.91
30009,12.01,15.91
30011,12.01,15.91
30013,12.01,15.91
30015,12.01,15.91
30017,12.01,15.91
30019,12.01,15.91
30021,12.01,15.91
30023,12.01,15.91
30025,12.01,15.91
30027,12.01,15.91
30029,12.01,15.91
30031,12.01,15.91
30033,12.01,15.91
30035,12.01,15.91
30037,12.01,15.91
30039,12.01,15.91
30041,12.01,15.91
30043,12.01,15.91
30045,12.01,15.91
30047,12.01,15.91
30049,12.01,15.91
30051,12.01,15.91
30053,12.01,15.91
30055,12.01,15.91
30057,12.01,15.91
30059,12.01,15.91
30061,12.01,15.91
30063,12.01,15.91
30065,12.01,15.91
30067,12.01,15.91
30069,12.01,15.91
30071,12.01,15.91
30073,12.01,15.91
30075,12.01,15.91
30077,12.01,15.91
30079,12.01,15.91
30081,12.01,15.91
30083,12.01,15.91
30085,12.01,15.91
30087,12.01,15.91
30089,12.01,15.91
30091,12.01,15.91
30093,12.01,15.91
30095,12.01,15.91
30097,12.01,15.91
30099,12.01,15.91
30101,12.01,15.91
30103,12.01,15.91
30105,12.01,15.91
30107,12.01,15.91
30109,12.01,15.91
30111,12.01,15.91
31001,12.01,15.91
31003,12.01,15.91
31005,12.01,15.91
31007,12.01,15.91
31009,12.01,15.91
31011,12.01,15.91
31013,12.01,15.91
31015,12.01,15.91
31017,12.01,15.91
31019,12.01,15.91
31021,12.01,15.91
31023,12.01,15.91
31025,12.01,15.91
31027,12.01,15.91
31029,12.01,15.91
31031,12.01,15.91
31033,12.01,15.91
31035,12.01,15.91
31037,12.01,15.91
31039,12.01,15.91
31041,12.01,15.91
31043,12.01,15.91
31045,12.01,15.91
31047,12.01,15.91
31049,12.01,15.91
31051,12.01,15.91
31053,12.01,15.91
31055,12.01,15.91
31057,12.01,15.91
31059,12.01,15.91
31061,12.01,15.91
31063,12.01,15.91
31065,12.01,15.91
31067,12.01,15.91
31069,12.01,15.91
31071,12.01,15.91
31073,12.01,15.91
31075,12.01,15.91
31077,12.01,15.91
31079,12.01,15.91
31081,12.01,15.91
31083,12.01,15.91
31085,12.01,15.91
31087,12.01,15.91
31089,12.01,15.91
31091,12.01,15.91
31093,12.01,15.91
31095,12.01,15.91
31097,12.01,15.91
31099,12.01,15.91
31101,12.01,15.91
31103,12.01,15.91
31105,12.01,15.91
31107,12.01,15.91
31109,12.01,15.91
31111,12.01,15.91
31113,12.01,15.91
31115,12.01,15.91
31117,12.01,15.91
31119,12.01,15.91
31121,12.01,15.91
31123,12.01,15.91
31125,12.01,15.91
31127,12.01,15.91
31129,12.01,15.91
31131,12.01,15.91
31133,12.01,15.91
31135,12.01,15.91
31137,12.01,15.91
31139,12.01,15.91
31141,12.01,15.91
31143,12.01,15.91
31145,12.01,15.91
31147,12.01,15.91
31149,12.01,15.91
31151,12.01,15.91
31153,12.01,15.91
31155,12.01,15.91
31157,12.01,15.91
31159,12.01,15.91
31161,12.01,15.91
31163,12.01,15.91
31165,12.01,15.91
31167,12.01,15.91
31169,12.01,15.91
31171,12.01,15.91
31173,12.01,15.91
31175,12.01,15.91
31177,12.01,15.91
31179,12.01,15.91
31181,12.01,15.91
31183,12.01,15.91
31185,12.01,15.91
32001,12.01,15.91
32003,12.01,15.91
32005,12.01,15.91
32007,12.01,15.91
32009,12.01,15.91
32011,12.01,15.91
32013,12.01,15.91
32015,12.01,15.91
32017,12.01,15.91
32019,12.01,15.91
32021,12.01,15.91
32023,12.01,15.91
32027,12.01,15.91
32029,12.01,15.91
32031,12.01,15.91
32033,12.01,15.91
32510,12.01,15.91
33001,12.01,15.91
33003,12.01,15.91
33005,12.01,15.91
33007,12.01,15.91
33009,12.01,15.91
33011,12.01,15.91
33013,12.01,15.91
33015,12.01,15.91
33017,12.01,15.91
33019,12.01,15.91
34001,12.01,15.91
34003,12.01,15.91
34005,12.01,15.91
34007,12.01,15.91
34009,12.01,15.91
34011,12.01,15.91
34013,12.01,15.91
34015,12.01,15.91
34017,12.01,15.91
34019,12.01,15.91
34021,12.01,15.91
34023,12.01,15.91
34025,12.01,15.91
34027,12.01,15.91
34029,12.01,15.91
34031,12.01,15.91
34033,12.01,15.91
34035,12.01,15.91
34037,12.01,15.91
34039,12.01,15.91
34041,12.01,15.91
35001,12.01,15.91
35003,12.01,15.91
35005,12.01,15.91
35006,12.01,15.91
35007,12.01,15.91
35009,12.01,15.91
35011,12.01,15.91
35013,12.01,15.91
35015,12.01,15.91
35017,12.01,15.91
35019,12.01,15.91
35021,12.01,15.91
35023,12.01,15.91
35025,12.01,15.91
35027,12.01,15.91
35028,12.01,15.91
35029,12.01,15.91
35031,12.01,15.91
35033,12.01,15.91
35035,12.01,15.91
35037,12.01,15.91
35039,12.01,15.91
35041,12.01,15.91
35043,12.01,15.91
35045,12.01,15.91
35047,12.01,15.91
35049,12.01,15.91
35051,12.01,15.91
35053,12.01,15.91
35055,12.01,15.91
35057,12.01,15.91
35059,12.01,15.91
35061,12.01,15.91
36001,12.01,15.91
36003,12.01,15.91
36005,12.01,15.91
36007,12.01,15.91
36009,12.01,15.91
36011,12.01,15.91
36013,12.01,15.91
36015,12.01,15.91
36017,12.01,15.91
36019,12.01,15.91
36021,12.01,15.91
36023,12.01,15.91
36025,12.01,15.91
36027,12.01,15.91
36029,12.01,15.91
36031,12.01,15.91
36033,12.01,15.91
36035,12.01,15.91
36037,12.01,15.91
36039,12.01,15.91
36041,12.01,15.91
36043,12.01,15.91
36045,12.01,15.91
36047,12.01,15.91
36049,12.01,15.91
36051,12.01,15.91
36053,12.01,15.91
36055,12.01,15.91
36057,12.01,15.91
36059,12.01,15.91
36061,12.01,15.91
36063,12.01,15.91
36065,12.01,15.91
36067,12.01,15.91
36069,12.01,15.91
36071,12.01,15.91
36073,12.01,15.91
36075,12.01,15.91
36077,12.01,15.91
36079,12.01,15.91
36081,12.01,15.91
36083,12.01,15.91
36085,12.01,15.91
36087,12.01,15.91
36089,12.01,15.91
36091,12.01,15.91
36093,12.01,15.91
36095,12.01,15.91
36097,12.01,15.91
36099,12.01,15.91
36101,12.01,15.91
36103,12.01,15.91
36105,12.01,15.91
36107,12.01,15.91
36109,12.01,15.91
36111,12.01,15.91
36113,12.01,15.91
36115,12.01,15.91
36117,12.01,15.91
36119,12.01,15.91
36121,12.01,15.91
36123,12.01,15.91
37001,12.01,15.91
37003,12.01,15.91
37005,12.01,15.91
37007,12.01,15.91
37009,12.01,15.91
37011,12.01,15.91
37013,12.01,15.91
37015,12.01,15.91
37017,12.01,15.91
37019,12.01,15.91
37021,12.01,15.91
37023,12.01,15.91
37025,12.01,15.91
37027,12.01,15.91
37029,12.01,15.91
37031,12.01,15.91
37033,12.01,15.91
37035,12.01,15.91
37037,12.01,15.91
37039,12.01,15.91
37041,12.01,15.91
37043,12.01,15.91
37045,12.01,15.91
37047,12.01,15.91
37049,12.01,15.91
37051,12.01,15.91
37053,12.01,15.91
37055,12.01,15.91
37057,12.01,15.91
37059,12.01,15.91
37061,12.01,15.91
37063,12.01,15.91
37065,12.01,15.91
37067,12.01,15.91
37069,12.01,15.91
37071,12.01,15.91
37073,12.01,15.91
37075,12.01,15.91
37077,12.01,15.91
37079,12.01,15.91
37081,12.01,15.91
37083,12.01,15.91
37085,12.01,15.91
37087,12.01,15.91
37089,12.01,15.91
37091,12.01,15.91
37093,12.01,15.91
37095,12.01,15.91
37097,12.01,15.91
37099,12.01,15.91
37101,12.01,15.91
37103,12.01,15.91
37105,12.01,15.91
37107,12.01,15.91
37109,12.01,15.91
37111,12.01,15.91
37113,12.01,15.91
37115,12.01,15.91
37117,12.01,15.91
37119,12.01,15.91
37121,12.01,15.91
37123,12.01,15.91
37125,12.01,15.91
37127,12.01,15.91
37129,12.01,15.91
37131,12.01,15.91
37133,12.01,15.91
37135,12.01,15.91
37137,12.01,15.91
37139,12.01,15.91
37141,12.01,15.91
37143,12.01,15.91
37145,12.01,15.91
37147,12.01,15.91
37149,12.01,15.91
37151,12.01,15.91
37153,12.01,15.91
37155,12.01,15.91
37157,12.01,15.91
37159,12.01,15.91
37161,12.01,15.91
37163,12.01,15.91
37165,12.01,15.91
37167,12.01,15.91
37169,12.01,15.91
37171,12.01,15.91
37173,12.01,15.91
37175,12.01,15.91
37177,12.01,15.91
37179,12.01,15.91
37181,12.01,15.91
37183,12.01,15.91
37185,12.01,15.91
37187,12.01,15.91
37189,12.01,15.91
37191,12.01,15.91
37193,12.01,15.91
37195,12.01,15.91
37197,12.01,15.91
37199,12.01,15.91
38001,12.01,15.91
38003,12.01,15.91
38005,12.01,15.91
38007,12.01,15.91
38009,12.01,15.91
38011,12.01,15.91
38013,12.01,15.91
38015,12.01,15.91
38017,12.01,15.91
38019,12.01,15.91
38021,12.01,15.91
38023,12.01,15.91
38025,12.01,15.91
38027,12.01,15.91
38029,12.01,15.91
38031,12.01,15.91
38033,12.01,15.91
38035,12.01,15.91
38037,12.01,15.91
38039,12.01,15.91
38041,12.01,15.91
38043,12.01,15.91
38045,12.01,15.91
38047,12.01,15.91
38049,12.01,15.91
38051,12.01,15.91
38053,12.01,15.91
38055,12.01,15.91
38057,12.01,15.91
38059,12.01,15.91
38061,12.01,15.91
38063,12.01,15.91
38065,12.01,15.91
38067,12.01,15.91
38069,12.01,15.91
38071,12.01,15.91
38073,12.01,15.91
38075,12.01,15.91
38077,12.01,15.91
38079,12.01,15.91
38081,12.01,15.91
38083,12.01,15.91
38085,12.01,15.91
38087,12.01,15.91
38089,12.01,15.91
38091,12.01,15.91
38093,12.01,15.91
38095,12.01,15.91
38097,12.01,15.91
38099,12.01,15.91
38101,12.01,15.91
38103,12.01,15.91
38105,12.01,15.91
39001,12.01,15.91
39003,12.01,15.91
39005,12.01,15.91
39007,12.01,15.91
39009,12.01,15.91
39011,12.01,15.91
39013,12.01,15.91
39015,12.01,15.91
39017,12.01,15.91
39019,12.01,15.91
39021,12.01,15.91
39023,12.01,15.91
39025,12.01,15.91
39027,12.01,15.91
39029,12.01,15.91
39031,12.01,15.91
39033,12.01,15.91
39035,12.01,15.91
39037,12.01,15.91
39039,12.01,15.91
39041,12.01,15.91
39043,12.01,15.91
39045,12.01,15.91
39047,12.01,15.91
39049,12.01,15.91
39051,12.01,15.91
39053,12.01,15.91
39055,12.01,15.91
39057,12.01,15.91
39059,12.01,15.91
39061,12.01,15.91
39063,12.01,15.91
39065,12.01,15.91
39067,12.01,15.91
39069,12.01,15.91
39071,12.01,15.91
39073,12.01,15.91
39075,12.01,15.91
39077,12.01,15.91
39079,12.01,15.91
39081,12.01,15.91
39083,12.01,15.91
39085,12.01,15.91
39087,12.01,15.91
39089,12.01,15.91
39091,12.01,15.91
39093,12.01,15.91
39095,12.01,15.91
39097,12.01,15.91
39099,12.01,15.91
39101,12.01,15.91
39103,12.01,15.91
39105,12.01,15.91
39107,12.01,15.91
39109,12.01,15.91
39111,12.01,15.91
39113,12.01,15.91
39115,12.01,15.91
39117,12.01,15.91
39119,12.01,15.91
39121,12.01,15.91
39123,12.01,15.91
39125,12.01,15.91
39127,12.01,15.91
39129,12.01,15.91
39131,12.01,15.91
39133,12.01,15.91
39135,12.01,15.91
39137,12.01,15.91
39139,12.01,15.91
39141,12.01,15.91
39143,12.01,15.91
39145,12.01,15.91
39147,12.01,15.91
39149,12.01,15.91
39151,12.01,15.91
39153,12.01,15.91
39155,12.01,15.91
39157,12.01,15.91
39159,12.01,15.91
39161,12.01,15.91
39163,12.01,15.91
39165,12.01,15.91
39167,12.01,15.91
39169,12.01,15.91
39171,12.01,15.91
39173,12.01,15.91
39175,12.01,15.91
40001,12.01,15.91
40003,12.01,15.91
40005,12.01,15.91
40007,12.01,15.91
40009,12.01,15.91
40011,12.01,15.91
40013,12.01,15.91
40015,12.01,15.91
40017,12.01,15.91
40019,12.01,15.91
40021,12.01,15.91
40023,12.01,15.91
40025,12.01,15.91
40027,12.01,15.91
40029,12.01,15.91
40031,12.01,15.91
40033,12.01,15.91
40035,12.01,15.91
40037,12.01,15.91
40039,12.01,15.91
40041,12.01,15.91
40043,12.01,15.91
40045,12.01,15.91
40047,12.01,15.91
40049,12.01,15.91
40051,12.01,15.91
40053,12.01,15.91
40055,12.01,15.91
40057,12.01,15.91
40059,12.01,15.91
40061,12.01,15.91
40063,12.01,15.91
40065,12.01,15.91
40067,12.01,15.91
40069,12.01,15.91
40071,12.01,15.91
40073,12.01,15.91
40075,12.01,15.91
40077,12.01,15.91
40079,12.01,15.91
40081,12.01,15.91
40083,12.01,15.91
40085,12.01,15.91
40087,12.01,15.91
40089,12.01,15.91
40091,12.01,15.91
40093,12.01,15.91
40095,12.01,15.91
40097,12.01,15.91
40099,12.01,15.91
40101,12.01,15.91
40103,12.01,15.91
40105,12.01,15.91
40107,12.01,15.91
40109,12.01,15.91
40111,12.01,15.91
40113,12.01,15.91
40115,12.01,15.91
40117,12.01,15.91
40119,12.01,15.91
40121,12.01,15.91
40123,12.01,15.91
40125,12.01,15.91
40127,12.01,15.91
40129,12.01,15.91
40131,12.01,15.91
40133,12.01,15.91
40135,12.01,15.91
40137,12.01,15.91
40139,12.01,15.91
40141,12.01,15.91
40143,12.01,15.91
40145,12.01,15.91
40147,12.01,15.91
40149,12.01,15.91
40151,12.01,15.91
40153,12.01,15.91
41001,12.01,15.91
41003,12.01,15.91
41005,12.01,15.91
41007,12.01,15.91
41009,12.01,15.91
41011,12.01,15.91
41013,12.01,15.91
41015,12.01,15.91
41017,12.01,15.91
41019,12.01,15.91
41021,12.01,15.91
41023,12.01,15.91
41025,12.01,15.91
41027,12.01,15.91
41029,12.01,15.91
41031,12.01,15.91
41033,12.01,15.91
41035,12.01,15.91
41037,12.01,15.91
41039,12.01,15.91
41041,12.01,15.91
41043,12.01,15.91
41045,12.01,15.91
41047,12.01,15.91
41049,12.01,15.91
41051,12.01,15.91
41053,12.01,15.91
41055,12.01,15.91
41057,12.01,15.91
41059,12.01,15.91
41061,12.01,15.91
41063,12.01,15.91
41065,12.01,15.91
41067,12.01,15.91
41069,12.01,15.91
41071,12.01,15.91
42001,12.01,15.91
42003,12.01,15.91
42005,12.01,15.91
42007,12.01,15.91
42009,12.01,15.91
42011,12.01,15.91
42013,12.01,15.91
42015,12.01,15.91
42017,12.01,15.91
42019,12.01,15.91
42021,12.01,15.91
42023,12.01,15.91
42025,12.01,15.91
42027,12.01,15.91
42029,12.01,15.91
42031,12.01,15.91
42033,12.01,15.91
42035,12.01,15.91
42037,12.01,15.91
42039,12.01,15.91
42041,12.01,15.91
42043,12.01,15.91
42045,12.01,15.91
42047,12.01,15.91
42049,12.01,15.91
42051,12.01,15.91
42053,12.01,15.91
42055,12.01,15.91
42057,12.01,15.91
42059,12.01,15.91
42061,12.01,15.91
42063,12.01,15.91
42065,12.01,15.91
42067,12.01,15.91
42069,12.01,15.91
42071,12.01,15.91
42073,12.01,15.91
42075,12.01,15.91
42077,12.01,15.91
42079,12.01,15.91
42081,12.01,15.91
42083,12.01,15.91
42085,12.01,15.91
42087,12.01,15.91
42089,12.01,15.91
42091,12.01,15.91
42093,12.01,15.91
42095,12.01,15.91
42097,12.01,15.91
42099,12.01,15.91
42101,12.01,15.91
42103,12.01,15.91
42105,12.01,15.91
42107,12.01,15.91
42109,12.01,15.91
42111,12.01,15.91
42113,12.01,15.91
42115,12.01,15.91
42117,12.01,15.91
42119,12.01,15.91
42121,12.01,15.91
42123,12.01,15.91
42125,12.01,15.91
42127,12.01,15.91
42129,12.01,15.91
42131,12.01,15.91
42133,12.01,15.91
44001,12.01,15.91
44003,12.01,15.91
44005,12.01,15.91
44007,12.01,15.91
44009,12.01,15.91
45001,12.01,15.91
45003,12.01,15.91
45005,12.01,15.91
45007,12.01,15.91
45009,12.01,15.91
45011,12.01,15.91
45013,12.01,15.91
45015,12.01,15.91
45017,12.01,15.91
45019,12.01,15.91
45021,12.01,15.91
45023,12.01,15.91
45025,12.01,15.91
45027,12.01,15.91
45029,12.01,15.91
45031,12.01,15.91
45033,12.01,15.91
45035,12.01,15.91
45037,12.01,15.91
45039,12.01,15.91
45041,12.01,15.91
45043,12.01,15.91
45045,12.01,15.91
45047,12.01,15.91
45049,12.01,15.91
45051,12.01,15.91
45053,12.01,15.91
45055,12.01,15.91
45057,12.01,15.91
45059,12.01,15.91
45061,12.01,15.91
45063,12.01,15.91
45065,12.01,15.91
45067,12.01,15.91
45069,12.01,15.91
45071,12.01,15.91
45073,12.01,15.91
45075,12.01,15.91
45077,12.01,15.91
45079,12.01,15.91
45081,12.01,15.91
45083,12.01,15.91
45085,12.01,15.91
45087,12.01,15.91
45089,12.01,15.91
45091,12.01,15.91
46003,12.01,15.91
46005,12.01,15.91
46007,12.01,15.91
46009,12.01,15.91
46011,12.01,15.91
46013,12.01,15.91
46015,12.01,15.91
46017,12.01,15.91
46019,12.01,15.91
46021,12.01,15.91
46023,12.01,15.91
46025,12.01,15.91
46027,12.01,15.91
46029,12.01,15.91
46031,12.01,15.91
46033,12.01,15.91
46035,12.01,15.91
46037,12.01,15.91
46039,12.01,15.91
46041,12.01,15.91
46043,12.01,15.91
46045,12.01,15.91
46047,12.01,15.91
46049,12.01,15.91
46051,12.01,15.91
46053,12.01,15.91
46055,12.01,15.91
46057,12.01,15.91
46059,12.01,15.91
46061,12.01,15.91
46063,12.01,15.91
46065,12.01,15.91
46067,12.01,15.91
46069,12.01,15.91
46071,12.01,15.91
46073,12.01,15.91
46075,12.01,15.91
46077,12.01,15.91
46079,12.01,15.91
46081,12.01,15.91
46083,12.01,15.91
46085,12.01,15.91
46087,12.01,15.91
46089,12.01,15.91
46091,12.01,15.91
46093,12.01,15.91
46095,12.01,15.91
46097,12.01,15.91
46099,12.01,15.91
46101,12.01,15.91
46102,12.01,15.91
46103,12.01,15.91
46105,12.01,15.91
46107,12.01,15.91
46109,12.01,15.91
46111,12.01,15.91
46115,12.01,15.91
46117,12.01,15.91
46119,12.01,15.91
46121,12.01,15.91
46123,12.01,15.91
46125,12.01,15.91
46127,12.01,15.91
46129,12.01,15.91
46135,12.01,15.91
46137,12.01,15.91
47001,12.01,15.91
47003,12.01,15.91
47005,12.01,15.91
47007,12.01,15.91
47009,12.01,15.91
47011,12.01,15.91
47013,12.01,15.91
47015,12.01,15.91
47017,12.01,15.91
47019,12.01,15.91
47021,12.01,15.91
47023,12.01,15.91
47025,12.01,15.91
47027,12.01,15.91
47029,12.01,15.91
47031,12.01,15.91
47033,12.01,15.91
47035,12.01,15.91
47037,12.01,15.91
47039,12.01,15.91
47041,12.01,15.91
47043,12.01,15.91
47045,12.01,15.91
47047,12.01,15.91
47049,12.01,15.91
47051,12.01,15.91
47053,12.01,15.91
47055,12.01,15.91
47057,12.01,15.91
47059,12.01,15.91
47061,12.01,15.91
47063,12.01,15.91
47065,12.01,15.91
47067,12.01,15.91
47069,12.01,15.91
47071,12.01,15.91
47073,12.01,15.91
47075,12.01,15.91
47077,12.01,15.91
47079,12.01,15.91
47081,12.01,15.91
47083,12.01,15.91
47085,12.01,15.91
47087,12.01,15.91
47089,12.01,15.91
47091,12.01,15.91
47093,12.01,15.91
47095,12.01,15.91
47097,12.01,15.91
47099,12.01,15.91
47101,12.01,15.91
47103,12.01,15.91
47105,12.01,15.91
47107,12.01,15.91
47109,12.01,15.91
47111,12.01,15.91
47113,12.01,15.91
47115,12.01,15.91
47117,12.01,15.91
47119,12.01,15.91
47121,12.01,15.91
47123,12.01,15.91
47125,12.01,15.91
47127,12.01,15.91
47129,12.01,15.91
47131,12.01,15.91
47133,12.01,15.91
47135,12.01,15.91
47137,12.01,15.91
47139,12.01,15.91
47141,12.01,15.91
47143,12.01,15.91
47145,12.01,15.91
47147,12.01,15.91
47149,12.01,15.91
47151,12.01,15.91
47153,12.01,15.91
47155,12.01,15.91
47157,12.01,15.91
47159,12.01,15.91
47161,12.01,15.91
47163,12.01,15.91
47165,12.01,15.91
47167,12.01,15.91
47169,12.01,15.91
47171,12.01,15.91
47173,12.01,15.91
47175,12.01,15.91
47177,12.01,15.91
47179,12.01,15.91
47181,12.01,15.91
47183,12.01,15.91
47185,12.01,15.91
47187,12.01,15.91
47189,12.01,15.91
48001,12.01,15.91
48003,12.01,15.91
48005,12.01,15.91
48007,12.01,15.91
48009,12.01,15.91
48011,12.01,15.91
48013,12.01,15.91
48015,12.01,15.91
48017,12.01,15.91
48019,12.01,15.91
48021,12.01,15.91
48023,12.01,15.91
48025,12.01,15.91
48027,12.01,15.91
48029,12.01,15.91
48031,12.01,15.91
48033,12.01,15.91
48035,12.01,15.91
48037,12.01,15.91
48039,12.01,15.91
48041,12.01,15.91
48043,12.01,15.91
48045,12.01,15.91
48047,12.01,15.91
48049,12.01,15.91
48051,12.01,15.91
48053,12.01,15.91
48055,12.01,15.91
48057,12.01,15.91
48059,12.01,15.91
48061,12.01,15.91
48063,12.01,15.91
48065,12.01,15.91
48067,12.01,15.91
48069,12.01,15.91
48071,12.01,15.91
48073,12.01,15.91
48075,12.01,15.91
48077,12.01,15.91
48079,12.01,15.91
48081,12.01,15.91
48083,12.01,15.91
48085,12.01,15.91
48087,12.01,15.91
48089,12.01,15.91
48091,12.01,15.91
48093,12.01,15.91
48095,12.01,15.91
48097,12.01,15.91
48099,12.01,15.91
48101,12.01,15.91
48103,12.01,15.91
48105,12.01,15.91
48107,12.01,15.91
48109,12.01,15.91
48111,12.01,15.91
48113,12.01,15.91
48115,12.01,15.91
48117,12.01,15.91
48119,12.01,15.91
48121,12.01,15.91
48123,12.01,15.91
48125,12.01,15.91
48127,12.01,15.91
48129,12.01,15.91
48131,12.01,15.91
48133,12.01,15.91
48135,12.01,15.91
48137,12.01,15.91
48139,12.01,15.91
48141,12.01,15.91
48143,12.01,15.91
48145,12.01,15.91
48147,12.01,15.91
48149,12.01,15.91
48151,12.01,15.91
48153,12.01,15.91
48155,12.01,15.91
48157,12.01,15.91
48159,12.01,15.91
48161,12.01,15.91
48163,12.01,15.91
48165,12.01,15.91
48167,12.01,15.91
48169,12.01,15.91
48171,12.01,15.91
48173,12.01,15.91
48175,12.01,15.91
48177,12.01,15.91
48179,12.01,15.91
48181,12.01,15.91
48183,12.01,15.91
48185,12.01,15.91
48187,12.01,15.91
48189,12.01,15.91
48191,12.01,15.91
48193,12.01,15.91
48195,12.01,15.91
48197,12.01,15.91
48199,12.01,15.91
48201,12.01,15.91
48203,12.01,15.91
48205,12.01,15.91
48207,12.01,15.91
48209,12.01,15.91
48211,12.01,15.91
48213,12.01,15.91
48215,12.01,15.91
48217,12.01,15.91
48219,12.01,15.91
48221,12.01,15.91
48223,12.01,15.91
48225,12.01,15.91
48227,12.01,15.91
48229,12.01,15.91
48231,12.01,15.91
48233,12.01,15.91
48235,12.01,15.91
48237,12.01,15.91
48239,12.01,15.91
48241,12.01,15.91
48243,12.01,15.91
48245,12.01,15.91
48247,12.01,15.91
48249,12.01,15.91
48251,12.01,15.91
48253,12.01,15.91
48255,12.01,15.91
48257,12.01,15.91
48259,12.01,15.91
48261,12.01,15.91
48263,12.01,15.91
48265,12.01,15.91
48267,12.01,15.91
48269,12.01,15.91
48271,12.01,15.91
48273,12.01,15.91
48275,12.01,15.91
48277,12.01,15.91
48279,12.01,15.91
48281,12.01,15.91
48283,12.01,15.91
48285,12.01,15.91
48287,12.01,15.91
48289,12.01,15.91
48291,12.01,15.91
48293,12.01,15.91
48295,12.01,15.91
48297,12.01,15.91
48299,12.01,15.91
48301,12.01,15.91
48303,12.01,15.91
48305,12.01,15.91
48307,12.01,15.91
48309,12.01,15.91
48311,12.01,15.91
48313,12.01,15.91
48315,12.01,15.91
48317,12.01,15.91
48319,12.01,15.91
48321,12.01,15.91
48323,12.01,15.91
48325,12.01,15.91
48327,12.01,15.91
48329,12.01,15.91
48331,12.01,15.91
48333,12.01,15.91
48335,12.01,15.91
48337,12.01,15.91
48339,12.01,15.91
48341,12.01,15.91
48343,12.01,15.91
48345,12.01,15.91
48347,12.01,15.91
48349,12.01,15.91
48351,12.01,15.91
48353,12.01,15.91
48355,12.01,15.91
48357,12.01,15.91
48359,12.01,15.91
48361,12.01,15.91
48363,12.01,15.91
48365,12.01,15.91
48367,12.01,15.91
48369,12.01,15.91
48371,12.01,15.91
48373,12.01,15.91
48375,12.01,15.91
48377,12.01,15.91
48379,12.01,15.91
48381,12.01,15.91
48383,12.01,15.91
48385,12.01,15.91
48387,12.01,15.91
48389,12.01,15.91
48391,12.01,15.91
48393,12.01,15.91
48395,12.01,15.91
48397,12.01,15.91
48399,12.01,15.91
48401,12.01,15.91
48403,12.01,15.91
48405,12.01,15.91
48407,12.01,15.91
48409,12.01,15.91
48411,12.01,15.91
48413,12.01,15.91
48415,12.01,15.91
48417,12.01,15.91
48419,12.01,15.91
48421,12.01,15.91
48423,12.01,15.91
48425,12.01,15.91
48427,12.01,15.91
48429,12.01,15.91
48431,12.01,15.91
48433,12.01,15.91
48435,12.01,15.91
48437,12.01,15.91
48439,12.01,15.91
48441,12.01,15.91
48443,12.01,15.91
48445,12.01,15.91
48447,12.01,15.91
48449,12.01,15.91
48451,12.01,15.91
48453,12.01,15.91
48455,12.01,15.91
48457,12.01,15.91
48459,12.01,15.91
48461,12.01,15.91
48463,12.01,15.91
48465,12.01,15.91
48467,12.01,15.91
48469,12.01,15.91
48471,12.01,15.91
48473,12.01,15.91
48475,12.01,15.91
48477,12.01,15.91
48479,12.01,15.91
48481,12.01,15.91
48483,12.01,15.91
48485,12.01,15.91
48487,12.01,15.91
48489,12.01,15.91
48491,12.01,15.91
48493,12.01,15.91
48495,12.01,15.91
48497,12.01,15.91
48499,12.01,15.91
48501,12.01,15.91
48503,12.01,15.91
48505,12.01,15.91
48507,12.01,15.91
49001,12.01,15.91
49003,12.01,15.91
49005,12.01,15.91
49007,12.01,15.91
49009,12.01,15.91
49011,12.01,15.91
49013,12.01,15.91
49015,12.01,15.91
49017,12.01,15.91
49019,12.01,15.91
49021,12.01,15.91
49023,12.01,15.91
49025,12.01,15.91
49027,12.01,15.91
49029,12.01,15.91
49031,12.01,15.91
49033,12.01,15.91
49035,12.01,15.91
49037,12.01,15.91
49039,12.01,15.91
49041,12.01,15.91
49043,12.01,15.91
49045,12.01,15.91
49047,12.01,15.91
49049,12.01,15.91
49051,12.01,15.91
49053,12.01,15.91
49055,12.01,15.91
49057,12.01,15.91
50001,12.01,15.91
50003,12.01,15.91
50005,12.01,15.91
50007,12.01,15.91
50009,12.01,15.91
50011,12.01,15.91
50013,12.01,15.91
50015,12.01,15.91
50017,12.01,15.91
50019,12.01,15.91
50021,12.01,15.91
50023,12.01,15.91
50025,12.01,15.91
50027,12.01,15.91
51001,12.01,15.91
51003,12.01,15.91
51005,12.01,15.91
51007,12.01,15.91
51009,12.01,15.91
51011,12.01,15.91
51013,12.01,15.91
51015,12.01,15.91
51017,12.01,15.91
51019,12.01,15.91
51021,12.01,15.91
51023,12.01,15.91
51025,12.01,15.91
51027,12.01,15.91
51029,12.01,15.91
51031,12.01,15.91
51033,12.01,15.91
51035,12.01,15.91
51036,12.01,15.91
51037,12.01,15.91
51041,12.01,15.91
51043,12.01,15.91
51045,12.01,15.91
51047,12.01,15.91
51049,12.01,15.91
51051,12.01,15.91
51053,12.01,15.91
51057,12.01,15.91
51059,12.01,15.91
51061,12.01,15.91
51063,12.01,15.91
51065,12.01,15.91
51067,12.01,15.91
51069,12.01,15.91
51071,12.01,15.91
51073,12.01,15.91
51075,12.01,15.91
51077,12.01,15.91
51079,12.01,15.91
51081,12.01,15.91
51083,12.01,15.91
51085,12.01,15.91
51087,12.01,15.91
51089,12.01,15.91
51091,12.01,15.91
51093,12.01,15.91
51095,12.01,15.91
51097,12.01,15.91
51099,12.01,15.91
51101,12.01,15.91
51103,12.01,15.91
51105,12.01,15.91
51107,12.01,15.91
51109,12.01,15.91
51111,12.01,15.91
51113,12.01,15.91
51115,12.01,15.91
51117,12.01,15.91
51119,12.01,15.91
51121,12.01,15.91
51125,12.01,15.91
51127,12.01,15.91
51131,12.01,15.91
51133,12.01,15.91
51135,12.01,15.91
51137,12.01,15.91
51139,12.01,15.91
51141,12.01,15.91
51143,12.01,15.91
51145,12.01,15.91
51147,12.01,15.91
51149,12.01,15.91
51153,12.01,15.91
51155,12.01,15.91
51157,12.01,15.91
51159,12.01,15.91
51161,12.01,15.91
51163,12.01,15.91
51165,12.01,15.91
51167,12.01,15.91
51169,12.01,15.91
51171,12.01,15.91
51173,12.01,15.91
51175,12.01,15.91
51177,12.01,15.91
51179,12.01,15.91
51181,12.01,15.91
51183,12.01,15.91
51185,12.01,15.91
51187,12.01,15.91
51191,12.01,15.91
51193,12.01,15.91
51195,12.01,15.91
51197,12.01,15.91
51199,12.01,15.91
51510,12.01,15.91
51520,12.01,15.91
51530,12.01,15.91
51540,12.01,15.91
51550,12.01,15.91
51570,12.01,15.91
51580,12.01,15.91
51590,12.01,15.91
51595,12.01,15.91
51600,12.01,15.91
51610,12.01,15.91
51620,12.01,15.91
51630,12.01,15.91
51640,12.01,15.91
51650,12.01,15.91
51660,12.01,15.91
51670,12.01,15.91
51678,12.01,15.91
51680,12.01,15.91
51683,12.01,15.91
51685,12.01,15.91
51690,12.01,15.91
51700,12.01,15.91
51710,12.01,15.91
51720,12.01,15.91
51730,12.01,15.91
51735,12.01,15.91
51740,12.01,15.91
51750,12.01,15.91
51760,12.01,15.91
51770,12.01,15.91
51775,12.01,15.91
51790,12.01,15.91
51800,12.01,15.91
51810,12.01,15.91
51820,12.01,15.91
51830,12.01,15.91
51840,12.01,15.91
53001,12.01,15.91
53003,12.01,15.91
53005,12.01,15.91
53007,12.01,15.91
53009,12.01,15.91
53011,12.01,15.91
53013,12.01,15.91
53015,12.01,15.91
53017,12.01,15.91
53019,12.01,15.91
53021,12.01,15.91
53023,12.01,15.91
53025,12.01,15.91
53027,12.01,15.91
53029,12.01,15.91
53031,12.01,15.91
53033,12.01,15.91
53035,12.01,15.91
53037,12.01,15.91
53039,12.01,15.91
53041,12.01,15.91
53043,12.01,15.91
53045,12.01,15.91
53047,12.01,15.91
53049,12.01,15.91
53051,12.01,15.91
53053,12.01,15.91
53055,12.01,15.91
53057,12.01,15.91
53059,12.01,15.91
53061,12.01,15.91
53063,12.01,15.91
53065,12.01,15.91
53067,12.01,15.91
53069,12.01,15.91
53071,12.01,15.91
53073,12.01,15.91
53075,12.01,15.91
53077,12.01,15.91
54001,12.01,15.91
54003,12.01,15.91
54005,12.01,15.91
54007,12.01,15.91
54009,12.01,15.91
54011,12.01,15.91
54013,12.01,15.91
54015,12.01,15.91
54017,12.01,15.91
54019,12.01,15.91
54021,12.01,15.91
54023,12.01,15.91
54025,12.01,15.91
54027,12.01,15.91
54029,12.01,15.91
54031,12.01,15.91
54033,12.01,15.91
54035,12.01,15.91
54037,12.01,15.91
54039,12.01,15.91
54041,12.01,15.91
54043,12.01,15.91
54045,12.01,15.91
54047,12.01,15.91
54049,12.01,15.91
54051,12.01,15.91
54053,12.01,15.91
54055,12.01,15.91
54057,12.01,15.91
54059,12.01,15.91
54061,12.01,15.91
54063,12.01,15.91
54065,12.01,15.91
54067,12.01,15.91
54069,12.01,15.91
54071,12.01,15.91
54073,12.01,15.91
54075,12.01,15.91
54077,12.01,15.91
54079,12.01,15.91
54081,12.01,15.91
54083,12.01,15.91
54085,12.01,15.91
54087,12.01,15.91
54089,12.01,15.91
54091,12.01,15.91
54093,12.01,15.91
54095,12.01,15.91
54097,12.01,15.91
54099,12.01,15.91
54101,12.01,15.91
54103,12.01,15.91
54105,12.01,15.91
54107,12.01,15.91
54109,12.01,15.91
55001,12.01,15.91
55003,12.01,15.91
55005,12.01,15.91
55007,12.01,15.91
55009,12.01,15.91
55011,12.01,15.91
55013,12.01,15.91
55015,12.01,15.91
55017,12.01,15.91
55019,12.01,15.91
55021,12.01,15.91
55023,12.01,15.91
55025,12.01,15.91
55027,12.01,15.91
55029,12.01,15.91
55031,12.01,15.91
55033,12.01,15.91
55035,12.01,15.91
55037,12.01,15.91
55039,12.01,15.91
55041,12.01,15.91
55043,12.01,15.91
55045,12.01,15.91
55047,12.01,15.91
55049,12.01,15.91
55051,12.01,15.91
55053,12.01,15.91
55055,12.01,15.91
55057,12.01,15.91
55059,12.01,15.91
55061,12.01,15.91
55063,12.01,15.91
55065,12.01,15.91
55067,12.01,15.91
55069,12.01,15.91
55071,12.01,15.91
55073,12.01,15.91
55075,12.01,15.91
55077,12.01,15.91
55078,12.01,15.91
55079,12.01,15.91
55081,12.01,15.91
55083,12.01,15.91
55085,12.01,15.91
55087,12.01,15.91
55089,12.01,15.91
55091,12.01,15.91
55093,12.01,15.91
55095,12.01,15.91
55097,12.01,15.91
55099,12.01,15.91
55101,12.01,15.91
55103,12.01,15.91
55105,12.01,15.91
55107,12.01,15.91
55109,12.01,15.91
55111,12.01,15.91
55113,12.01,15.91
55115,12.01,15.91
55117,12.01,15.91
55119,12.01,15.91
55121,12.01,15.91
55123,12.01,15.91
55125,12.01,15.91
55127,12.01,15.91
55129,12.01,15.91
55131,12.01,15.91
55133,12.01,15.91
55135,12.01,15.91
55137,12.01,15.91
55139,12.01,15.91
55141,12.01,15.91
56001,12.01,15.91
56003,12.01,15.91
56005,12.01,15.91
56007,12.01,15.91
56009,12.01,15.91
56011,12.01,15.91
56013,12.01,15.91
56015,12.01,15.91
56017,12.01,15.91
56019,12.01,15.91
56021,12.01,15.91
56023,12.01,15.91
56025,12.01,15.91
56027,12.01,15.91
56029,12.01,15.91
56031,12.01,15.91
56033,12.01,15.91
56035,12.01,15.91
56037,12.01,15.91
56039,12.01,15.91
56041,12.01,15.91
56043,12.01,15.91
56045,12.01,15.91