fips,2023,2024
01,0.140842863,0.145814982
01001,0.140842863,0.145814982
01003,0.140842863,0.145814982
01005,0.140842863,0.145814982
01007,0.140842863,0.145814982
01009,0.140842863,0.145814982
01011,0.140842863,0.145814982
01013,0.140842863,0.145814982
01015,0.140842863,0.145814982
01017,0.140842863,0.145814982
01019,0.140842863,0.145814982
01021,0.140842863,0.145814982
01023,0.140842863,0.145814982
01025,0.140842863,0.145814982
01027,0.140842863,0.145814982
01029,0.140842863,0.145814982
01031,0.140842863,0.145814982
01033,0.140842863,0.145814982
01035,0.140842863,0.145814982
01037,0.140842863,0.145814982
01039,0.140842863,0.145814982
01041,0.140842863,0.145814982
01043,0.140842863,0.145814982
01045,0.140842863,0.145814982
01047,0.140842863,0.145814982
01049,0.140842863,0.145814982
01051,0.140842863,0.145814982
01053,0.140842863,0.145814982
01055,0.140842863,0.145814982
01057,0.140842863,0.145814982
01059,0.140842863,0.145814982
01061,0.140842863,0.145814982
01063,0.140842863,0.145814982
01065,0.140842863,0.145814982
01067,0.140842863,0.145814982
01069,0.140842863,0.145814982
01071,0.140842863,0.145814982
01073,0.140842863,0.145814982
01075,0.140842863,0.145814982
01077,0.140842863,0.145814982
01079,0.140842863,0.145814982
01081,0.140842863,0.145814982
01083,0.140842863,0.145814982
01085,0.140842863,0.145814982
01087,0.140842863,0.145814982
01089,0.140842863,0.145814982
01091,0.140842863,0.145814982
01093,0.140842863,0.145814982
01095,0.140842863,0.145814982
01097,0.140842863,0.145814982
01099,0.140842863,0.145814982
01101,0.140842863,0.145814982
01103,0.140842863,0.145814982
01105,0.140842863,0.145814982
01107,0.140842863,0.145814982
01109,0.140842863,0.145814982
01111,0.140842863,0.145814982
01113,0.140842863,0.145814982
01115,0.140842863,0.145814982
01117,0.140842863,0.145814982
01119,0.140842863,0.145814982
01121,0.140842863,0.145814982
01123,0.140842863,0.145814982
01125,0.140842863,0.145814982
01127,0.140842863,0.145814982
01129,0.140842863,0.145814982
01131,0.140842863,0.145814982
01133,0.140842863,0.145814982
04001,0.140842863,0.145814982
04003,0.140842863,0.145814982
04005,0.140842863,0.145814982
04007,0.140842863,0.145814982
04009,0.140842863,0.145814982
04011,0.140842863,0.145814982
04012,0.140842863,0.145814982
04013,0.140842863,0.145814982
04015,0.140842863,0.145814982
04017,0.140842863,0.145814982
04019,0.140842863,0.145814982
04021,0.140842863,0.145814982
04023,0.140842863,0.145814982
04025,0.140842863,0.145814982
04027,0.140842863,0.145814982
05001,0.140842863,0.145814982
05003,0.140842863,0.145814982
05005,0.140842863,0.145814982
05007,0.140842863,0.145814982
05009,0.140842863,0.145814982
05011,0.140842863,0.145814982
05013,0.140842863,0.145814982
05015,0.140842863,0.145814982
05017,0.140842863,0.145814982
05019,0.140842863,0.145814982
05021,0.140842863,0.145814982
05023,0.140842863,0.145814982
05025,0.140842863,0.145814982
05027,0.140842863,0.145814982
05029,0.140842863,0.145814982
05031,0.140842863,0.145814982
05033,0.140842863,0.145814982
05035,0.140842863,0.145814982
05037,0.140842863,0.145814982
05039,0.140842863,0.145814982
05041,0.140842863,0.145814982
05043,0.140842863,0.145814982
05045,0.140842863,0.145814982
05047,0.140842863,0.145814982
05049,0.140842863,0.145814982
05051,0.140842863,0.145814982
05053,0.140842863,0.145814982
05055,0.140842863,0.145814982
05057,0.140842863,0.145814982
05059,0.140842863,0.145814982
05061,0.140842863,0.145814982
05063,0.140842863,0.145814982
05065,0.140842863,0.145814982
05067,0.140842863,0.145814982
05069,0.140842863,0.145814982
05071,0.140842863,0.145814982
05073,0.140842863,0.145814982
05075,0.140842863,0.145814982
05077,0.140842863,0.145814982
05079,0.140842863,0.145814982
05081,0.140842863,0.145814982
05083,0.140842863,0.145814982
05085,0.140842863,0.145814982
05087,0.140842863,0.145814982
05089,0.140842863,0.145814982
05091,0.140842863,0.145814982
05093,0.140842863,0.145814982
05095,0.140842863,0.145814982
05097,0.140842863,0.145814982
05099,0.140842863,0.145814982
05101,0.140842863,0.145814982
05103,0.140842863,0.145814982
05105,0.140842863,0.145814982
05107,0.140842863,0.145814982
05109,0.140842863,0.145814982
05111,0.140842863,0.145814982
05113,0.140842863,0.145814982
05115,0.140842863,0.145814982
05117,0.140842863,0.145814982
05119,0.140842863,0.145814982
05121,0.140842863,0.145814982
05123,0.140842863,0.145814982
05125,0.140842863,0.145814982
05127,0.140842863,0.145814982
05129,0.140842863,0.145814982
05131,0.140842863,0.145814982
05133,0.140842863,0.145814982
05135,0.140842863,0.145814982
05137,0.140842863,0.145814982
05139,0.140842863,0.145814982
05141,0.140842863,0.145814982
05143,0.140842863,0.145814982
05145,0.140842863,0.145814982
05147,0.140842863,0.145814982
05149,0.140842863,0.145814982
06001,0.140842863,0.145814982
06003,0.140842863,0.145814982
06005,0.140842863,0.145814982
06007,0.140842863,0.145814982
06009,0.140842863,0.145814982
06011,0.140842863,0.145814982
06013,0.140842863,0.145814982
06015,0.140842863,0.145814982
06017,0.140842863,0.145814982
06019,0.140842863,0.145814982
06021,0.140842863,0.145814982
06023,0.140842863,0.145814982
06025,0.140842863,0.145814982
06027,0.140842863,0.145814982
06029,0.140842863,0.145814982
06031,0.140842863,0.145814982
06033,0.140842863,0.145814982
06035,0.140842863,0.145814982
06037,0.140842863,0.145814982
06039,0.140842863,0.145814982
06041,0.140842863,0.145814982
06043,0.140842863,0.145814982
06045,0.140842863,0.145814982
06047,0.140842863,0.145814982
06049,0.140842863,0.145814982
06051,0.140842863,0.145814982
06053,0.140842863,0.145814982
06055,0.140842863,0.145814982
06057,0.140842863,0.145814982
06059,0.140842863,0.145814982
06061,0.140842863,0.145814982
06063,0.140842863,0.145814982
06065,0.140842863,0.145814982
06067,0.140842863,0.145814982
06069,0.140842863,0.145814982
06071,0.140842863,0.145814982
06073,0.140842863,0.145814982
06075,0.140842863,0.145814982
06077,0.140842863,0.145814982
06079,0.140842863,0.145814982
06081,0.140842863,0.145814982
06083,0.140842863,0.145814982
06085,0.140842863,0.145814982
06087,0.140842863,0.145814982
06089,0.140842863,0.145814982
06091,0.140842863,0.145814982
06093,0.140842863,0.145814982
06095,0.140842863,0.145814982
06097,0.140842863,0.145814982
06099,0.140842863,0.145814982
06101,0.140842863,0.145814982
06103,0.140842863,0.145814982
06105,0.140842863,0.145814982
06107,0.140842863,0.145814982
06109,0.140842863,0.145814982
06111,0.140842863,0.145814982
06113,0.140842863,0.145814982
06115,0.140842863,0.145814982
08001,0.140842863,0.145814982
08003,0.140842863,0.145814982
08005,0.140842863,0.145814982
08007,0.140842863,0.145814982
08009,0.140842863,0.145814982
08011,0.140842863,0.145814982
08013,0.140842863,0.145814982
08014,0.140842863,0.145814982
08015,0.140842863,0.145814982
08017,0.140842863,0.145814982
08019,0.140842863,0.145814982
08021,0.140842863,0.145814982
08023,0.140842863,0.145814982
08025,0.140842863,0.145814982
08027,0.140842863,0.145814982
08029,0.140842863,0.145814982
08031,0.140842863,0.145814982
08033,0.140842863,0.145814982
08035,0.140842863,0.145814982
08037,0.140842863,0.145814982
08039,0.140842863,0.145814982
08041,0.140842863,0.145814982
08043,0.140842863,0.145814982
08045,0.140842863,0.145814982
08047,0.140842863,0.145814982
08049,0.140842863,0.145814982
08051,0.140842863,0.145814982
08053,0.140842863,0.145814982
08055,0.140842863,0.145814982
08057,0.140842863,0.145814982
08059,0.140842863,0.145814982
08061,0.140842863,0.145814982
08063,0.140842863,0.145814982
08065,0.140842863,0.145814982
08067,0.140842863,0.145814982
08069,0.140842863,0.145814982
08071,0.140842863,0.145814982
08073,0.140842863,0.145814982
08075,0.140842863,0.145814982
08077,0.140842863,0.145814982
08079,0.140842863,0.145814982
08081,0.140842863,0.145814982
08083,0.140842863,0.145814982
08085,0.140842863,0.145814982
08087,0.140842863,0.145814982
08089,0.140842863,0.145814982
08091,0.140842863,0.145814982
08093,0.140842863,0.145814982
08095,0.140842863,0.145814982
08097,0.140842863,0.145814982
08099,0.140842863,0.145814982
08101,0.140842863,0.145814982
08103,0.140842863,0.145814982
08105,0.140842863,0.145814982
08107,0.140842863,0.145814982
08109,0.140842863,0.145814982
08111,0.140842863,0.145814982
08113,0.140842863,0.145814982
08115,0.140842863,0.145814982
08117,0.140842863,0.145814982
08119,0.140842863,0.145814982
08121,0.140842863,0.145814982
08123,0.140842863,0.145814982
08125,0.140842863,0.145814982
09001,0.140842863,0.145814982
09003,0.140842863,0.145814982
09005,0.140842863,0.145814982
09007,0.140842863,0.145814982
09009,0.140842863,0.145814982
09011,0.140842863,0.145814982
09013,0.140842863,0.145814982
09015,0.140842863,0.145814982
10001,0.140842863,0.145814982
10003,0.140842863,0.145814982
10005,0.140842863,0.145814982
11001,0.140842863,0.145814982
12001,0.140842863,0.145814982
12003,0.140842863,0.145814982
12005,0.140842863,0.145814982
12007,0.140842863,0.145814982
12009,0.140842863,0.145814982
12011,0.140842863,0.145814982
12013,0.140842863,0.145814982
12015,0.140842863,0.145814982
12017,0.140842863,0.145814982
12019,0.140842863,0.145814982
12021,0.140842863,0.145814982
12023,0.140842863,0.145814982
12027,0.140842863,0.145814982
12029,0.140842863,0.145814982
12031,0.140842863,0.145814982
12033,0.140842863,0.145814982
12035,0.140842863,0.145814982
12037,0.140842863,0.145814982
12039,0.140842863,0.145814982
12041,0.140842863,0.145814982
12043,0.140842863,0.145814982
12045,0.140842863,0.145814982
12047,0.140842863,0.145814982
12049,0.140842863,0.145814982
12051,0.140842863,0.145814982
12053,0.140842863,0.145814982
12055,0.140842863,0.145814982
12057,0.140842863,0.145814982
12059,0.140842863,0.145814982
12061,0.140842863,0.145814982
12063,0.140842863,0.145814982
12065,0.140842863,0.145814982
12067,0.140842863,0.145814982
12069,0.140842863,0.145814982
12071,0.140842863,0.145814982
12073,0.140842863,0.145814982
12075,0.140842863,0.145814982
12077,0.140842863,0.145814982
12079,0.140842863,0.145814982
12081,0.140842863,0.145814982
12083,0.140842863,0.145814982
12085,0.140842863,0.145814982
12086,0.140842863,0.145814982
12087,0.140842863,0.145814982
12089,0.140842863,0.145814982
12091,0.140842863,0.145814982
12093,0.140842863,0.145814982
12095,0.140842863,0.145814982
12097,0.140842863,0.145814982
12099,0.140842863,0.145814982
12101,0.140842863,0.145814982
12103,0.140842863,0.145814982
12105,0.140842863,0.145814982
12107,0.140842863,0.145814982
12109,0.140842863,0.145814982
12111,0.140842863,0.145814982
12113,0.140842863,0.145814982
12115,0.140842863,0.145814982
12117,0.140842863,0.145814982
12119,0.140842863,0.145814982
12121,0.140842863,0.145814982
12123,0.140842863,0.145814982
12125,0.140842863,0.145814982
12127,0.140842863,0.145814982
12129,0.140842863,0.145814982
12131,0.140842863,0.145814982
12133,0.140842863,0.145814982
13001,0.140842863,0.145814982
13003,0.140842863,0.145814982
13005,0.140842863,0.145814982
13007,0.140842863,0.145814982
13009,0.140842863,0.145814982
13011,0.140842863,0.145814982
13013,0.140842863,0.145814982
13015,0.140842863,0.145814982
13017,0.140842863,0.145814982
13019,0.140842863,0.145814982
13021,0.140842863,0.145814982
13023,0.140842863,0.145814982
13025,0.140842863,0.145814982
13027,0.140842863,0.145814982
13029,0.140842863,0.145814982
13031,0.140842863,0.145814982
13033,0.140842863,0.145814982
13035,0.140842863,0.145814982
13037,0.140842863,0.145814982
13039,0.140842863,0.145814982
13043,0.140842863,0.145814982
13045,0.140842863,0.145814982
13047,0.140842863,0.145814982
13049,0.140842863,0.145814982
13051,0.140842863,0.145814982
13053,0.140842863,0.145814982
13055,0.140842863,0.145814982
13057,0.140842863,0.145814982
13059,0.140842863,0.145814982
13061,0.140842863,0.145814982
13063,0.140842863,0.145814982
13065,0.140842863,0.145814982
13067,0.140842863,0.145814982
13069,0.140842863,0.145814982
13071,0.140842863,0.145814982
13073,0.140842863,0.145814982
13075,0.140842863,0.145814982
13077,0.140842863,0.145814982
13079,0.140842863,0.145814982
13081,0.140842863,0.145814982
13083,0.140842863,0.145814982
13085,0.140842863,0.145814982
13087,0.140842863,0.145814982
13089,0.140842863,0.145814982
13091,0.140842863,0.145814982
13093,0.140842863,0.145814982
13095,0.140842863,0.145814982
13097,0.140842863,0.145814982
13099,0.140842863,0.145814982
13101,0.140842863,0.145814982
13103,0.140842863,0.145814982
13105,0.140842863,0.145814982
13107,0.140842863,0.145814982
13109,0.140842863,0.145814982
13111,0.140842863,0.145814982
13113,0.140842863,0.145814982
13115,0.140842863,0.145814982
13117,0.140842863,0.145814982
13119,0.140842863,0.145814982
13121,0.140842863,0.145814982
13123,0.140842863,0.145814982
13125,0.140842863,0.145814982
13127,0.140842863,0.145814982
13129,0.140842863,0.145814982
13131,0.140842863,0.145814982
13133,0.140842863,0.145814982
13135,0.140842863,0.145814982
13137,0.140842863,0.145814982
13139,0.140842863,0.145814982
13141,0.140842863,0.145814982
13143,0.140842863,0.145814982
13145,0.140842863,0.145814982
13147,0.140842863,0.145814982
13149,0.140842863,0.145814982
13151,0.140842863,0.145814982
13153,0.140842863,0.145814982
13155,0.140842863,0.145814982
13157,0.140842863,0.145814982
13159,0.140842863,0.145814982
13161,0.140842863,0.145814982
13163,0.140842863,0.145814982
13165,0.140842863,0.145814982
13167,0.140842863,0.145814982
13169,0.140842863,0.145814982
13171,0.140842863,0.145814982
13173,0.140842863,0.145814982
13175,0.140842863,0.145814982
13177,0.140842863,0.145814982
13179,0.140842863,0.145814982
13181,0.140842863,0.145814982
13183,0.140842863,0.145814982
13185,0.140842863,0.145814982
13187,0.140842863,0.145814982
13189,0.140842863,0.145814982
13191,0.140842863,0.145814982
13193,0.140842863,0.145814982
13195,0.140842863,0.145814982
13197,0.140842863,0.145814982
13199,0.140842863,0.145814982
13201,0.140842863,0.145814982
13205,0.140842863,0.145814982
13207,0.140842863,0.145814982
13209,0.140842863,0.145814982
13211,0.140842863,0.145814982
13213,0.140842863,0.145814982
13215,0.140842863,0.145814982
13217,0.140842863,0.145814982
13219,0.140842863,0.145814982
13221,0.140842863,0.145814982
13223,0.140842863,0.145814982
13225,0.140842863,0.145814982
13227,0.140842863,0.145814982
13229,0.140842863,0.145814982
13231,0.140842863,0.145814982
13233,0.140842863,0.145814982
13235,0.140842863,0.145814982
13237,0.140842863,0.145814982
13239,0.140842863,0.145814982
13241,0.140842863,0.145814982
13243,0.140842863,0.145814982
13245,0.140842863,0.145814982
13247,0.140842863,0.145814982
13249,0.140842863,0.145814982
13251,0.140842863,0.145814982
13253,0.140842863,0.145814982
13255,0.140842863,0.145814982
13257,0.140842863,0.145814982
13259,0.140842863,0.145814982
13261,0.140842863,0.145814982
13263,0.140842863,0.145814982
13265,0.140842863,0.145814982
13267,0.140842863,0.145814982
13269,0.140842863,0.145814982
13271,0.140842863,0.145814982
13273,0.140842863,0.145814982
13275,0.140842863,0.145814982
13277,0.140842863,0.145814982
13279,0.140842863,0.145814982
13281,0.140842863,0.145814982
13283,0.140842863,0.145814982
13285,0.140842863,0.145814982
13287,0.140842863,0.145814982
13289,0.140842863,0.145814982
13291,0.140842863,0.145814982
13293,0.140842863,0.145814982
13295,0.140842863,0.145814982
13297,0.140842863,0.145814982
13299,0.140842863,0.145814982
13301,0.140842863,0.145814982
13303,0.140842863,0.145814982
13305,0.140842863,0.145814982
13307,0.140842863,0.145814982
13309,0.140842863,0.145814982
13311,0.140842863,0.145814982
13313,0.140842863,0.145814982
13315,0.140842863,0.145814982
13317,0.140842863,0.145814982
13319,0.140842863,0.145814982
13321,0.140842863,0.145814982
16001,0.140842863,0.145814982
16003,0.140842863,0.145814982
16005,0.140842863,0.145814982
16007,0.140842863,0.145814982
16009,0.140842863,0.145814982
16011,0.140842863,0.145814982
16013,0.140842863,0.145814982
16015,0.140842863,0.145814982
16017,0.140842863,0.145814982
16019,0.140842863,0.145814982
16021,0.140842863,0.145814982
16023,0.140842863,0.145814982
16025,0.140842863,0.145814982
16027,0.140842863,0.145814982
16029,0.140842863,0.145814982
16031,0.140842863,0.145814982
16033,0.140842863,0.145814982
16035,0.140842863,0.145814982
16037,0.140842863,0.145814982
16039,0.140842863,0.145814982
16041,0.140842863,0.145814982
16043,0.140842863,0.145814982
16045,0.140842863,0.145814982
16047,0.140842863,0.145814982
16049,0.140842863,0.145814982
16051,0.140842863,0.145814982
16053,0.140842863,0.145814982
16055,0.140842863,0.145814982
16057,0.140842863,0.145814982
16059,0.140842863,0.145814982
16061,0.140842863,0.145814982
16063,0.140842863,0.145814982
16065,0.140842863,0.145814982
16067,0.140842863,0.145814982
16069,0.140842863,0.145814982
16071,0.140842863,0.145814982
16073,0.140842863,0.145814982
16075,0.140842863,0.145814982
16077,0.140842863,0.145814982
16079,0.140842863,0.145814982
16081,0.140842863,0.145814982
16083,0.140842863,0.145814982
16085,0.140842863,0.145814982
16087,0.140842863,0.145814982
17001,0.140842863,0.145814982
17003,0.140842863,0.145814982
17005,0.140842863,0.145814982
17007,0.140842863,0.145814982
17009,0.140842863,0.145814982
17011,0.140842863,0.145814982
17013,0.140842863,0.145814982
17015,0.140842863,0.145814982
17017,0.140842863,0.145814982
17019,0.140842863,0.145814982
17021,0.140842863,0.145814982
17023,0.140842863,0.145814982
17025,0.140842863,0.145814982
17027,0.140842863,0.145814982
17029,0.140842863,0.145814982
17031,0.140842863,0.145814982
17033,0.140842863,0.145814982
17035,0.140842863,0.145814982
17037,0.140842863,0.145814982
17039,0.140842863,0.145814982
17041,0.140842863,0.145814982
17043,0.140842863,0.145814982
17045,0.140842863,0.145814982
17047,0.140842863,0.145814982
17049,0.140842863,0.145814982
17051,0.140842863,0.145814982
17053,0.140842863,0.145814982
17055,0.140842863,0.145814982
17057,0.140842863,0.145814982
17059,0.140842863,0.145814982
17061,0.140842863,0.145814982
17063,0.140842863,0.145814982
17065,0.140842863,0.145814982
17067,0.140842863,0.145814982
17069,0.140842863,0.145814982
17071,0.140842863,0.145814982
17073,0.140842863,0.145814982
17075,0.140842863,0.145814982
17077,0.140842863,0.145814982
17079,0.140842863,0.145814982
17081,0.140842863,0.145814982
17083,0.140842863,0.145814982
17085,0.140842863,0.145814982
17087,0.140842863,0.145814982
17089,0.140842863,0.145814982
17091,0.140842863,0.145814982
17093,0.140842863,0.145814982
17095,0.140842863,0.145814982
17097,0.140842863,0.145814982
17099,0.140842863,0.145814982
17101,0.140842863,0.145814982
17103,0.140842863,0.145814982
17105,0.140842863,0.145814982
17107,0.140842863,0.145814982
17109,0.140842863,0.145814982
17111,0.140842863,0.145814982
17113,0.140842863,0.145814982
17115,0.140842863,0.145814982
17117,0.140842863,0.145814982
17119,0.140842863,0.145814982
17121,0.140842863,0.145814982
17123,0.140842863,0.145814982
17125,0.140842863,0.145814982
17127,0.140842863,0.145814982
17129,0.140842863,0.145814982
17131,0.140842863,0.145814982
17133,0.140842863,0.145814982
17135,0.140842863,0.145814982
17137,0.140842863,0.145814982
17139,0.140842863,0.145814982
17141,0.140842863,0.145814982
17143,0.140842863,0.145814982
17145,0.140842863,0.145814982
17147,0.140842863,0.145814982
17149,0.140842863,0.145814982
17151,0.140842863,0.145814982
17153,0.140842863,0.145814982
17155,0.140842863,0.145814982
17157,0.140842863,0.145814982
17159,0.140842863,0.145814982
17161,0.140842863,0.145814982
17163,0.140842863,0.145814982
17165,0.140842863,0.145814982
17167,0.140842863,0.145814982
17169,0.140842863,0.145814982
17171,0.140842863,0.145814982
17173,0.140842863,0.145814982
17175,0.140842863,0.145814982
17177,0.140842863,0.145814982
17179,0.140842863,0.145814982
17181,0.140842863,0.145814982
17183,0.140842863,0.145814982
17185,0.140842863,0.145814982
17187,0.140842863,0.145814982
17189,0.140842863,0.145814982
17191,0.140842863,0.145814982
17193,0.140842863,0.145814982
17195,0.140842863,0.145814982
17197,0.140842863,0.145814982
17199,0.140842863,0.145814982
17201,0.140842863,0.145814982
17203,0.140842863,0.145814982
18001,0.140842863,0.145814982
18003,0.140842863,0.145814982
18005,0.140842863,0.145814982
18007,0.140842863,0.145814982
18009,0.140842863,0.145814982
18011,0.140842863,0.145814982
18013,0.140842863,0.145814982
18015,0.140842863,0.145814982
18017,0.140842863,0.145814982
18019,0.140842863,0.145814982
18021,0.140842863,0.145814982
18023,0.140842863,0.145814982
18025,0.140842863,0.145814982
18027,0.140842863,0.145814982
18029,0.140842863,0.145814982
18031,0.140842863,0.145814982
18033,0.140842863,0.145814982
18035,0.140842863,0.145814982
18037,0.140842863,0.145814982
18039,0.140842863,0.145814982
18041,0.140842863,0.145814982
18043,0.140842863,0.145814982
18045,0.140842863,0.145814982
18047,0.140842863,0.145814982
18049,0.140842863,0.145814982
18051,0.140842863,0.145814982
18053,0.140842863,0.145814982
18055,0.140842863,0.145814982
18057,0.140842863,0.145814982
18059,0.140842863,0.145814982
18061,0.140842863,0.145814982
18063,0.140842863,0.145814982
18065,0.140842863,0.145814982
18067,0.140842863,0.145814982
18069,0.140842863,0.145814982
18071,0.140842863,0.145814982
18073,0.140842863,0.145814982
18075,0.140842863,0.145814982
18077,0.140842863,0.145814982
18079,0.140842863,0.145814982
18081,0.140842863,0.145814982
18083,0.140842863,0.145814982
18085,0.140842863,0.145814982
18087,0.140842863,0.145814982
18089,0.140842863,0.145814982
18091,0.140842863,0.145814982
18093,0.140842863,0.145814982
18095,0.140842863,0.145814982
18097,0.140842863,0.145814982
18099,0.140842863,0.145814982
18101,0.140842863,0.145814982
18103,0.140842863,0.145814982
18105,0.140842863,0.145814982
18107,0.140842863,0.145814982
18109,0.140842863,0.145814982
18111,0.140842863,0.145814982
18113,0.140842863,0.145814982
18115,0.140842863,0.145814982
18117,0.140842863,0.145814982
18119,0.140842863,0.145814982
18121,0.140842863,0.145814982
18123,0.140842863,0.145814982
18125,0.140842863,0.145814982
18127,0.140842863,0.145814982
18129,0.140842863,0.145814982
18131,0.140842863,0.145814982
18133,0.140842863,0.145814982
18135,0.140842863,0.145814982
18137,0.140842863,0.145814982
18139,0.140842863,0.145814982
18141,0.140842863,0.145814982
18143,0.140842863,0.145814982
18145,0.140842863,0.145814982
18147,0.140842863,0.145814982
18149,0.140842863,0.145814982
18151,0.140842863,0.145814982
18153,0.140842863,0.145814982
18155,0.140842863,0.145814982
18157,0.140842863,0.145814982
18159,0.140842863,0.145814982
18161,0.140842863,0.145814982
18163,0.140842863,0.145814982
18165,0.140842863,0.145814982
18167,0.140842863,0.145814982
18169,0.140842863,0.145814982
18171,0.140842863,0.145814982
18173,0.140842863,0.145814982
18175,0.140842863,0.145814982
18177,0.140842863,0.145814982
18179,0.140842863,0.145814982
18181,0.140842863,0.145814982
18183,0.140842863,0.145814982
19001,0.140842863,0.145814982
19003,0.140842863,0.145814982
19005,0.140842863,0.145814982
19007,0.140842863,0.145814982
19009,0.140842863,0.145814982
19011,0.140842863,0.145814982
19013,0.140842863,0.145814982
19015,0.140842863,0.145814982
19017,0.140842863,0.145814982
19019,0.140842863,0.145814982
19021,0.140842863,0.145814982
19023,0.140842863,0.145814982
19025,0.140842863,0.145814982
19027,0.140842863,0.145814982
19029,0.140842863,0.145814982
19031,0.140842863,0.145814982
19033,0.140842863,0.145814982
19035,0.140842863,0.145814982
19037,0.140842863,0.145814982
19039,0.140842863,0.145814982
19041,0.140842863,0.145814982
19043,0.140842863,0.145814982
19045,0.140842863,0.145814982
19047,0.140842863,0.145814982
19049,0.140842863,0.145814982
19051,0.140842863,0.145814982
19053,0.140842863,0.145814982
19055,0.140842863,0.145814982
19057,0.140842863,0.145814982
19059,0.140842863,0.145814982
19061,0.140842863,0.145814982
19063,0.140842863,0.145814982
19065,0.140842863,0.145814982
19067,0.140842863,0.145814982
19069,0.140842863,0.145814982
19071,0.140842863,0.145814982
19073,0.140842863,0.145814982
19075,0.140842863,0.145814982
19077,0.140842863,0.145814982
19079,0.140842863,0.145814982
19081,0.140842863,0.145814982
19083,0.140842863,0.145814982
19085,0.140842863,0.145814982
19087,0.140842863,0.145814982
19089,0.140842863,0.145814982
19091,0.140842863,0.145814982
19093,0.140842863,0.145814982
19095,0.140842863,0.145814982
19097,0.140842863,0.145814982
19099,0.140842863,0.145814982
19101,0.140842863,0.145814982
19103,0.140842863,0.145814982
19105,0.140842863,0.145814982
19107,0.140842863,0.145814982
19109,0.140842863,0.145814982
19111,0.140842863,0.145814982
19113,0.140842863,0.145814982
19115,0.140842863,0.145814982
19117,0.140842863,0.145814982
19119,0.140842863,0.145814982
19121,0.140842863,0.145814982
19123,0.140842863,0.145814982
19125,0.140842863,0.145814982
19127,0.140842863,0.145814982
19129,0.140842863,0.145814982
19131,0.140842863,0.145814982
19133,0.140842863,0.145814982
19135,0.140842863,0.145814982
19137,0.140842863,0.145814982
19139,0.140842863,0.145814982
19141,0.140842863,0.145814982
19143,0.140842863,0.145814982
19145,0.140842863,0.145814982
19147,0.140842863,0.145814982
19149,0.140842863,0.145814982
19151,0.140842863,0.145814982
19153,0.140842863,0.145814982
19155,0.140842863,0.145814982
19157,0.140842863,0.145814982
19159,0.140842863,0.145814982
19161,0.140842863,0.145814982
19163,0.140842863,0.145814982
19165,0.140842863,0.145814982
19167,0.140842863,0.145814982
19169,0.140842863,0.145814982
19171,0.140842863,0.145814982
19173,0.140842863,0.145814982
19175,0.140842863,0.145814982
19177,0.140842863,0.145814982
19179,0.140842863,0.145814982
19181,0.140842863,0.145814982
19183,0.140842863,0.145814982
19185,0.140842863,0.145814982
19187,0.140842863,0.145814982
19189,0.140842863,0.145814982
19191,0.140842863,0.145814982
19193,0.140842863,0.145814982
19195,0.140842863,0.145814982
19197,0.140842863,0.145814982
20001,0.140842863,0.145814982
20003,0.140842863,0.145814982
20005,0.140842863,0.145814982
20007,0.140842863,0.145814982
20009,0.140842863,0.145814982
20011,0.140842863,0.145814982
20013,0.140842863,0.145814982
20015,0.140842863,0.145814982
20017,0.140842863,0.145814982
20019,0.140842863,0.145814982
20021,0.140842863,0.145814982
20023,0.140842863,0.145814982
20025,0.140842863,0.145814982
20027,0.140842863,0.145814982
20029,0.140842863,0.145814982
20031,0.140842863,0.145814982
20033,0.140842863,0.145814982
20035,0.140842863,0.145814982
20037,0.140842863,0.145814982
20039,0.140842863,0.145814982
20041,0.140842863,0.145814982
20043,0.140842863,0.145814982
20045,0.140842863,0.145814982
20047,0.140842863,0.145814982
20049,0.140842863,0.145814982
20051,0.140842863,0.145814982
20053,0.140842863,0.145814982
20055,0.140842863,0.145814982
20057,0.140842863,0.145814982
20059,0.140842863,0.145814982
20061,0.140842863,0.145814982
20063,0.140842863,0.145814982
20065,0.140842863,0.145814982
20067,0.140842863,0.145814982
20069,0.140842863,0.145814982
20071,0.140842863,0.145814982
20073,0.140842863,0.145814982
20075,0.140842863,0.145814982
20077,0.140842863,0.145814982
20079,0.140842863,0.145814982
20081,0.140842863,0.145814982
20083,0.140842863,0.145814982
20085,0.140842863,0.145814982
20087,0.140842863,0.145814982
20089,0.140842863,0.145814982
20091,0.140842863,0.145814982
20093,0.140842863,0.145814982
20095,0.140842863,0.145814982
20097,0.140842863,0.145814982
20099,0.140842863,0.145814982
20101,0.140842863,0.145814982
20103,0.140842863,0.145814982
20105,0.140842863,0.145814982
20107,0.140842863,0.145814982
20109,0.140842863,0.145814982
20111,0.140842863,0.145814982
20113,0.140842863,0.145814982
20115,0.140842863,0.145814982
20117,0.140842863,0.145814982
20119,0.140842863,0.145814982
20121,0.140842863,0.145814982
20123,0.140842863,0.145814982
20125,0.140842863,0.145814982
20127,0.140842863,0.145814982
20129,0.140842863,0.145814982
20131,0.140842863,0.145814982
20133,0.140842863,0.145814982
20135,0.140842863,0.145814982
20137,0.140842863,0.145814982
20139,0.140842863,0.145814982
20141,0.140842863,0.145814982
20143,0.140842863,0.145814982
20145,0.140842863,0.145814982
20147,0.140842863,0.145814982
20149,0.140842863,0.145814982
20151,0.140842863,0.145814982
20153,0.140842863,0.145814982
20155,0.140842863,0.145814982
20157,0.140842863,0.145814982
20159,0.140842863,0.145814982
20161,0.140842863,0.145814982
20163,0.140842863,0.145814982
20165,0.140842863,0.145814982
20167,0.140842863,0.145814982
20169,0.140842863,0.145814982
20171,0.140842863,0.145814982
20173,0.140842863,0.145814982
20175,0.140842863,0.145814982
20177,0.140842863,0.145814982
20179,0.140842863,0.145814982
20181,0.140842863,0.145814982
20183,0.140842863,0.145814982
20185,0.140842863,0.145814982
20187,0.140842863,0.145814982
20189,0.140842863,0.145814982
20191,0.140842863,0.145814982
20193,0.140842863,0.145814982
20195,0.140842863,0.145814982
20197,0.140842863,0.145814982
20199,0.140842863,0.145814982
20201,0.140842863,0.145814982
20203,0.140842863,0.145814982
20205,0.140842863,0.145814982
20207,0.140842863,0.145814982
20209,0.140842863,0.145814982
21001,0.140842863,0.145814982
21003,0.140842863,0.145814982
21005,0.140842863,0.145814982
21007,0.140842863,0.145814982
21009,0.140842863,0.145814982
21011,0.140842863,0.145814982
21013,0.140842863,0.145814982
21015,0.140842863,0.145814982
21017,0.140842863,0.145814982
21019,0.140842863,0.145814982
21021,0.140842863,0.145814982
21023,0.140842863,0.145814982
21025,0.140842863,0.145814982
21027,0.140842863,0.145814982
21029,0.140842863,0.145814982
21031,0.140842863,0.145814982
21033,0.140842863,0.145814982
21035,0.140842863,0.145814982
21037,0.140842863,0.145814982
21039,0.140842863,0.145814982
21041,0.140842863,0.145814982
21043,0.140842863,0.145814982
21045,0.140842863,0.145814982
21047,0.140842863,0.145814982
21049,0.140842863,0.145814982
21051,0.140842863,0.145814982
21053,0.140842863,0.145814982
21055,0.140842863,0.145814982
21057,0.140842863,0.145814982
21059,0.140842863,0.145814982
21061,0.140842863,0.145814982
21063,0.140842863,0.145814982
21065,0.140842863,0.145814982
21067,0.140842863,0.145814982
21069,0.140842863,0.145814982
21071,0.140842863,0.145814982
21073,0.140842863,0.145814982
21075,0.140842863,0.145814982
21077,0.140842863,0.145814982
21079,0.140842863,0.145814982
21081,0.140842863,0.145814982
21083,0.140842863,0.145814982
21085,0.140842863,0.145814982
21087,0.140842863,0.145814982
21089,0.140842863,0.145814982
21091,0.140842863,0.145814982
21093,0.140842863,0.145814982
21095,0.140842863,0.145814982
21097,0.140842863,0.145814982
21099,0.140842863,0.145814982
21101,0.140842863,0.145814982
21103,0.140842863,0.145814982
21105,0.140842863,0.145814982
21107,0.140842863,0.145814982
21109,0.140842863,0.145814982
21111,0.140842863,0.145814982
21113,0.140842863,0.145814982
21115,0.140842863,0.145814982
21117,0.140842863,0.145814982
21119,0.140842863,0.145814982
21121,0.140842863,0.145814982
21123,0.140842863,0.145814982
21125,0.140842863,0.145814982
21127,0.140842863,0.145814982
21129,0.140842863,0.145814982
21131,0.140842863,0.145814982
21133,0.140842863,0.145814982
21135,0.140842863,0.145814982
21137,0.140842863,0.145814982
21139,0.140842863,0.145814982
21141,0.140842863,0.145814982
21143,0.140842863,0.145814982
21145,0.140842863,0.145814982
21147,0.140842863,0.145814982
21149,0.140842863,0.145814982
21151,0.140842863,0.145814982
21153,0.140842863,0.145814982
21155,0.140842863,0.145814982
21157,0.140842863,0.145814982
21159,0.140842863,0.145814982
21161,0.140842863,0.145814982
21163,0.140842863,0.145814982
21165,0.140842863,0.145814982
21167,0.140842863,0.145814982
21169,0.140842863,0.145814982
21171,0.140842863,0.145814982
21173,0.140842863,0.145814982
21175,0.140842863,0.145814982
21177,0.140842863,0.145814982
21179,0.140842863,0.145814982
21181,0.140842863,0.145814982
21183,0.140842863,0.145814982
21185,0.140842863,0.145814982
21187,0.140842863,0.145814982
21189,0.140842863,0.145814982
21191,0.140842863,0.145814982
21193,0.140842863,0.145814982
21195,0.140842863,0.145814982
21197,0.140842863,0.145814982
21199,0.140842863,0.145814982
21201,0.140842863,0.145814982
21203,0.140842863,0.145814982
21205,0.140842863,0.145814982
21207,0.140842863,0.145814982
21209,0.140842863,0.145814982
21211,0.140842863,0.145814982
21213,0.140842863,0.145814982
21215,0.140842863,0.145814982
21217,0.140842863,0.145814982
21219,0.140842863,0.145814982
21221,0.140842863,0.145814982
21223,0.140842863,0.145814982
21225,0.140842863,0.145814982
21227,0.140842863,0.145814982
21229,0.140842863,0.145814982
21231,0.140842863,0.145814982
21233,0.140842863,0.145814982
21235,0.140842863,0.145814982
21237,0.140842863,0.145814982
21239,0.140842863,0.145814982
22001,0.140842863,0.145814982
22003,0.140842863,0.145814982
22005,0.140842863,0.145814982
22007,0.140842863,0.145814982
22009,0.140842863,0.145814982
22011,0.140842863,0.145814982
22013,0.140842863,0.145814982
22015,0.140842863,0.145814982
22017,0.140842863,0.145814982
22019,0.140842863,0.145814982
22021,0.140842863,0.145814982
22023,0.140842863,0.145814982
22025,0.140842863,0.145814982
22027,0.140842863,0.145814982
22029,0.140842863,0.145814982
22031,0.140842863,0.145814982
22033,0.140842863,0.145814982
22035,0.140842863,0.145814982
22037,0.140842863,0.145814982
22039,0.140842863,0.145814982
22041,0.140842863,0.145814982
22043,0.140842863,0.145814982
22045,0.140842863,0.145814982
22047,0.140842863,0.145814982
22049,0.140842863,0.145814982
22051,0.140842863,0.145814982
22053,0.140842863,0.145814982
22055,0.140842863,0.145814982
22057,0.140842863,0.145814982
22059,0.140842863,0.145814982
22061,0.140842863,0.145814982
22063,0.140842863,0.145814982
22065,0.140842863,0.145814982
22067,0.140842863,0.145814982
22069,0.140842863,0.145814982
22071,0.140842863,0.145814982
22073,0.140842863,0.145814982
22075,0.140842863,0.145814982
22077,0.140842863,0.145814982
22079,0.140842863,0.145814982
22081,0.140842863,0.145814982
22083,0.140842863,0.145814982
22085,0.140842863,0.145814982
22087,0.140842863,0.145814982
22089,0.140842863,0.145814982
22091,0.140842863,0.145814982
22093,0.140842863,0.145814982
22095,0.140842863,0.145814982
22097,0.140842863,0.145814982
22099,0.140842863,0.145814982
22101,0.140842863,0.145814982
22103,0.140842863,0.145814982
22105,0.140842863,0.145814982
22107,0.140842863,0.145814982
22109,0.140842863,0.145814982
22111,0.140842863,0.145814982
22113,0.140842863,0.145814982
22115,0.140842863,0.145814982
22117,0.140842863,0.145814982
22119,0.140842863,0.145814982
22121,0.140842863,0.145814982
22123,0.140842863,0.145814982
22125,0.140842863,0.145814982
22127,0.140842863,0.145814982
23001,0.140842863,0.145814982
23003,0.140842863,0.145814982
23005,0.140842863,0.145814982
23007,0.140842863,0.145814982
23009,0.140842863,0.145814982
23011,0.140842863,0.145814982
23013,0.140842863,0.145814982
23015,0.140842863,0.145814982
23017,0.140842863,0.145814982
23019,0.140842863,0.145814982
23021,0.140842863,0.145814982
23023,0.140842863,0.145814982
23025,0.140842863,0.145814982
23027,0.140842863,0.145814982
23029,0.140842863,0.145814982
23031,0.140842863,0.145814982
24001,0.140842863,0.145814982
24003,0.140842863,0.145814982
24005,0.140842863,0.145814982
24009,0.140842863,0.145814982
24011,0.140842863,0.145814982
24013,0.140842863,0.145814982
24015,0.140842863,0.145814982
24017,0.140842863,0.145814982
24019,0.140842863,0.145814982
24021,0.140842863,0.145814982
24023,0.140842863,0.145814982
24025,0.140842863,0.145814982
24027,0.140842863,0.145814982
24029,0.140842863,0.145814982
24031,0.140842863,0.145814982
24033,0.140842863,0.145814982
24035,0.140842863,0.145814982
24037,0.140842863,0.145814982
24039,0.140842863,0.145814982
24041,0.140842863,0.145814982
24043,0.140842863,0.145814982
24045,0.140842863,0.145814982
24047,0.140842863,0.145814982
24510,0.140842863,0.145814982
25001,0.140842863,0.145814982
25003,0.140842863,0.145814982
25005,0.140842863,0.145814982
25007,0.140842863,0.145814982
25009,0.140842863,0.145814982
25011,0.140842863,0.145814982
25013,0.140842863,0.145814982
25015,0.140842863,0.145814982
25017,0.140842863,0.145814982
25019,0.140842863,0.145814982
25021,0.140842863,0.145814982
25023,0.140842863,0.145814982
25025,0.140842863,0.145814982
25027,0.140842863,0.145814982
26001,0.140842863,0.145814982
26003,0.140842863,0.145814982
26005,0.140842863,0.145814982
26007,0.140842863,0.145814982
26009,0.140842863,0.145814982
26011,0.140842863,0.145814982
26013,0.140842863,0.145814982
26015,0.140842863,0.145814982
26017,0.140842863,0.145814982
26019,0.140842863,0.145814982
26021,0.140842863,0.145814982
26023,0.140842863,0.145814982
26025,0.140842863,0.145814982
26027,0.140842863,0.145814982
26029,0.140842863,0.145814982
26031,0.140842863,0.145814982
26033,0.140842863,0.145814982
26035,0.140842863,0.145814982
26037,0.140842863,0.145814982
26039,0.140842863,0.145814982
26041,0.140842863,0.145814982
26043,0.140842863,0.145814982
26045,0.140842863,0.145814982
26047,0.140842863,0.145814982
26049,0.140842863,0.145814982
26051,0.140842863,0.145814982
26053,0.140842863,0.145814982
26055,0.140842863,0.145814982
26057,0.140842863,0.145814982
26059,0.140842863,0.145814982
26061,0.140842863,0.145814982
26063,0.140842863,0.145814982
26065,0.140842863,0.145814982
26067,0.140842863,0.145814982
26069,0.140842863,0.145814982
26071,0.140842863,0.145814982
26073,0.140842863,0.145814982
26075,0.140842863,0.145814982
26077,0.140842863,0.145814982
26079,0.140842863,0.145814982
26081,0.140842863,0.145814982
26083,0.140842863,0.145814982
26085,0.140842863,0.145814982
26087,0.140842863,0.145814982
26089,0.140842863,0.145814982
26091,0.140842863,0.145814982
26093,0.140842863,0.145814982
26095,0.140842863,0.145814982
26097,0.140842863,0.145814982
26099,0.140842863,0.145814982
26101,0.140842863,0.145814982
26103,0.140842863,0.145814982
26105,0.140842863,0.145814982
26107,0.140842863,0.145814982
26109,0.140842863,0.145814982
26111,0.140842863,0.145814982
26113,0.140842863,0.145814982
26115,0.140842863,0.145814982
26117,0.140842863,0.145814982
26119,0.140842863,0.145814982
26121,0.140842863,0.145814982
26123,0.140842863,0.145814982
26125,0.140842863,0.145814982
26127,0.140842863,0.145814982
26129,0.140842863,0.145814982
26131,0.140842863,0.145814982
26133,0.140842863,0.145814982
26135,0.140842863,0.145814982
26137,0.140842863,0.145814982
26139,0.140842863,0.145814982
26141,0.140842863,0.145814982
26143,0.140842863,0.145814982
26145,0.140842863,0.145814982
26147,0.140842863,0.145814982
26149,0.140842863,0.145814982
26151,0.140842863,0.145814982
26153,0.140842863,0.145814982
26155,0.140842863,0.145814982
26157,0.140842863,0.145814982
26159,0.140842863,0.145814982
26161,0.140842863,0.145814982
26163,0.140842863,0.145814982
26165,0.140842863,0.145814982
27001,0.140842863,0.145814982
27003,0.140842863,0.145814982
27005,0.140842863,0.145814982
27007,0.140842863,0.145814982
27009,0.140842863,0.145814982
27011,0.140842863,0.145814982
27013,0.140842863,0.145814982
27015,0.140842863,0.145814982
27017,0.140842863,0.145814982
27019,0.140842863,0.145814982
27021,0.140842863,0.145814982
27023,0.140842863,0.145814982
27025,0.140842863,0.145814982
27027,0.140842863,0.145814982
27029,0.140842863,0.145814982
27031,0.140842863,0.145814982
27033,0.140842863,0.145814982
27035,0.140842863,0.145814982
27037,0.140842863,0.145814982
27039,0.140842863,0.145814982
27041,0.140842863,0.145814982
27043,0.140842863,0.145814982
27045,0.140842863,0.145814982
27047,0.140842863,0.145814982
27049,0.140842863,0.145814982
27051,0.140842863,0.145814982
27053,0.140842863,0.145814982
27055,0.140842863,0.145814982
27057,0.140842863,0.145814982
27059,0.140842863,0.145814982
27061,0.140842863,0.145814982
27063,0.140842863,0.145814982
27065,0.140842863,0.145814982
27067,0.140842863,0.145814982
27069,0.140842863,0.145814982
27071,0.140842863,0.145814982
27073,0.140842863,0.145814982
27075,0.140842863,0.145814982
27077,0.140842863,0.145814982
27079,0.140842863,0.145814982
27081,0.140842863,0.145814982
27083,0.140842863,0.145814982
27085,0.140842863,0.145814982
27087,0.140842863,0.145814982
27089,0.140842863,0.145814982
27091,0.140842863,0.145814982
27093,0.140842863,0.145814982
27095,0.140842863,0.145814982
27097,0.140842863,0.145814982
27099,0.140842863,0.145814982
27101,0.140842863,0.145814982
27103,0.140842863,0.145814982
27105,0.140842863,0.145814982
27107,0.140842863,0.145814982
27109,0.140842863,0.145814982
27111,0.140842863,0.145814982
27113,0.140842863,0.145814982
27115,0.140842863,0.145814982
27117,0.140842863,0.145814982
27119,0.140842863,0.145814982
27121,0.140842863,0.145814982
27123,0.140842863,0.145814982
27125,0.140842863,0.145814982
27127,0.140842863,0.145814982
27129,0.140842863,0.145814982
27131,0.140842863,0.145814982
27133,0.140842863,0.145814982
27135,0.140842863,0.145814982
27137,0.140842863,0.145814982
27139,0.140842863,0.145814982
27141,0.140842863,0.145814982
27143,0.140842863,0.145814982
27145,0.140842863,0.145814982
27147,0.140842863,0.145814982
27149,0.140842863,0.145814982
27151,0.140842863,0.145814982
27153,0.140842863,0.145814982
27155,0.140842863,0.145814982
27157,0.140842863,0.145814982
27159,0.140842863,0.145814982
27161,0.140842863,0.145814982
27163,0.140842863,0.145814982
27165,0.140842863,0.145814982
27167,0.140842863,0.145814982
27169,0.140842863,0.145814982
27171,0.140842863,0.145814982
27173,0.140842863,0.145814982
28001,0.140842863,0.145814982
28003,0.140842863,0.145814982
28005,0.140842863,0.145814982
28007,0.140842863,0.145814982
28009,0.140842863,0.145814982
28011,0.140842863,0.145814982
28013,0.140842863,0.145814982
28015,0.140842863,0.145814982
28017,0.140842863,0.145814982
28019,0.140842863,0.145814982
28021,0.140842863,0.145814982
28023,0.140842863,0.145814982
28025,0.140842863,0.145814982
28027,0.140842863,0.145814982
28029,0.140842863,0.145814982
28031,0.140842863,0.145814982
28033,0.140842863,0.145814982
28035,0.140842863,0.145814982
28037,0.140842863,0.145814982
28039,0.140842863,0.145814982
28041,0.140842863,0.145814982
28043,0.140842863,0.145814982
28045,0.140842863,0.145814982
28047,0.140842863,0.145814982
28049,0.140842863,0.145814982
28051,0.140842863,0.145814982
28053,0.140842863,0.145814982
28055,0.140842863,0.145814982
28057,0.140842863,0.145814982
28059,0.140842863,0.145814982
28061,0.140842863,0.145814982
28063,0.140842863,0.145814982
28065,0.140842863,0.145814982
28067,0.140842863,0.145814982
28069,0.140842863,0.145814982
28071,0.140842863,0.145814982
28073,0.140842863,0.145814982
28075,0.140842863,0.145814982
28077,0.140842863,0.145814982
28079,0.140842863,0.145814982
28081,0.140842863,0.145814982
28083,0.140842863,0.145814982
28085,0.140842863,0.145814982
28087,0.140842863,0.145814982
28089,0.140842863,0.145814982
28091,0.140842863,0.145814982
28093,0.140842863,0.145814982
28095,0.140842863,0.145814982
28097,0.140842863,0.145814982
28099,0.140842863,0.145814982
28101,0.140842863,0.145814982
28103,0.140842863,0.145814982
28105,0.140842863,0.145814982
28107,0.140842863,0.145814982
28109,0.140842863,0.145814982
28111,0.140842863,0.145814982
28113,0.140842863,0.145814982
28115,0.140842863,0.145814982
28117,0.140842863,0.145814982
28119,0.140842863,0.145814982
28121,0.140842863,0.145814982
28123,0.140842863,0.145814982
28125,0.140842863,0.145814982
28127,0.140842863,0.145814982
28129,0.140842863,0.145814982
28131,0.140842863,0.145814982
28133,0.140842863,0.145814982
28135,0.140842863,0.145814982
28137,0.140842863,0.145814982
28139,0.140842863,0.145814982
28141,0.140842863,0.145814982
28143,0.140842863,0.145814982
28145,0.140842863,0.145814982
28147,0.140842863,0.145814982
28149,0.140842863,0.145814982
28151,0.140842863,0.145814982
28153,0.140842863,0.145814982
28155,0.140842863,0.145814982
28157,0.140842863,0.145814982
28159,0.140842863,0.145814982
28161,0.140842863,0.145814982
28163,0.140842863,0.145814982
29001,0.140842863,0.145814982
29003,0.140842863,0.145814982
29005,0.140842863,0.145814982
29007,0.140842863,0.145814982
29009,0.140842863,0.145814982
29011,0.140842863,0.145814982
29013,0.140842863,0.145814982
29015,0.140842863,0.145814982
29017,0.140842863,0.145814982
29019,0.140842863,0.145814982
29021,0.140842863,0.145814982
29023,0.140842863,0.145814982
29025,0.140842863,0.145814982
29027,0.140842863,0.145814982
29029,0.140842863,0.145814982
29031,0.140842863,0.145814982
29033,0.140842863,0.145814982
29035,0.140842863,0.145814982
29037,0.140842863,0.145814982
29039,0.140842863,0.145814982
29041,0.140842863,0.145814982
29043,0.140842863,0.145814982
29045,0.140842863,0.145814982
29047,0.140842863,0.145814982
29049,0.140842863,0.145814982
29051,0.140842863,0.145814982
29053,0.140842863,0.145814982
29055,0.140842863,0.145814982
29057,0.140842863,0.145814982
29059,0.140842863,0.145814982
29061,0.140842863,0.145814982
29063,0.140842863,0.145814982
29065,0.140842863,0.145814982
29067,0.140842863,0.145814982
29069,0.140842863,0.145814982
29071,0.140842863,0.145814982
29073,0.140842863,0.145814982
29075,0.140842863,0.145814982
29077,0.140842863,0.145814982
29079,0.140842863,0.145814982
29081,0.140842863,0.145814982
29083,0.140842863,0.145814982
29085,0.140842863,0.145814982
29087,0.140842863,0.145814982
29089,0.140842863,0.145814982
29091,0.140842863,0.145814982
29093,0.140842863,0.145814982
29095,0.140842863,0.145814982
29097,0.140842863,0.145814982
29099,0.140842863,0.145814982
29101,0.140842863,0.145814982
29103,0.140842863,0.145814982
29105,0.140842863,0.145814982
29107,0.140842863,0.145814982
29109,0.140842863,0.145814982
29111,0.140842863,0.145814982
29113,0.140842863,0.145814982
29115,0.140842863,0.145814982
29117,0.140842863,0.145814982
29119,0.140842863,0.145814982
29121,0.140842863,0.145814982
29123,0.140842863,0.145814982
29125,0.140842863,0.145814982
29127,0.140842863,0.145814982
29129,0.140842863,0.145814982
29131,0.140842863,0.145814982
29133,0.140842863,0.145814982
29135,0.140842863,0.145814982
29137,0.140842863,0.145814982
29139,0.140842863,0.145814982
29141,0.140842863,0.145814982
29143,0.140842863,0.145814982
29145,0.140842863,0.145814982
29147,0.140842863,0.145814982
29149,0.140842863,0.145814982
29151,0.140842863,0.145814982
29153,0.140842863,0.145814982
29155,0.140842863,0.145814982
29157,0.140842863,0.145814982
29159,0.140842863,0.145814982
29161,0.140842863,0.145814982
29163,0.140842863,0.145814982
29165,0.140842863,0.145814982
29167,0.140842863,0.145814982
29169,0.140842863,0.145814982
29171,0.140842863,0.145814982
29173,0.140842863,0.145814982
29175,0.140842863,0.145814982
29177,0.140842863,0.145814982
29179,0.140842863,0.145814982
29181,0.140842863,0.145814982
29183,0.140842863,0.145814982
29185,0.140842863,0.145814982
29186,0.140842863,0.145814982
29187,0.140842863,0.145814982
29189,0.140842863,0.145814982
29195,0.140842863,0.145814982
29197,0.140842863,0.145814982
29199,0.140842863,0.145814982
29201,0.140842863,0.145814982
29203,0.140842863,0.145814982
29205,0.140842863,0.145814982
29207,0.140842863,0.145814982
29209,0.140842863,0.145814982
29211,0.140842863,0.145814982
29213,0.140842863,0.145814982
29215,0.140842863,0.145814982
29217,0.140842863,0.145814982
29219,0.140842863,0.145814982
29221,0.140842863,0.145814982
29223,0.140842863,0.145814982
29225,0.140842863,0.145814982
29227,0.140842863,0.145814982
29229,0.140842863,0.145814982
29510,0.140842863,0.145814982
30001,0.140842863,0.145814982
30003,0.140842863,0.145814982
30005,0.140842863,0.145814982
30007,0.140842863,0.145814982
30009,0.140842863,0.145814982
30011,0.140842863,0.145814982
30013,0.140842863,0.145814982
30015,0.140842863,0.145814982
30017,0.140842863,0.145814982
30019,0.140842863,0.145814982
30021,0.140842863,0.145814982
30023,0.140842863,0.145814982
30025,0.140842863,0.145814982
30027,0.140842863,0.145814982
30029,0.140842863,0.145814982
30031,0.140842863,0.145814982
30033,0.140842863,0.145814982
30035,0.140842863,0.145814982
30037,0.140842863,0.145814982
30039,0.140842863,0.145814982
30041,0.140842863,0.145814982
30043,0.140842863,0.145814982
30045,0.140842863,0.145814982
30047,0.140842863,0.145814982
30049,0.140842863,0.145814982
30051,0.140842863,0.145814982
30053,0.140842863,0.145814982
30055,0.140842863,0.145814982
30057,0.140842863,0.145814982
30059,0.140842863,0.145814982
30061,0.140842863,0.145814982
30063,0.140842863,0.145814982
30065,0.140842863,0.145814982
30067,0.140842863,0.145814982
30069,0.140842863,0.145814982
30071,0.140842863,0.145814982
30073,0.140842863,0.145814982
30075,0.140842863,0.145814982
30077,0.140842863,0.145814982
30079,0.140842863,0.145814982
30081,0.140842863,0.145814982
30083,0.140842863,0.145814982
30085,0.140842863,0.145814982
30087,0.140842863,0.145814982
30089,0.140842863,0.145814982
30091,0.140842863,0.145814982
30093,0.140842863,0.145814982
30095,0.140842863,0.145814982
30097,0.140842863,0.145814982
30099,0.140842863,0.145814982
30101,0.140842863,0.145814982
30103,0.140842863,0.145814982
30105,0.140842863,0.145814982
30107,0.140842863,0.145814982
30109,0.140842863,0.145814982
30111,0.140842863,0.145814982
31001,0.140842863,0.145814982
31003,0.140842863,0.145814982
31005,0.140842863,0.145814982
31007,0.140842863,0.145814982
31009,0.140842863,0.145814982
31011,0.140842863,0.145814982
31013,0.140842863,0.145814982
31015,0.140842863,0.145814982
31017,0.140842863,0.145814982
31019,0.140842863,0.145814982
31021,0.140842863,0.145814982
31023,0.140842863,0.145814982
31025,0.140842863,0.145814982
31027,0.140842863,0.145814982
31029,0.140842863,0.145814982
31031,0.140842863,0.145814982
31033,0.140842863,0.145814982
31035,0.140842863,0.145814982
31037,0.140842863,0.145814982
31039,0.140842863,0.145814982
31041,0.140842863,0.145814982
31043,0.140842863,0.145814982
31045,0.140842863,0.145814982
31047,0.140842863,0.145814982
31049,0.140842863,0.145814982
31051,0.140842863,0.145814982
31053,0.140842863,0.145814982
31055,0.140842863,0.145814982
31057,0.140842863,0.145814982
31059,0.140842863,0.145814982
31061,0.140842863,0.145814982
31063,0.140842863,0.145814982
31065,0.140842863,0.145814982
31067,0.140842863,0.145814982
31069,0.140842863,0.145814982
31071,0.140842863,0.145814982
31073,0.140842863,0.145814982
31075,0.140842863,0.145814982
31077,0.140842863,0.145814982
31079,0.140842863,0.145814982
31081,0.140842863,0.145814982
31083,0.140842863,0.145814982
31085,0.140842863,0.145814982
31087,0.140842863,0.145814982
31089,0.140842863,0.145814982
31091,0.140842863,0.145814982
31093,0.140842863,0.145814982
31095,0.140842863,0.145814982
31097,0.140842863,0.145814982
31099,0.140842863,0.145814982
31101,0.140842863,0.145814982
31103,0.140842863,0.145814982
31105,0.140842863,0.145814982
31107,0.140842863,0.145814982
31109,0.140842863,0.145814982
31111,0.140842863,0.145814982
31113,0.140842863,0.145814982
31115,0.140842863,0.145814982
31117,0.140842863,0.145814982
31119,0.140842863,0.145814982
31121,0.140842863,0.145814982
31123,0.140842863,0.145814982
31125,0.140842863,0.145814982
31127,0.140842863,0.145814982
31129,0.140842863,0.145814982
31131,0.140842863,0.145814982
31133,0.140842863,0.145814982
31135,0.140842863,0.145814982
31137,0.140842863,0.145814982
31139,0.140842863,0.145814982
31141,0.140842863,0.145814982
31143,0.140842863,0.145814982
31145,0.140842863,0.145814982
31147,0.140842863,0.145814982
31149,0.140842863,0.145814982
31151,0.140842863,0.145814982
31153,0.140842863,0.145814982
31155,0.140842863,0.145814982
31157,0.140842863,0.145814982
31159,0.140842863,0.145814982
31161,0.140842863,0.145814982
31163,0.140842863,0.145814982
31165,0.140842863,0.145814982
31167,0.140842863,0.145814982
31169,0.140842863,0.145814982
31171,0.140842863,0.145814982
31173,0.140842863,0.145814982
31175,0.140842863,0.145814982
31177,0.140842863,0.145814982
31179,0.140842863,0.145814982
31181,0.140842863,0.145814982
31183,0.140842863,0.145814982
31185,0.140842863,0.145814982
32001,0.140842863,0.145814982
32003,0.140842863,0.145814982
32005,0.140842863,0.145814982
32007,0.140842863,0.145814982
32009,0.140842863,0.145814982
32011,0.140842863,0.145814982
32013,0.140842863,0.145814982
32015,0.140842863,0.145814982
32017,0.140842863,0.145814982
32019,0.140842863,0.145814982
32021,0.140842863,0.145814982
32023,0.140842863,0.145814982
32027,0.140842863,0.145814982
32029,0.140842863,0.145814982
32031,0.140842863,0.145814982
32033,0.140842863,0.145814982
32510,0.140842863,0.145814982
33001,0.140842863,0.145814982
33003,0.140842863,0.145814982
33005,0.140842863,0.145814982
33007,0.140842863,0.145814982
33009,0.140842863,0.145814982
33011,0.140842863,0.145814982
33013,0.140842863,0.145814982
33015,0.140842863,0.145814982
33017,0.140842863,0.145814982
33019,0.140842863,0.145814982
34001,0.140842863,0.145814982
34003,0.140842863,0.145814982
34005,0.140842863,0.145814982
34007,0.140842863,0.145814982
34009,0.140842863,0.145814982
34011,0.140842863,0.145814982
34013,0.140842863,0.145814982
34015,0.140842863,0.145814982
34017,0.140842863,0.145814982
34019,0.140842863,0.145814982
34021,0.140842863,0.145814982
34023,0.140842863,0.145814982
34025,0.140842863,0.145814982
34027,0.140842863,0.145814982
34029,0.140842863,0.145814982
34031,0.140842863,0.145814982
34033,0.140842863,0.145814982
34035,0.140842863,0.145814982
34037,0.140842863,0.145814982
34039,0.140842863,0.145814982
34041,0.140842863,0.145814982
35001,0.140842863,0.145814982
35003,0.140842863,0.145814982
35005,0.140842863,0.145814982
35006,0.140842863,0.145814982
35007,0.140842863,0.145814982
35009,0.140842863,0.145814982
35011,0.140842863,0.145814982
35013,0.140842863,0.145814982
35015,0.140842863,0.145814982
35017,0.140842863,0.145814982
35019,0.140842863,0.145814982
35021,0.140842863,0.145814982
35023,0.140842863,0.145814982
35025,0.140842863,0.145814982
35027,0.140842863,0.145814982
35028,0.140842863,0.145814982
35029,0.140842863,0.145814982
35031,0.140842863,0.145814982
35033,0.140842863,0.145814982
35035,0.140842863,0.145814982
35037,0.140842863,0.145814982
35039,0.140842863,0.145814982
35041,0.140842863,0.145814982
35043,0.140842863,0.145814982
35045,0.140842863,0.145814982
35047,0.140842863,0.145814982
35049,0.140842863,0.145814982
35051,0.140842863,0.145814982
35053,0.140842863,0.145814982
35055,0.140842863,0.145814982
35057,0.140842863,0.145814982
35059,0.140842863,0.145814982
35061,0.140842863,0.145814982
36001,0.140842863,0.145814982
36003,0.140842863,0.145814982
36005,0.140842863,0.145814982
36007,0.140842863,0.145814982
36009,0.140842863,0.145814982
36011,0.140842863,0.145814982
36013,0.140842863,0.145814982
36015,0.140842863,0.145814982
36017,0.140842863,0.145814982
36019,0.140842863,0.145814982
36021,0.140842863,0.145814982
36023,0.140842863,0.145814982
36025,0.140842863,0.145814982
36027,0.140842863,0.145814982
36029,0.140842863,0.145814982
36031,0.140842863,0.145814982
36033,0.140842863,0.145814982
36035,0.140842863,0.145814982
36037,0.140842863,0.145814982
36039,0.140842863,0.145814982
36041,0.140842863,0.145814982
36043,0.140842863,0.145814982
36045,0.140842863,0.145814982
36047,0.140842863,0.145814982
36049,0.140842863,0.145814982
36051,0.140842863,0.145814982
36053,0.140842863,0.145814982
36055,0.140842863,0.145814982
36057,0.140842863,0.145814982
36059,0.140842863,0.145814982
36061,0.140842863,0.145814982
36063,0.140842863,0.145814982
36065,0.140842863,0.145814982
36067,0.140842863,0.145814982
36069,0.140842863,0.145814982
36071,0.140842863,0.145814982
36073,0.140842863,0.145814982
36075,0.140842863,0.145814982
36077,0.140842863,0.145814982
36079,0.140842863,0.145814982
36081,0.140842863,0.145814982
36083,0.140842863,0.145814982
36085,0.140842863,0.145814982
36087,0.140842863,0.145814982
36089,0.140842863,0.145814982
36091,0.140842863,0.145814982
36093,0.140842863,0.145814982
36095,0.140842863,0.145814982
36097,0.140842863,0.145814982
36099,0.140842863,0.145814982
36101,0.140842863,0.145814982
36103,0.140842863,0.145814982
36105,0.140842863,0.145814982
36107,0.140842863,0.145814982
36109,0.140842863,0.145814982
36111,0.140842863,0.145814982
36113,0.140842863,0.145814982
36115,0.140842863,0.145814982
36117,0.140842863,0.145814982
36119,0.140842863,0.145814982
36121,0.140842863,0.145814982
36123,0.140842863,0.145814982
37001,0.140842863,0.145814982
37003,0.140842863,0.145814982
37005,0.140842863,0.145814982
37007,0.140842863,0.145814982
37009,0.140842863,0.145814982
37011,0.140842863,0.145814982
37013,0.140842863,0.145814982
37015,0.140842863,0.145814982
37017,0.140842863,0.145814982
37019,0.140842863,0.145814982
37021,0.140842863,0.145814982
37023,0.140842863,0.145814982
37025,0.140842863,0.145814982
37027,0.140842863,0.145814982
37029,0.140842863,0.145814982
37031,0.140842863,0.145814982
37033,0.140842863,0.145814982
37035,0.140842863,0.145814982
37037,0.140842863,0.145814982
37039,0.140842863,0.145814982
37041,0.140842863,0.145814982
37043,0.140842863,0.145814982
37045,0.140842863,0.145814982
37047,0.140842863,0.145814982
37049,0.140842863,0.145814982
37051,0.140842863,0.145814982
37053,0.140842863,0.145814982
37055,0.140842863,0.145814982
37057,0.140842863,0.145814982
37059,0.140842863,0.145814982
37061,0.140842863,0.145814982
37063,0.140842863,0.145814982
37065,0.140842863,0.145814982
37067,0.140842863,0.145814982
37069,0.140842863,0.145814982
37071,0.140842863,0.145814982
37073,0.140842863,0.145814982
37075,0.140842863,0.145814982
37077,0.140842863,0.145814982
37079,0.140842863,0.145814982
37081,0.140842863,0.145814982
37083,0.140842863,0.145814982
37085,0.140842863,0.145814982
37087,0.140842863,0.145814982
37089,0.140842863,0.145814982
37091,0.140842863,0.145814982
37093,0.140842863,0.145814982
37095,0.140842863,0.145814982
37097,0.140842863,0.145814982
37099,0.140842863,0.145814982
37101,0.140842863,0.145814982
37103,0.140842863,0.145814982
37105,0.140842863,0.145814982
37107,0.140842863,0.145814982
37109,0.140842863,0.145814982
37111,0.140842863,0.145814982
37113,0.140842863,0.145814982
37115,0.140842863,0.145814982
37117,0.140842863,0.145814982
37119,0.140842863,0.145814982
37121,0.140842863,0.145814982
37123,0.140842863,0.145814982
37125,0.140842863,0.145814982
37127,0.140842863,0.145814982
37129,0.140842863,0.145814982
37131,0.140842863,0.145814982
37133,0.140842863,0.145814982
37135,0.140842863,0.145814982
37137,0.140842863,0.145814982
37139,0.140842863,0.145814982
37141,0.140842863,0.145814982
37143,0.140842863,0.145814982
37145,0.140842863,0.145814982
37147,0.140842863,0.145814982
37149,0.140842863,0.145814982
37151,0.140842863,0.145814982
37153,0.140842863,0.145814982
37155,0.140842863,0.145814982
37157,0.140842863,0.145814982
37159,0.140842863,0.145814982
37161,0.140842863,0.145814982
37163,0.140842863,0.145814982
37165,0.140842863,0.145814982
37167,0.140842863,0.145814982
37169,0.140842863,0.145814982
37171,0.140842863,0.145814982
37173,0.140842863,0.145814982
37175,0.140842863,0.145814982
37177,0.140842863,0.145814982
37179,0.140842863,0.145814982
37181,0.140842863,0.145814982
37183,0.140842863,0.145814982
37185,0.140842863,0.145814982
37187,0.140842863,0.145814982
37189,0.140842863,0.145814982
37191,0.140842863,0.145814982
37193,0.140842863,0.145814982
37195,0.140842863,0.145814982
37197,0.140842863,0.145814982
37199,0.140842863,0.145814982
38001,0.140842863,0.145814982
38003,0.140842863,0.145814982
38005,0.140842863,0.145814982
38007,0.140842863,0.145814982
38009,0.140842863,0.145814982
38011,0.140842863,0.145814982
38013,0.140842863,0.145814982
38015,0.140842863,0.145814982
38017,0.140842863,0.145814982
38019,0.140842863,0.145814982
38021,0.140842863,0.145814982
38023,0.140842863,0.145814982
38025,0.140842863,0.145814982
38027,0.140842863,0.145814982
38029,0.140842863,0.145814982
38031,0.140842863,0.145814982
38033,0.140842863,0.145814982
38035,0.140842863,0.145814982
38037,0.140842863,0.145814982
38039,0.140842863,0.145814982
38041,0.140842863,0.145814982
38043,0.140842863,0.145814982
38045,0.140842863,0.145814982
38047,0.140842863,0.145814982
38049,0.140842863,0.145814982
38051,0.140842863,0.145814982
38053,0.140842863,0.145814982
38055,0.140842863,0.145814982
38057,0.140842863,0.145814982
38059,0.140842863,0.145814982
38061,0.140842863,0.145814982
38063,0.140842863,0.145814982
38065,0.140842863,0.145814982
38067,0.140842863,0.145814982
38069,0.140842863,0.145814982
38071,0.140842863,0.145814982
38073,0.140842863,0.145814982
38075,0.140842863,0.145814982
38077,0.140842863,0.145814982
38079,0.140842863,0.145814982
38081,0.140842863,0.145814982
38083,0.140842863,0.145814982
38085,0.140842863,0.145814982
38087,0.140842863,0.145814982
38089,0.140842863,0.145814982
38091,0.140842863,0.145814982
38093,0.140842863,0.145814982
38095,0.140842863,0.145814982
38097,0.140842863,0.145814982
38099,0.140842863,0.145814982
38101,0.140842863,0.145814982
38103,0.140842863,0.145814982
38105,0.140842863,0.145814982
39001,0.140842863,0.145814982
39003,0.140842863,0.145814982
39005,0.140842863,0.145814982
39007,0.140842863,0.145814982
39009,0.140842863,0.145814982
39011,0.140842863,0.145814982
39013,0.140842863,0.145814982
39015,0.140842863,0.145814982
39017,0.140842863,0.145814982
39019,0.140842863,0.145814982
39021,0.140842863,0.145814982
39023,0.140842863,0.145814982
39025,0.140842863,0.145814982
39027,0.140842863,0.145814982
39029,0.140842863,0.145814982
39031,0.140842863,0.145814982
39033,0.140842863,0.145814982
39035,0.140842863,0.145814982
39037,0.140842863,0.145814982
39039,0.140842863,0.145814982
39041,0.140842863,0.145814982
39043,0.140842863,0.145814982
39045,0.140842863,0.145814982
39047,0.140842863,0.145814982
39049,0.140842863,0.145814982
39051,0.140842863,0.145814982
39053,0.140842863,0.145814982
39055,0.140842863,0.145814982
39057,0.140842863,0.145814982
39059,0.140842863,0.145814982
39061,0.140842863,0.145814982
39063,0.140842863,0.145814982
39065,0.140842863,0.145814982
39067,0.140842863,0.145814982
39069,0.140842863,0.145814982
39071,0.140842863,0.145814982
39073,0.140842863,0.145814982
39075,0.140842863,0.145814982
39077,0.140842863,0.145814982
39079,0.140842863,0.145814982
39081,0.140842863,0.145814982
39083,0.140842863,0.145814982
39085,0.140842863,0.145814982
39087,0.140842863,0.145814982
39089,0.140842863,0.145814982
39091,0.140842863,0.145814982
39093,0.140842863,0.145814982
39095,0.140842863,0.145814982
39097,0.140842863,0.145814982
39099,0.140842863,0.145814982
39101,0.140842863,0.145814982
39103,0.140842863,0.145814982
39105,0.140842863,0.145814982
39107,0.140842863,0.145814982
39109,0.140842863,0.145814982
39111,0.140842863,0.145814982
39113,0.140842863,0.145814982
39115,0.140842863,0.145814982
39117,0.140842863,0.145814982
39119,0.140842863,0.145814982
39121,0.140842863,0.145814982
39123,0.140842863,0.145814982
39125,0.140842863,0.145814982
39127,0.140842863,0.145814982
39129,0.140842863,0.145814982
39131,0.140842863,0.145814982
39133,0.140842863,0.145814982
39135,0.140842863,0.145814982
39137,0.140842863,0.145814982
39139,0.140842863,0.145814982
39141,0.140842863,0.145814982
39143,0.140842863,0.145814982
39145,0.140842863,0.145814982
39147,0.140842863,0.145814982
39149,0.140842863,0.145814982
39151,0.140842863,0.145814982
39153,0.140842863,0.145814982
39155,0.140842863,0.145814982
39157,0.140842863,0.145814982
39159,0.140842863,0.145814982
39161,0.140842863,0.145814982
39163,0.140842863,0.145814982
39165,0.140842863,0.145814982
39167,0.140842863,0.145814982
39169,0.140842863,0.145814982
39171,0.140842863,0.145814982
39173,0.140842863,0.145814982
39175,0.140842863,0.145814982
40001,0.140842863,0.145814982
40003,0.140842863,0.145814982
40005,0.140842863,0.145814982
40007,0.140842863,0.145814982
40009,0.140842863,0.145814982
40011,0.140842863,0.145814982
40013,0.140842863,0.145814982
40015,0.140842863,0.145814982
40017,0.140842863,0.145814982
40019,0.140842863,0.145814982
40021,0.140842863,0.145814982
40023,0.140842863,0.145814982
40025,0.140842863,0.145814982
40027,0.140842863,0.145814982
40029,0.140842863,0.145814982
40031,0.140842863,0.145814982
40033,0.140842863,0.145814982
40035,0.140842863,0.145814982
40037,0.140842863,0.145814982
40039,0.140842863,0.145814982
40041,0.140842863,0.145814982
40043,0.140842863,0.145814982
40045,0.140842863,0.145814982
40047,0.140842863,0.145814982
40049,0.140842863,0.145814982
40051,0.140842863,0.145814982
40053,0.140842863,0.145814982
40055,0.140842863,0.145814982
40057,0.140842863,0.145814982
40059,0.140842863,0.145814982
40061,0.140842863,0.145814982
40063,0.140842863,0.145814982
40065,0.140842863,0.145814982
40067,0.140842863,0.145814982
40069,0.140842863,0.145814982
40071,0.140842863,0.145814982
40073,0.140842863,0.145814982
40075,0.140842863,0.145814982
40077,0.140842863,0.145814982
40079,0.140842863,0.145814982
40081,0.140842863,0.145814982
40083,0.140842863,0.145814982
40085,0.140842863,0.145814982
40087,0.140842863,0.145814982
40089,0.140842863,0.145814982
40091,0.140842863,0.145814982
40093,0.140842863,0.145814982
40095,0.140842863,0.145814982
40097,0.140842863,0.145814982
40099,0.140842863,0.145814982
40101,0.140842863,0.145814982
40103,0.140842863,0.145814982
40105,0.140842863,0.145814982
40107,0.140842863,0.145814982
40109,0.140842863,0.145814982
40111,0.140842863,0.145814982
40113,0.140842863,0.145814982
40115,0.140842863,0.145814982
40117,0.140842863,0.145814982
40119,0.140842863,0.145814982
40121,0.140842863,0.145814982
40123,0.140842863,0.145814982
40125,0.140842863,0.145814982
40127,0.140842863,0.145814982
40129,0.140842863,0.145814982
40131,0.140842863,0.145814982
40133,0.140842863,0.145814982
40135,0.140842863,0.145814982
40137,0.140842863,0.145814982
40139,0.140842863,0.145814982
40141,0.140842863,0.145814982
40143,0.140842863,0.145814982
40145,0.140842863,0.145814982
40147,0.140842863,0.145814982
40149,0.140842863,0.145814982
40151,0.140842863,0.145814982
40153,0.140842863,0.145814982
41001,0.140842863,0.145814982
41003,0.140842863,0.145814982
41005,0.140842863,0.145814982
41007,0.140842863,0.145814982
41009,0.140842863,0.145814982
41011,0.140842863,0.145814982
41013,0.140842863,0.145814982
41015,0.140842863,0.145814982
41017,0.140842863,0.145814982
41019,0.140842863,0.145814982
41021,0.140842863,0.145814982
41023,0.140842863,0.145814982
41025,0.140842863,0.145814982
41027,0.140842863,0.145814982
41029,0.140842863,0.145814982
41031,0.140842863,0.145814982
41033,0.140842863,0.145814982
41035,0.140842863,0.145814982
41037,0.140842863,0.145814982
41039,0.140842863,0.145814982
41041,0.140842863,0.145814982
41043,0.140842863,0.145814982
41045,0.140842863,0.145814982
41047,0.140842863,0.145814982
41049,0.140842863,0.145814982
41051,0.140842863,0.145814982
41053,0.140842863,0.145814982
41055,0.140842863,0.145814982
41057,0.140842863,0.145814982
41059,0.140842863,0.145814982
41061,0.140842863,0.145814982
41063,0.140842863,0.145814982
41065,0.140842863,0.145814982
41067,0.140842863,0.145814982
41069,0.140842863,0.145814982
41071,0.140842863,0.145814982
42001,0.140842863,0.145814982
42003,0.140842863,0.145814982
42005,0.140842863,0.145814982
42007,0.140842863,0.145814982
42009,0.140842863,0.145814982
42011,0.140842863,0.145814982
42013,0.140842863,0.145814982
42015,0.140842863,0.145814982
42017,0.140842863,0.145814982
42019,0.140842863,0.145814982
42021,0.140842863,0.145814982
42023,0.140842863,0.145814982
42025,0.140842863,0.145814982
42027,0.140842863,0.145814982
42029,0.140842863,0.145814982
42031,0.140842863,0.145814982
42033,0.140842863,0.145814982
42035,0.140842863,0.145814982
42037,0.140842863,0.145814982
42039,0.140842863,0.145814982
42041,0.140842863,0.145814982
42043,0.140842863,0.145814982
42045,0.140842863,0.145814982
42047,0.140842863,0.145814982
42049,0.140842863,0.145814982
42051,0.140842863,0.145814982
42053,0.140842863,0.145814982
42055,0.140842863,0.145814982
42057,0.140842863,0.145814982
42059,0.140842863,0.145814982
42061,0.140842863,0.145814982
42063,0.140842863,0.145814982
42065,0.140842863,0.145814982
42067,0.140842863,0.145814982
42069,0.140842863,0.145814982
42071,0.140842863,0.145814982
42073,0.140842863,0.145814982
42075,0.140842863,0.145814982
42077,0.140842863,0.145814982
42079,0.140842863,0.145814982
42081,0.140842863,0.145814982
42083,0.140842863,0.145814982
42085,0.140842863,0.145814982
42087,0.140842863,0.145814982
42089,0.140842863,0.145814982
42091,0.140842863,0.145814982
42093,0.140842863,0.145814982
42095,0.140842863,0.145814982
42097,0.140842863,0.145814982
42099,0.140842863,0.145814982
42101,0.140842863,0.145814982
42103,0.140842863,0.145814982
42105,0.140842863,0.145814982
42107,0.140842863,0.145814982
42109,0.140842863,0.145814982
42111,0.140842863,0.145814982
42113,0.140842863,0.145814982
42115,0.140842863,0.145814982
42117,0.140842863,0.145814982
42119,0.140842863,0.145814982
42121,0.140842863,0.145814982
42123,0.140842863,0.145814982
42125,0.140842863,0.145814982
42127,0.140842863,0.145814982
42129,0.140842863,0.145814982
42131,0.140842863,0.145814982
42133,0.140842863,0.145814982
44001,0.140842863,0.145814982
44003,0.140842863,0.145814982
44005,0.140842863,0.145814982
44007,0.140842863,0.145814982
44009,0.140842863,0.145814982
45001,0.140842863,0.145814982
45003,0.140842863,0.145814982
45005,0.140842863,0.145814982
45007,0.140842863,0.145814982
45009,0.140842863,0.145814982
45011,0.140842863,0.145814982
45013,0.140842863,0.145814982
45015,0.140842863,0.145814982
45017,0.140842863,0.145814982
45019,0.140842863,0.145814982
45021,0.140842863,0.145814982
45023,0.140842863,0.145814982
45025,0.140842863,0.145814982
45027,0.140842863,0.145814982
45029,0.140842863,0.145814982
45031,0.140842863,0.145814982
45033,0.140842863,0.145814982
45035,0.140842863,0.145814982
45037,0.140842863,0.145814982
45039,0.140842863,0.145814982
45041,0.140842863,0.145814982
45043,0.140842863,0.145814982
45045,0.140842863,0.145814982
45047,0.140842863,0.145814982
45049,0.140842863,0.145814982
45051,0.140842863,0.145814982
45053,0.140842863,0.145814982
45055,0.140842863,0.145814982
45057,0.140842863,0.145814982
45059,0.140842863,0.145814982
45061,0.140842863,0.145814982
45063,0.140842863,0.145814982
45065,0.140842863,0.145814982
45067,0.140842863,0.145814982
45069,0.140842863,0.145814982
45071,0.140842863,0.145814982
45073,0.140842863,0.145814982
45075,0.140842863,0.145814982
45077,0.140842863,0.145814982
45079,0.140842863,0.145814982
45081,0.140842863,0.145814982
45083,0.140842863,0.145814982
45085,0.140842863,0.145814982
45087,0.140842863,0.145814982
45089,0.140842863,0.145814982
45091,0.140842863,0.145814982
46003,0.140842863,0.145814982
46005,0.140842863,0.145814982
46007,0.140842863,0.145814982
46009,0.140842863,0.145814982
46011,0.140842863,0.145814982
46013,0.140842863,0.145814982
46015,0.140842863,0.145814982
46017,0.140842863,0.145814982
46019,0.140842863,0.145814982
46021,0.140842863,0.145814982
46023,0.140842863,0.145814982
46025,0.140842863,0.145814982
46027,0.140842863,0.145814982
46029,0.140842863,0.145814982
46031,0.140842863,0.145814982
46033,0.140842863,0.145814982
46035,0.140842863,0.145814982
46037,0.140842863,0.145814982
46039,0.140842863,0.145814982
46041,0.140842863,0.145814982
46043,0.140842863,0.145814982
46045,0.140842863,0.145814982
46047,0.140842863,0.145814982
46049,0.140842863,0.145814982
46051,0.140842863,0.145814982
46053,0.140842863,0.145814982
46055,0.140842863,0.145814982
46057,0.140842863,0.145814982
46059,0.140842863,0.145814982
46061,0.140842863,0.145814982
46063,0.140842863,0.145814982
46065,0.140842863,0.145814982
46067,0.140842863,0.145814982
46069,0.140842863,0.145814982
46071,0.140842863,0.145814982
46073,0.140842863,0.145814982
46075,0.140842863,0.145814982
46077,0.140842863,0.145814982
46079,0.140842863,0.145814982
46081,0.140842863,0.145814982
46083,0.140842863,0.145814982
46085,0.140842863,0.145814982
46087,0.140842863,0.145814982
46089,0.140842863,0.145814982
46091,0.140842863,0.145814982
46093,0.140842863,0.145814982
46095,0.140842863,0.145814982
46097,0.140842863,0.145814982
46099,0.140842863,0.145814982
46101,0.140842863,0.145814982
46102,0.140842863,0.145814982
46103,0.140842863,0.145814982
46105,0.140842863,0.145814982
46107,0.140842863,0.145814982
46109,0.140842863,0.145814982
46111,0.140842863,0.145814982
46115,0.140842863,0.145814982
46117,0.140842863,0.145814982
46119,0.140842863,0.145814982
46121,0.140842863,0.145814982
46123,0.140842863,0.145814982
46125,0.140842863,0.145814982
46127,0.140842863,0.145814982
46129,0.140842863,0.145814982
46135,0.140842863,0.145814982
46137,0.140842863,0.145814982
47001,0.140842863,0.145814982
47003,0.140842863,0.145814982
47005,0.140842863,0.145814982
47007,0.140842863,0.145814982
47009,0.140842863,0.145814982
47011,0.140842863,0.145814982
47013,0.140842863,0.145814982
47015,0.140842863,0.145814982
47017,0.140842863,0.145814982
47019,0.140842863,0.145814982
47021,0.140842863,0.145814982
47023,0.140842863,0.145814982
47025,0.140842863,0.145814982
47027,0.140842863,0.145814982
47029,0.140842863,0.145814982
47031,0.140842863,0.145814982
47033,0.140842863,0.145814982
47035,0.140842863,0.145814982
47037,0.140842863,0.145814982
47039,0.140842863,0.145814982
47041,0.140842863,0.145814982
47043,0.140842863,0.145814982
47045,0.140842863,0.145814982
47047,0.140842863,0.145814982
47049,0.140842863,0.145814982
47051,0.140842863,0.145814982
47053,0.140842863,0.145814982
47055,0.140842863,0.145814982
47057,0.140842863,0.145814982
47059,0.140842863,0.145814982
47061,0.140842863,0.145814982
47063,0.140842863,0.145814982
47065,0.140842863,0.145814982
47067,0.140842863,0.145814982
47069,0.140842863,0.145814982
47071,0.140842863,0.145814982
47073,0.140842863,0.145814982
47075,0.140842863,0.145814982
47077,0.140842863,0.145814982
47079,0.140842863,0.145814982
47081,0.140842863,0.145814982
47083,0.140842863,0.145814982
47085,0.140842863,0.145814982
47087,0.140842863,0.145814982
47089,0.140842863,0.145814982
47091,0.140842863,0.145814982
47093,0.140842863,0.145814982
47095,0.140842863,0.145814982
47097,0.140842863,0.145814982
47099,0.140842863,0.145814982
47101,0.140842863,0.145814982
47103,0.140842863,0.145814982
47105,0.140842863,0.145814982
47107,0.140842863,0.145814982
47109,0.140842863,0.145814982
47111,0.140842863,0.145814982
47113,0.140842863,0.145814982
47115,0.140842863,0.145814982
47117,0.140842863,0.145814982
47119,0.140842863,0.145814982
47121,0.140842863,0.145814982
47123,0.140842863,0.145814982
47125,0.140842863,0.145814982
47127,0.140842863,0.145814982
47129,0.140842863,0.145814982
47131,0.140842863,0.145814982
47133,0.140842863,0.145814982
47135,0.140842863,0.145814982
47137,0.140842863,0.145814982
47139,0.140842863,0.145814982
47141,0.140842863,0.145814982
47143,0.140842863,0.145814982
47145,0.140842863,0.145814982
47147,0.140842863,0.145814982
47149,0.140842863,0.145814982
47151,0.140842863,0.145814982
47153,0.140842863,0.145814982
47155,0.140842863,0.145814982
47157,0.140842863,0.145814982
47159,0.140842863,0.145814982
47161,0.140842863,0.145814982
47163,0.140842863,0.145814982
47165,0.140842863,0.145814982
47167,0.140842863,0.145814982
47169,0.140842863,0.145814982
47171,0.140842863,0.145814982
47173,0.140842863,0.145814982
47175,0.140842863,0.145814982
47177,0.140842863,0.145814982
47179,0.140842863,0.145814982
47181,0.140842863,0.145814982
47183,0.140842863,0.145814982
47185,0.140842863,0.145814982
47187,0.140842863,0.145814982
47189,0.140842863,0.145814982
48001,0.140842863,0.145814982
48003,0.140842863,0.145814982
48005,0.140842863,0.145814982
48007,0.140842863,0.145814982
48009,0.140842863,0.145814982
48011,0.140842863,0.145814982
48013,0.140842863,0.145814982
48015,0.140842863,0.145814982
48017,0.140842863,0.145814982
48019,0.140842863,0.145814982
48021,0.140842863,0.145814982
48023,0.140842863,0.145814982
48025,0.140842863,0.145814982
48027,0.140842863,0.145814982
48029,0.140842863,0.145814982
48031,0.140842863,0.145814982
48033,0.140842863,0.145814982
48035,0.140842863,0.145814982
48037,0.140842863,0.145814982
48039,0.140842863,0.145814982
48041,0.140842863,0.145814982
48043,0.140842863,0.145814982
48045,0.140842863,0.145814982
48047,0.140842863,0.145814982
48049,0.140842863,0.145814982
48051,0.140842863,0.145814982
48053,0.140842863,0.145814982
48055,0.140842863,0.145814982
48057,0.140842863,0.145814982
48059,0.140842863,0.145814982
48061,0.140842863,0.145814982
48063,0.140842863,0.145814982
48065,0.140842863,0.145814982
48067,0.140842863,0.145814982
48069,0.140842863,0.145814982
48071,0.140842863,0.145814982
48073,0.140842863,0.145814982
48075,0.140842863,0.145814982
48077,0.140842863,0.145814982
48079,0.140842863,0.145814982
48081,0.140842863,0.145814982
48083,0.140842863,0.145814982
48085,0.140842863,0.145814982
48087,0.140842863,0.145814982
48089,0.140842863,0.145814982
48091,0.140842863,0.145814982
48093,0.140842863,0.145814982
48095,0.140842863,0.145814982
48097,0.140842863,0.145814982
48099,0.140842863,0.145814982
48101,0.140842863,0.145814982
48103,0.140842863,0.145814982
48105,0.140842863,0.145814982
48107,0.140842863,0.145814982
48109,0.140842863,0.145814982
48111,0.140842863,0.145814982
48113,0.140842863,0.145814982
48115,0.140842863,0.145814982
48117,0.140842863,0.145814982
48119,0.140842863,0.145814982
48121,0.140842863,0.145814982
48123,0.140842863,0.145814982
48125,0.140842863,0.145814982
48127,0.140842863,0.145814982
48129,0.140842863,0.145814982
48131,0.140842863,0.145814982
48133,0.140842863,0.145814982
48135,0.140842863,0.145814982
48137,0.140842863,0.145814982
48139,0.140842863,0.145814982
48141,0.140842863,0.145814982
48143,0.140842863,0.145814982
48145,0.140842863,0.145814982
48147,0.140842863,0.145814982
48149,0.140842863,0.145814982
48151,0.140842863,0.145814982
48153,0.140842863,0.145814982
48155,0.140842863,0.145814982
48157,0.140842863,0.145814982
48159,0.140842863,0.145814982
48161,0.140842863,0.145814982
48163,0.140842863,0.145814982
48165,0.140842863,0.145814982
48167,0.140842863,0.145814982
48169,0.140842863,0.145814982
48171,0.140842863,0.145814982
48173,0.140842863,0.145814982
48175,0.140842863,0.145814982
48177,0.140842863,0.145814982
48179,0.140842863,0.145814982
48181,0.140842863,0.145814982
48183,0.140842863,0.145814982
48185,0.140842863,0.145814982
48187,0.140842863,0.145814982
48189,0.140842863,0.145814982
48191,0.140842863,0.145814982
48193,0.140842863,0.145814982
48195,0.140842863,0.145814982
48197,0.140842863,0.145814982
48199,0.140842863,0.145814982
48201,0.140842863,0.145814982
48203,0.140842863,0.145814982
48205,0.140842863,0.145814982
48207,0.140842863,0.145814982
48209,0.140842863,0.145814982
48211,0.140842863,0.145814982
48213,0.140842863,0.145814982
48215,0.140842863,0.145814982
48217,0.140842863,0.145814982
48219,0.140842863,0.145814982
48221,0.140842863,0.145814982
48223,0.140842863,0.145814982
48225,0.140842863,0.145814982
48227,0.140842863,0.145814982
48229,0.140842863,0.145814982
48231,0.140842863,0.145814982
48233,0.140842863,0.145814982
48235,0.140842863,0.145814982
48237,0.140842863,0.145814982
48239,0.140842863,0.145814982
48241,0.140842863,0.145814982
48243,0.140842863,0.145814982
48245,0.140842863,0.145814982
48247,0.140842863,0.145814982
48249,0.140842863,0.145814982
48251,0.140842863,0.145814982
48253,0.140842863,0.145814982
48255,0.140842863,0.145814982
48257,0.140842863,0.145814982
48259,0.140842863,0.145814982
48261,0.140842863,0.145814982
48263,0.140842863,0.145814982
48265,0.140842863,0.145814982
48267,0.140842863,0.145814982
48269,0.140842863,0.145814982
48271,0.140842863,0.145814982
48273,0.140842863,0.145814982
48275,0.140842863,0.145814982
48277,0.140842863,0.145814982
48279,0.140842863,0.145814982
48281,0.140842863,0.145814982
48283,0.140842863,0.145814982
48285,0.140842863,0.145814982
48287,0.140842863,0.145814982
48289,0.140842863,0.145814982
48291,0.140842863,0.145814982
48293,0.140842863,0.145814982
48295,0.140842863,0.145814982
48297,0.140842863,0.145814982
48299,0.140842863,0.145814982
48301,0.140842863,0.145814982
48303,0.140842863,0.145814982
48305,0.140842863,0.145814982
48307,0.140842863,0.145814982
48309,0.140842863,0.145814982
48311,0.140842863,0.145814982
48313,0.140842863,0.145814982
48315,0.140842863,0.145814982
48317,0.140842863,0.145814982
48319,0.140842863,0.145814982
48321,0.140842863,0.145814982
48323,0.140842863,0.145814982
48325,0.140842863,0.145814982
48327,0.140842863,0.145814982
48329,0.140842863,0.145814982
48331,0.140842863,0.145814982
48333,0.140842863,0.145814982
48335,0.140842863,0.145814982
48337,0.140842863,0.145814982
48339,0.140842863,0.145814982
48341,0.140842863,0.145814982
48343,0.140842863,0.145814982
48345,0.140842863,0.145814982
48347,0.140842863,0.145814982
48349,0.140842863,0.145814982
48351,0.140842863,0.145814982
48353,0.140842863,0.145814982
48355,0.140842863,0.145814982
48357,0.140842863,0.145814982
48359,0.140842863,0.145814982
48361,0.140842863,0.145814982
48363,0.140842863,0.145814982
48365,0.140842863,0.145814982
48367,0.140842863,0.145814982
48369,0.140842863,0.145814982
48371,0.140842863,0.145814982
48373,0.140842863,0.145814982
48375,0.140842863,0.145814982
48377,0.140842863,0.145814982
48379,0.140842863,0.145814982
48381,0.140842863,0.145814982
48383,0.140842863,0.145814982
48385,0.140842863,0.145814982
48387,0.140842863,0.145814982
48389,0.140842863,0.145814982
48391,0.140842863,0.145814982
48393,0.140842863,0.145814982
48395,0.140842863,0.145814982
48397,0.140842863,0.145814982
48399,0.140842863,0.145814982
48401,0.140842863,0.145814982
48403,0.140842863,0.145814982
48405,0.140842863,0.145814982
48407,0.140842863,0.145814982
48409,0.140842863,0.145814982
48411,0.140842863,0.145814982
48413,0.140842863,0.145814982
48415,0.140842863,0.145814982
48417,0.140842863,0.145814982
48419,0.140842863,0.145814982
48421,0.140842863,0.145814982
48423,0.140842863,0.145814982
48425,0.140842863,0.145814982
48427,0.140842863,0.145814982
48429,0.140842863,0.145814982
48431,0.140842863,0.145814982
48433,0.140842863,0.145814982
48435,0.140842863,0.145814982
48437,0.140842863,0.145814982
48439,0.140842863,0.145814982
48441,0.140842863,0.145814982
48443,0.140842863,0.145814982
48445,0.140842863,0.145814982
48447,0.140842863,0.145814982
48449,0.140842863,0.145814982
48451,0.140842863,0.145814982
48453,0.140842863,0.145814982
48455,0.140842863,0.145814982
48457,0.140842863,0.145814982
48459,0.140842863,0.145814982
48461,0.140842863,0.145814982
48463,0.140842863,0.145814982
48465,0.140842863,0.145814982
48467,0.140842863,0.145814982
48469,0.140842863,0.145814982
48471,0.140842863,0.145814982
48473,0.140842863,0.145814982
48475,0.140842863,0.145814982
48477,0.140842863,0.145814982
48479,0.140842863,0.145814982
48481,0.140842863,0.145814982
48483,0.140842863,0.145814982
48485,0.140842863,0.145814982
48487,0.140842863,0.145814982
48489,0.140842863,0.145814982
48491,0.140842863,0.145814982
48493,0.140842863,0.145814982
48495,0.140842863,0.145814982
48497,0.140842863,0.145814982
48499,0.140842863,0.145814982
48501,0.140842863,0.145814982
48503,0.140842863,0.145814982
48505,0.140842863,0.145814982
48507,0.140842863,0.145814982
49001,0.140842863,0.145814982
49003,0.140842863,0.145814982
49005,0.140842863,0.145814982
49007,0.140842863,0.145814982
49009,0.140842863,0.145814982
49011,0.140842863,0.145814982
49013,0.140842863,0.145814982
49015,0.140842863,0.145814982
49017,0.140842863,0.145814982
49019,0.140842863,0.145814982
49021,0.140842863,0.145814982
49023,0.140842863,0.145814982
49025,0.140842863,0.145814982
49027,0.140842863,0.145814982
49029,0.140842863,0.145814982
49031,0.140842863,0.145814982
49033,0.140842863,0.145814982
49035,0.140842863,0.145814982
49037,0.140842863,0.145814982
49039,0.140842863,0.145814982
49041,0.140842863,0.145814982
49043,0.140842863,0.145814982
49045,0.140842863,0.145814982
49047,0.140842863,0.145814982
49049,0.140842863,0.145814982
49051,0.140842863,0.145814982
49053,0.140842863,0.145814982
49055,0.140842863,0.145814982
49057,0.140842863,0.145814982
50001,0.140842863,0.145814982
50003,0.140842863,0.145814982
50005,0.140842863,0.145814982
50007,0.140842863,0.145814982
50009,0.140842863,0.145814982
50011,0.140842863,0.145814982
50013,0.140842863,0.145814982
50015,0.140842863,0.145814982
50017,0.140842863,0.145814982
50019,0.140842863,0.145814982
50021,0.140842863,0.145814982
50023,0.140842863,0.145814982
50025,0.140842863,0.145814982
50027,0.140842863,0.145814982
51001,0.140842863,0.145814982
51003,0.140842863,0.145814982
51005,0.140842863,0.145814982
51007,0.140842863,0.145814982
51009,0.140842863,0.145814982
51011,0.140842863,0.145814982
51013,0.140842863,0.145814982
51015,0.140842863,0.145814982
51017,0.140842863,0.145814982
51019,0.140842863,0.145814982
51021,0.140842863,0.145814982
51023,0.140842863,0.145814982
51025,0.140842863,0.145814982
51027,0.140842863,0.145814982
51029,0.140842863,0.145814982
51031,0.140842863,0.145814982
51033,0.140842863,0.145814982
51035,0.140842863,0.145814982
51036,0.140842863,0.145814982
51037,0.140842863,0.145814982
51041,0.140842863,0.145814982
51043,0.140842863,0.145814982
51045,0.140842863,0.145814982
51047,0.140842863,0.145814982
51049,0.140842863,0.145814982
51051,0.140842863,0.145814982
51053,0.140842863,0.145814982
51057,0.140842863,0.145814982
51059,0.140842863,0.145814982
51061,0.140842863,0.145814982
51063,0.140842863,0.145814982
51065,0.140842863,0.145814982
51067,0.140842863,0.145814982
51069,0.140842863,0.145814982
51071,0.140842863,0.145814982
51073,0.140842863,0.145814982
51075,0.140842863,0.145814982
51077,0.140842863,0.145814982
51079,0.140842863,0.145814982
51081,0.140842863,0.145814982
51083,0.140842863,0.145814982
51085,0.140842863,0.145814982
51087,0.140842863,0.145814982
51089,0.140842863,0.145814982
51091,0.140842863,0.145814982
51093,0.140842863,0.145814982
51095,0.140842863,0.145814982
51097,0.140842863,0.145814982
51099,0.140842863,0.145814982
51101,0.140842863,0.145814982
51103,0.140842863,0.145814982
51105,0.140842863,0.145814982
51107,0.140842863,0.145814982
51109,0.140842863,0.145814982
51111,0.140842863,0.145814982
51113,0.140842863,0.145814982
51115,0.140842863,0.145814982
51117,0.140842863,0.145814982
51119,0.140842863,0.145814982
51121,0.140842863,0.145814982
51125,0.140842863,0.145814982
51127,0.140842863,0.145814982
51131,0.140842863,0.145814982
51133,0.140842863,0.145814982
51135,0.140842863,0.145814982
51137,0.140842863,0.145814982
51139,0.140842863,0.145814982
51141,0.140842863,0.145814982
51143,0.140842863,0.145814982
51145,0.140842863,0.145814982
51147,0.140842863,0.145814982
51149,0.140842863,0.145814982
51153,0.140842863,0.145814982
51155,0.140842863,0.145814982
51157,0.140842863,0.145814982
51159,0.140842863,0.145814982
51161,0.140842863,0.145814982
51163,0.140842863,0.145814982
51165,0.140842863,0.145814982
51167,0.140842863,0.145814982
51169,0.140842863,0.145814982
51171,0.140842863,0.145814982
51173,0.140842863,0.145814982
51175,0.140842863,0.145814982
51177,0.140842863,0.145814982
51179,0.140842863,0.145814982
51181,0.140842863,0.145814982
51183,0.140842863,0.145814982
51185,0.140842863,0.145814982
51187,0.140842863,0.145814982
51191,0.140842863,0.145814982
51193,0.140842863,0.145814982
51195,0.140842863,0.145814982
51197,0.140842863,0.145814982
51199,0.140842863,0.145814982
51510,0.140842863,0.145814982
51520,0.140842863,0.145814982
51530,0.140842863,0.145814982
51540,0.140842863,0.145814982
51550,0.140842863,0.145814982
51570,0.140842863,0.145814982
51580,0.140842863,0.145814982
51590,0.140842863,0.145814982
51595,0.140842863,0.145814982
51600,0.140842863,0.145814982
51610,0.140842863,0.145814982
51620,0.140842863,0.145814982
51630,0.140842863,0.145814982
51640,0.140842863,0.145814982
51650,0.140842863,0.145814982
51660,0.140842863,0.145814982
51670,0.140842863,0.145814982
51678,0.140842863,0.145814982
51680,0.140842863,0.145814982
51683,0.140842863,0.145814982
51685,0.140842863,0.145814982
51690,0.140842863,0.145814982
51700,0.140842863,0.145814982
51710,0.140842863,0.145814982
51720,0.140842863,0.145814982
51730,0.140842863,0.145814982
51735,0.140842863,0.145814982
51740,0.140842863,0.145814982
51750,0.140842863,0.145814982
51760,0.140842863,0.145814982
51770,0.140842863,0.145814982
51775,0.140842863,0.145814982
51790,0.140842863,0.145814982
51800,0.140842863,0.145814982
51810,0.140842863,0.145814982
51820,0.140842863,0.145814982
51830,0.140842863,0.145814982
51840,0.140842863,0.145814982
53001,0.140842863,0.145814982
53003,0.140842863,0.145814982
53005,0.140842863,0.145814982
53007,0.140842863,0.145814982
53009,0.140842863,0.145814982
53011,0.140842863,0.145814982
53013,0.140842863,0.145814982
53015,0.140842863,0.145814982
53017,0.140842863,0.145814982
53019,0.140842863,0.145814982
53021,0.140842863,0.145814982
53023,0.140842863,0.145814982
53025,0.140842863,0.145814982
53027,0.140842863,0.145814982
53029,0.140842863,0.145814982
53031,0.140842863,0.145814982
53033,0.140842863,0.145814982
53035,0.140842863,0.145814982
53037,0.140842863,0.145814982
53039,0.140842863,0.145814982
53041,0.140842863,0.145814982
53043,0.140842863,0.145814982
53045,0.140842863,0.145814982
53047,0.140842863,0.145814982
53049,0.140842863,0.145814982
53051,0.140842863,0.145814982
53053,0.140842863,0.145814982
53055,0.140842863,0.145814982
53057,0.140842863,0.145814982
53059,0.140842863,0.145814982
53061,0.140842863,0.145814982
53063,0.140842863,0.145814982
53065,0.140842863,0.145814982
53067,0.140842863,0.145814982
53069,0.140842863,0.145814982
53071,0.140842863,0.145814982
53073,0.140842863,0.145814982
53075,0.140842863,0.145814982
53077,0.140842863,0.145814982
54001,0.140842863,0.145814982
54003,0.140842863,0.145814982
54005,0.140842863,0.145814982
54007,0.140842863,0.145814982
54009,0.140842863,0.145814982
54011,0.140842863,0.145814982
54013,0.140842863,0.145814982
54015,0.140842863,0.145814982
54017,0.140842863,0.145814982
54019,0.140842863,0.145814982
54021,0.140842863,0.145814982
54023,0.140842863,0.145814982
54025,0.140842863,0.145814982
54027,0.140842863,0.145814982
54029,0.140842863,0.145814982
54031,0.140842863,0.145814982
54033,0.140842863,0.145814982
54035,0.140842863,0.145814982
54037,0.140842863,0.145814982
54039,0.140842863,0.145814982
54041,0.140842863,0.145814982
54043,0.140842863,0.145814982
54045,0.140842863,0.145814982
54047,0.140842863,0.145814982
54049,0.140842863,0.145814982
54051,0.140842863,0.145814982
54053,0.140842863,0.145814982
54055,0.140842863,0.145814982
54057,0.140842863,0.145814982
54059,0.140842863,0.145814982
54061,0.140842863,0.145814982
54063,0.140842863,0.145814982
54065,0.140842863,0.145814982
54067,0.140842863,0.145814982
54069,0.140842863,0.145814982
54071,0.140842863,0.145814982
54073,0.140842863,0.145814982
54075,0.140842863,0.145814982
54077,0.140842863,0.145814982
54079,0.140842863,0.145814982
54081,0.140842863,0.145814982
54083,0.140842863,0.145814982
54085,0.140842863,0.145814982
54087,0.140842863,0.145814982
54089,0.140842863,0.145814982
54091,0.140842863,0.145814982
54093,0.140842863,0.145814982
54095,0.140842863,0.145814982
54097,0.140842863,0.145814982
54099,0.140842863,0.145814982
54101,0.140842863,0.145814982
54103,0.140842863,0.145814982
54105,0.140842863,0.145814982
54107,0.140842863,0.145814982
54109,0.140842863,0.145814982
55001,0.140842863,0.145814982
55003,0.140842863,0.145814982
55005,0.140842863,0.145814982
55007,0.140842863,0.145814982
55009,0.140842863,0.145814982
55011,0.140842863,0.145814982
55013,0.140842863,0.145814982
55015,0.140842863,0.145814982
55017,0.140842863,0.145814982
55019,0.140842863,0.145814982
55021,0.140842863,0.145814982
55023,0.140842863,0.145814982
55025,0.140842863,0.145814982
55027,0.140842863,0.145814982
55029,0.140842863,0.145814982
55031,0.140842863,0.145814982
55033,0.140842863,0.145814982
55035,0.140842863,0.145814982
55037,0.140842863,0.145814982
55039,0.140842863,0.145814982
55041,0.140842863,0.145814982
55043,0.140842863,0.145814982
55045,0.140842863,0.145814982
55047,0.140842863,0.145814982
55049,0.140842863,0.145814982
55051,0.140842863,0.145814982
55053,0.140842863,0.145814982
55055,0.140842863,0.145814982
55057,0.140842863,0.145814982
55059,0.140842863,0.145814982
55061,0.140842863,0.145814982
55063,0.140842863,0.145814982
55065,0.140842863,0.145814982
55067,0.140842863,0.145814982
55069,0.140842863,0.145814982
55071,0.140842863,0.145814982
55073,0.140842863,0.145814982
55075,0.140842863,0.145814982
55077,0.140842863,0.145814982
55078,0.140842863,0.145814982
55079,0.140842863,0.145814982
55081,0.140842863,0.145814982
55083,0.140842863,0.145814982
55085,0.140842863,0.145814982
55087,0.140842863,0.145814982
55089,0.140842863,0.145814982
55091,0.140842863,0.145814982
55093,0.140842863,0.145814982
55095,0.140842863,0.145814982
55097,0.140842863,0.145814982
55099,0.140842863,0.145814982
55101,0.140842863,0.145814982
55103,0.140842863,0.145814982
55105,0.140842863,0.145814982
55107,0.140842863,0.145814982
55109,0.140842863,0.145814982
55111,0.140842863,0.145814982
55113,0.140842863,0.145814982
55115,0.140842863,0.145814982
55117,0.140842863,0.145814982
55119,0.140842863,0.145814982
55121,0.140842863,0.145814982
55123,0.140842863,0.145814982
55125,0.140842863,0.145814982
55127,0.140842863,0.145814982
55129,0.140842863,0.145814982
55131,0.140842863,0.145814982
55133,0.140842863,0.145814982
55135,0.140842863,0.145814982
55137,0.140842863,0.145814982
55139,0.140842863,0.145814982
55141,0.140842863,0.145814982
56001,0.140842863,0.145814982
56003,0.140842863,0.145814982
56005,0.140842863,0.145814982
56007,0.140842863,0.145814982
56009,0.140842863,0.145814982
56011,0.140842863,0.145814982
56013,0.140842863,0.145814982
56015,0.140842863,0.145814982
56017,0.140842863,0.145814982
56019,0.140842863,0.145814982
56021,0.140842863,0.145814982
56023,0.140842863,0.145814982
56025,0.140842863,0.145814982
56027,0.140842863,0.145814982
56029,0.140842863,0.145814982
56031,0.140842863,0.145814982
56033,0.140842863,0.145814982
56035,0.140842863,0.145814982
56037,0.140842863,0.145814982
56039,0.140842863,0.145814982
56041,0.140842863,0.145814982
56043,0.140842863,0.145814982
56045,0.140842863,0.145814982