fips,2023
01,223.6291386
01001,123.5525815
01003,197.6841304
01005,129.7302106
01007,35.83024864
01009,108.7262717
01011,71.66049727
01013,109.9617975
01015,143.3209945
01017,64.24734238
01019,252.0472663
01021,45.71445516
01023,54.36313586
01025,49.4210326
01027,45.71445516
01029,74.1315489
01031,116.1394266
01033,261.9314728
01035,108.7262717
01037,164.3249334
01039,147.027572
01041,67.95391983
01043,105.0196943
01045,145.7920462
01047,80.30917798
01049,138.3788913
01051,95.13548776
01053,232.2788532
01055,124.7881073
01057,118.6104782
01059,155.6762527
01061,124.7881073
01063,46.94998097
01065,106.2552201
01067,112.4328492
01069,142.0854687
01071,139.6144171
01073,164.3249334
01075,76.60260053
01077,214.9814918
01079,266.8735761
01081,66.71839401
01083,303.9393505
01085,50.65655842
01087,119.8460041
01089,226.1012242
01091,88.95785869
01093,86.48680706
01095,116.1394266
01097,153.2052011
01099,185.3288723
01101,49.4210326
01103,150.7341494
01105,119.8460041
01107,71.66049727
01109,81.5447038
01111,79.07365216
01113,82.78022961
01115,33.35919701
01117,82.78022961
01119,40.7723519
01121,108.7262717
01123,61.77629075
01125,105.0196943
01127,61.77629075
01129,158.1473043
01131,72.89602309
01133,56.83418749
04001,857.4549157
04003,857.4549157
04005,857.4549157
04007,857.4549157
04009,857.4549157
04011,857.4549157
04012,857.4549157
04013,857.4549157
04015,857.4549157
04017,857.4549157
04019,857.4549157
04021,857.4549157
04023,857.4549157
04025,857.4549157
04027,857.4549157
05001,119.8460041
05003,119.8460041
05005,119.8460041
05007,114.9039008
05009,133.436788
05011,119.8460041
05013,119.8460041
05015,117.3749524
05017,294.055144
05019,55.59866168
05021,119.8460041
05023,119.8460041
05025,119.8460041
05027,119.8460041
05029,48.18550679
05031,134.6723138
05033,79.07365216
05035,242.1630598
05037,289.1130407
05039,33.35919701
05041,119.8460041
05043,82.78022961
05045,72.89602309
05047,30.88814538
05049,119.8460041
05051,119.8460041
05053,45.71445516
05055,184.0933464
05057,79.07365216
05059,53.12761005
05061,118.6104782
05063,84.01575543
05065,40.7723519
05067,202.6262337
05069,164.3249334
05071,85.25128124
05073,119.8460041
05075,142.0854687
05077,219.9235951
05079,70.42497146
05081,75.36707472
05083,63.01181657
05085,72.89602309
05087,102.5486427
05089,119.8460041
05091,81.5447038
05093,286.6419891
05095,196.4486046
05097,37.06577445
05099,65.4828682
05101,119.8460041
05103,119.8460041
05105,51.89208423
05107,254.5183179
05109,56.83418749
05111,119.8460041
05113,67.95391983
05115,81.5447038
05117,67.95391983
05119,72.89602309
05121,58.06971331
05123,214.9814918
05125,37.06577445
05127,69.18944564
05129,119.8460041
05131,34.59472282
05133,56.83418749
05135,56.83418749
05137,54.36313586
05139,42.00787771
05141,119.8460041
05143,138.3788913
05145,74.1315489
05147,119.8460041
05149,38.30130027
06001,93.89996195
06003,93.89996195
06005,85.25128124
06007,58.06971331
06009,93.89996195
06011,93.89996195
06013,38.30130027
06015,93.89996195
06017,93.89996195
06019,74.1315489
06021,61.77629075
06023,227.33675
06025,93.89996195
06027,93.89996195
06029,118.6104782
06031,93.89996195
06033,93.89996195
06035,93.89996195
06037,93.89996195
06039,70.42497146
06041,180.386769
06043,93.89996195
06045,93.89996195
06047,93.89996195
06049,138.3788913
06051,93.89996195
06053,48.18550679
06055,93.89996195
06057,93.89996195
06059,93.89996195
06061,95.13548776
06063,93.89996195
06065,49.4210326
06067,103.7841685
06069,35.83024864
06071,93.89996195
06073,93.89996195
06075,93.89996195
06077,196.4486046
06079,66.71839401
06081,124.7881073
06083,200.155182
06085,93.89996195
06087,93.89996195
06089,93.89996195
06091,93.89996195
06093,51.89208423
06095,74.1315489
06097,266.8735761
06099,93.89996195
06101,92.66443613
06103,42.00787771
06105,93.89996195
06107,93.89996195
06109,93.89996195
06111,93.89996195
06113,101.3131168
06115,93.89996195
08001,50.65655842
08003,77.83812635
08005,32.12367119
08007,50.65655842
08009,75.36707472
08011,77.83812635
08013,100.077591
08014,77.83812635
08015,77.83812635
08017,69.18944564
08019,77.83812635
08021,77.83812635
08023,77.83812635
08025,77.83812635
08027,77.83812635
08029,77.83812635
08031,77.83812635
08033,77.83812635
08035,77.83812635
08037,77.83812635
08039,69.18944564
08041,19.52130788
08043,77.83812635
08045,77.83812635
08047,77.83812635
08049,77.83812635
08051,77.83812635
08053,77.83812635
08055,77.83812635
08057,77.83812635
08059,77.83812635
08061,60.54076494
08063,90.1933845
08065,77.83812635
08067,35.83024864
08069,67.95391983
08071,77.83812635
08073,56.83418749
08075,72.89602309
08077,77.83812635
08079,77.83812635
08081,43.24340353
08083,35.83024864
08085,77.83812635
08087,77.83812635
08089,77.83812635
08091,77.83812635
08093,77.83812635
08095,109.9617975
08097,77.83812635
08099,58.06971331
08101,77.83812635
08103,77.83812635
08105,64.24734238
08107,54.36313586
08109,77.83812635
08111,77.83812635
08113,42.00787771
08115,107.4907459
08117,77.83812635
08119,77.83812635
08121,91.42891032
08123,72.89602309
08125,116.1394266
09001,210.0393886
09003,323.7077636
09005,133.436788
09007,186.5643981
09009,239.6920081
09011,207.5683369
09013,210.0393886
09015,195.2130788
10001,240.9275339
10003,240.9275339
10005,233.514379
11001,223.6291386
12001,91.42891032
12003,128.4946848
12005,128.4946848
12007,128.4946848
12009,128.4946848
12011,128.4946848
12013,149.4986236
12015,100.077591
12017,46.94998097
12019,128.4946848
12021,128.4946848
12023,145.7920462
12027,128.4946848
12029,128.4946848
12031,128.4946848
12033,286.6419891
12035,128.4946848
12037,128.4946848
12039,128.4946848
12041,127.259159
12043,128.4946848
12045,128.4946848
12047,137.1433655
12049,67.95391983
12051,128.4946848
12053,74.1315489
12055,127.259159
12057,123.5525815
12059,148.2630978
12061,128.4946848
12063,186.5643981
12065,166.795985
12067,165.5604592
12069,128.4946848
12071,128.4946848
12073,128.4946848
12075,184.0933464
12077,128.4946848
12079,67.95391983
12081,154.4407269
12083,50.65655842
12085,128.4946848
12086,128.4946848
12087,128.4946848
12089,128.4946848
12091,132.2012622
12093,128.4946848
12095,128.4946848
12097,128.4946848
12099,128.4946848
12101,98.84206521
12103,128.4946848
12105,64.24734238
12107,128.4946848
12109,128.4946848
12111,128.4946848
12113,128.4946848
12115,128.4946848
12117,128.4946848
12119,144.5565204
12121,108.7262717
12123,128.4946848
12125,128.4946848
12127,128.4946848
12129,128.4946848
12131,128.4946848
12133,172.9736141
13001,232.2788532
13003,271.8156793
13005,212.5104402
13007,211.2749144
13009,185.3288723
13011,56.83418749
13013,96.37101358
13015,98.84206521
13017,226.1012242
13019,228.5722758
13021,185.3288723
13023,142.0854687
13025,97.60653939
13027,227.33675
13029,185.3288723
13031,189.0354497
13033,96.37101358
13035,65.4828682
13037,185.3288723
13039,185.3288723
13043,185.3288723
13045,185.3288723
13047,185.3288723
13049,185.3288723
13051,185.3288723
13053,185.3288723
13055,112.4328492
13057,105.0196943
13059,185.3288723
13061,156.9117785
13063,185.3288723
13065,185.3288723
13067,185.3288723
13069,234.7499049
13071,271.8156793
13073,185.3288723
13075,264.4025244
13077,185.3288723
13079,101.3131168
13081,165.5604592
13083,60.54076494
13085,102.5486427
13087,249.5762146
13089,185.3288723
13091,182.8578206
13093,187.7999239
13095,185.3288723
13097,185.3288723
13099,201.3907079
13101,185.3288723
13103,105.0196943
13105,85.25128124
13107,149.4986236
13109,140.8499429
13111,185.3288723
13113,185.3288723
13115,185.3288723
13117,77.83812635
13119,84.01575543
13121,185.3288723
13123,80.30917798
13125,185.3288723
13127,185.3288723
13129,84.01575543
13131,205.0972853
13133,59.30523912
13135,185.3288723
13137,84.01575543
13139,114.9039008
13141,58.06971331
13143,65.4828682
13145,185.3288723
13147,63.01181657
13149,79.07365216
13151,185.3288723
13153,143.3209945
13155,247.105163
13157,60.54076494
13159,185.3288723
13161,266.8735761
13163,88.95785869
13165,155.6762527
13167,90.1933845
13169,45.71445516
13171,185.3288723
13173,185.3288723
13175,103.7841685
13177,185.3288723
13179,185.3288723
13181,185.3288723
13183,185.3288723
13185,203.8617595
13187,61.77629075
13189,59.30523912
13191,185.3288723
13193,174.2091399
13195,84.01575543
13197,139.6144171
13199,75.36707472
13201,218.6880693
13205,256.9893695
13207,88.95785869
13209,176.6801916
13211,90.1933845
13213,97.60653939
13215,185.3288723
13217,54.36313586
13219,84.01575543
13221,87.72233287
13223,185.3288723
13225,154.4407269
13227,185.3288723
13229,303.9393505
13231,113.668375
13233,111.1973234
13235,301.4682989
13237,66.71839401
13239,185.3288723
13241,185.3288723
13243,153.2052011
13245,185.3288723
13247,185.3288723
13249,185.3288723
13251,144.5565204
13253,185.3288723
13255,95.13548776
13257,81.5447038
13259,185.3288723
13261,179.1512432
13263,185.3288723
13265,185.3288723
13267,143.3209945
13269,164.3249334
13271,172.9736141
13273,168.0315109
13275,271.8156793
13277,232.2788532
13279,148.2630978
13281,103.7841685
13283,168.0315109
13285,185.3288723
13287,213.745966
13289,185.3288723
13291,126.0236331
13293,138.3788913
13295,84.01575543
13297,77.83812635
13299,185.3288723
13301,51.89208423
13303,74.1315489
13305,181.6222948
13307,185.3288723
13309,185.3288723
13311,84.01575543
13313,64.24734238
13315,234.7499049
13317,54.36313586
13319,185.3288723
13321,279.2288342
16001,163.0894076
16003,163.0894076
16005,56.83418749
16007,105.0196943
16009,174.2091399
16011,163.0894076
16013,163.0894076
16015,163.0894076
16017,112.4328492
16019,84.01575543
16021,190.2709755
16023,163.0894076
16025,54.36313586
16027,163.0894076
16029,119.8460041
16031,105.0196943
16033,163.0894076
16035,139.6144171
16037,163.0894076
16039,163.0894076
16041,77.83812635
16043,129.7302106
16045,163.0894076
16047,163.0894076
16049,182.8578206
16051,163.0894076
16053,163.0894076
16055,160.618356
16057,212.5104402
16059,87.72233287
16061,219.9235951
16063,163.0894076
16065,111.1973234
16067,163.0894076
16069,216.2170176
16071,65.4828682
16073,50.65655842
16075,163.0894076
16077,79.07365216
16079,163.0894076
16081,80.30917798
16083,163.0894076
16085,163.0894076
16087,74.1315489
17001,476.9129646
17003,447.2603451
17005,533.7471521
17007,736.3733858
17009,533.7471521
17011,716.6049727
17013,494.210326
17015,756.1417988
17017,719.0760244
17019,780.8523151
17021,758.6128505
17023,583.1681847
17025,452.2024483
17027,538.6892554
17029,719.0760244
17031,222.3946467
17033,518.9208423
17035,489.2682228
17037,726.4891793
17039,810.5049347
17041,778.3812635
17043,640.0023722
17045,696.8365597
17047,385.4840543
17049,640.0023722
17051,496.6813777
17053,607.878701
17055,383.0130027
17057,617.7629075
17059,471.9708614
17061,630.1181657
17063,657.2997336
17065,323.7077636
17067,672.1260434
17069,640.0023722
17071,659.7707853
17073,672.1260434
17075,640.0023722
17077,350.8893315
17079,469.4998097
17081,328.6498668
17083,536.2182037
17085,649.8865787
17087,142.0854687
17089,620.2339592
17091,600.4655461
17093,773.4391602
17095,706.7207662
17097,318.7656603
17099,711.6628695
17101,548.5734619
17103,674.597095
17105,686.9523532
17107,832.7443994
17109,773.4391602
17111,595.5234429
17113,766.0260053
17115,837.6865026
17117,726.4891793
17119,640.0023722
17121,427.491932
17123,667.1839401
17125,605.4076494
17127,298.9972472
17129,689.4234048
17131,649.8865787
17133,387.9551059
17135,731.4312825
17137,652.3576304
17139,906.8759483
17141,704.2497146
17143,593.0523912
17145,328.6498668
17147,894.5206901
17149,523.8629456
17151,301.4682989
17153,392.8972092
17155,615.2918559
17157,395.3682608
17159,452.2024483
17161,610.3497526
17163,459.6156032
17165,363.2445896
17167,808.0338831
17169,593.0523912
17171,585.6392363
17173,610.3497526
17175,716.6049727
17177,686.9523532
17179,719.0760244
17181,343.4761766
17183,657.2997336
17185,437.3761385
17187,731.4312825
17189,434.9050869
17191,402.7814157
17193,432.4340353
17195,686.9523532
17197,555.9866168
17199,228.5722758
17201,637.5313206
17203,793.2075733
18001,597.9944945
18003,551.0445135
18005,509.0366358
18007,736.3733858
18009,575.7550298
18011,689.4234048
18013,313.823557
18015,632.5892173
18017,612.8208043
18019,353.3603831
18021,543.6313586
18023,635.0602689
18025,269.3446277
18027,612.8208043
18029,370.6577445
18031,605.4076494
18033,400.3103641
18035,600.4655461
18037,449.7313967
18039,481.8550679
18041,509.0366358
18043,551.0445135
18045,691.8944564
18047,420.0787771
18049,499.1524293
18051,518.9208423
18053,546.1024103
18055,489.2682228
18057,593.0523912
18059,588.110288
18061,298.9972472
18063,612.8208043
18065,575.7550298
18067,585.6392363
18069,555.9866168
18071,429.9629836
18073,605.4076494
18075,494.210326
18077,392.8972092
18079,434.9050869
18081,491.7392744
18083,528.8050489
18085,504.0945326
18087,375.5998478
18089,528.8050489
18091,501.6234809
18093,360.773538
18095,578.2260815
18097,454.6734999
18099,506.5655842
18101,447.2603451
18103,518.9208423
18105,331.1209184
18107,672.1260434
18109,506.5655842
18111,600.4655461
18113,420.0787771
18115,294.055144
18117,486.7971711
18119,405.2524673
18121,511.5076874
18123,232.2788532
18125,486.7971711
18127,501.6234809
18129,570.8129266
18131,565.8708233
18133,595.5234429
18135,560.92872
18137,459.6156032
18139,627.6471141
18141,484.3261195
18143,378.0708994
18145,533.7471521
18147,422.5498288
18149,447.2603451
18151,439.8471902
18153,536.2182037
18155,336.0630217
18157,625.1760624
18159,694.3655081
18161,546.1024103
18163,511.5076874
18165,546.1024103
18167,526.3339972
18169,526.3339972
18171,669.6549918
18173,434.9050869
18175,368.1866929
18177,491.7392744
18179,595.5234429
18181,595.5234429
18183,496.6813777
19001,541.160307
19003,555.9866168
19005,573.2839782
19007,415.1366739
19009,716.6049727
19011,664.7128885
19013,699.3076113
19015,657.2997336
19017,709.1918179
19019,684.4813016
19021,669.6549918
19023,758.6128505
19025,644.9444755
19027,733.9023342
19029,536.2182037
19031,699.3076113
19033,662.2418369
19035,746.2575923
19037,682.0102499
19039,425.0208804
19041,649.8865787
19043,667.1839401
19045,652.3576304
19047,679.5391983
19049,625.1760624
19051,452.2024483
19053,422.5498288
19055,728.9602309
19057,605.4076494
19059,580.6971331
19061,714.1339211
19063,612.8208043
19065,657.2997336
19067,642.4734238
19069,724.0181276
19071,617.7629075
19073,652.3576304
19075,812.9759863
19077,602.9365978
19079,761.0839021
19081,640.0023722
19083,686.9523532
19085,647.4155271
19087,617.7629075
19089,654.828682
19091,699.3076113
19093,706.7207662
19095,654.828682
19097,632.5892173
19099,615.2918559
19101,642.4734238
19103,644.9444755
19105,640.0023722
19107,570.8129266
19109,709.1918179
19111,555.9866168
19113,654.828682
19115,600.4655461
19117,402.7814157
19119,709.1918179
19121,533.7471521
19123,622.7050108
19125,516.4497907
19127,711.6628695
19129,647.4155271
19131,684.4813016
19133,635.0602689
19135,432.4340353
19137,553.5155652
19139,706.7207662
19141,738.8444374
19143,674.597095
19145,588.110288
19147,657.2997336
19149,689.4234048
19151,679.5391983
19153,659.7707853
19155,674.597095
19157,649.8865787
19159,454.6734999
19161,721.547076
19163,701.778663
19165,644.9444755
19167,714.1339211
19169,706.7207662
19171,640.0023722
19173,560.92872
19175,526.3339972
19177,459.6156032
19179,593.0523912
19181,462.0866548
19183,657.2997336
19185,420.0787771
19187,726.4891793
19189,696.8365597
19191,617.7629075
19193,689.4234048
19195,588.110288
19197,748.7286439
20001,153.2052011
20003,160.618356
20005,301.4682989
20007,116.1394266
20009,132.2012622
20011,144.5565204
20013,476.9129646
20015,122.3170557
20017,151.9696753
20019,100.077591
20021,159.3828301
20023,128.4946848
20025,72.89602309
20027,234.7499049
20029,239.6920081
20031,140.8499429
20033,75.36707472
20035,130.9657364
20037,139.6144171
20039,142.0854687
20041,166.795985
20043,476.9129646
20045,192.7420272
20047,100.077591
20049,113.668375
20051,102.5486427
20053,116.1394266
20055,101.3131168
20057,93.89996195
20059,186.5643981
20061,197.6841304
20063,109.9617975
20065,101.3131168
20067,77.83812635
20069,114.9039008
20071,106.2552201
20073,124.7881073
20075,71.66049727
20077,106.2552201
20079,151.9696753
20081,105.0196943
20083,79.07365216
20085,223.6301725
20087,200.155182
20089,187.7999239
20091,140.8499429
20093,154.4407269
20095,108.7262717
20097,95.13548776
20099,133.436788
20101,96.37101358
20103,179.1512432
20105,148.2630978
20107,175.4446657
20109,124.7881073
20111,191.5065013
20113,166.795985
20115,129.7302106
20117,294.055144
20119,101.3131168
20121,166.795985
20123,185.3288723
20125,155.6762527
20127,159.3828301
20129,77.83812635
20131,343.4761766
20133,122.3170557
20135,95.13548776
20137,133.436788
20139,126.0236331
20141,132.2012622
20143,161.8538818
20145,85.25128124
20147,124.7881073
20149,200.155182
20151,111.1973234
20153,151.9696753
20155,140.8499429
20157,217.4525435
20159,133.436788
20161,196.4486046
20163,109.9617975
20165,109.9617975
20167,102.5486427
20169,166.795985
20171,158.1473043
20173,123.5525815
20175,79.07365216
20177,166.795985
20179,144.5565204
20181,134.6723138
20183,182.8578206
20185,108.7262717
20187,71.66049727
20189,76.60260053
20191,143.3209945
20193,144.5565204
20195,85.25128124
20197,171.7380883
20199,154.4407269
20201,211.2749144
20203,142.0854687
20205,186.5643981
20207,117.3749524
20209,154.4407269
21001,279.2288342
21003,294.055144
21005,211.2749144
21007,383.0130027
21009,392.8972092
21011,237.2209565
21013,412.6656222
21015,180.386769
21017,303.9393505
21019,412.6656222
21021,412.6656222
21023,181.6222948
21025,412.6656222
21027,316.2946087
21029,171.7380883
21031,400.3103641
21033,400.3103641
21035,348.4182799
21037,160.618356
21039,402.7814157
21041,171.7380883
21043,92.66443613
21045,266.8735761
21047,474.441913
21049,412.6656222
21051,96.37101358
21053,227.33675
21055,429.9629836
21057,281.6998858
21059,504.0945326
21061,281.6998858
21063,412.6656222
21065,65.4828682
21067,237.2209565
21069,301.4682989
21071,412.6656222
21073,160.618356
21075,457.1445516
21077,412.6656222
21079,126.0236331
21081,111.1973234
21083,427.491932
21085,271.8156793
21087,360.773538
21089,124.7881073
21091,412.6656222
21093,341.005125
21095,412.6656222
21097,234.7499049
21099,350.8893315
21101,565.8708233
21103,269.3446277
21105,427.491932
21107,387.9551059
21109,53.12761005
21111,149.4986236
21113,412.6656222
21115,412.6656222
21117,130.9657364
21119,412.6656222
21121,53.12761005
21123,432.4340353
21125,98.84206521
21127,412.6656222
21129,412.6656222
21131,412.6656222
21133,412.6656222
21135,261.9314728
21137,261.9314728
21139,378.0708994
21141,588.110288
21143,333.5919701
21145,350.8893315
21147,412.6656222
21149,447.2603451
21151,90.1933845
21153,412.6656222
21155,427.491932
21157,336.0630217
21159,412.6656222
21161,223.6301725
21163,405.2524673
21165,101.3131168
21167,221.1591209
21169,442.3182418
21171,338.5340733
21173,148.2630978
21175,87.72233287
21177,358.3024864
21179,397.8393125
21181,286.6419891
21183,405.2524673
21185,254.5183179
21187,179.1512432
21189,412.6656222
21191,113.668375
21193,412.6656222
21195,412.6656222
21197,412.6656222
21199,294.055144
21201,412.6656222
21203,177.9157174
21205,112.4328492
21207,237.2209565
21209,281.6998858
21211,407.723519
21213,563.3997717
21215,306.4104021
21217,378.0708994
21219,504.0945326
21221,462.0866548
21223,412.6656222
21225,630.1181657
21227,449.7313967
21229,206.3328111
21231,331.1209184
21233,536.2182037
21235,59.30523912
21237,412.6656222
21239,244.6341114
22001,169.2670367
22003,198.9196562
22005,198.9196562
22007,198.9196562
22009,226.1012242
22011,45.71445516
22013,198.9196562
22015,80.30917798
22017,150.7341494
22019,42.00787771
22021,128.4946848
22023,32.12367119
22025,227.33675
22027,198.9196562
22029,291.5840924
22031,108.7262717
22033,37.06577445
22035,321.2367119
22037,55.59866168
22039,158.1473043
22041,164.3249334
22043,234.7499049
22045,231.0433274
22047,116.1394266
22049,95.13548776
22051,198.9196562
22053,71.66049727
22055,198.9196562
22057,90.1933845
22059,198.9196562
22061,38.30130027
22063,198.9196562
22065,281.6998858
22067,242.1630598
22069,160.618356
22071,198.9196562
22073,195.2130788
22075,198.9196562
22077,226.1012242
22079,240.9275339
22081,147.027572
22083,169.2670367
22085,50.65655842
22087,198.9196562
22089,65.4828682
22091,32.12367119
22093,201.3907079
22095,198.9196562
22097,217.4525435
22099,214.9814918
22101,198.9196562
22103,198.9196562
22105,59.30523912
22107,200.155182
22109,198.9196562
22111,79.07365216
22113,171.7380883
22115,54.36313586
22117,75.36707472
22119,198.9196562
22121,164.3249334
22123,174.2091399
22125,198.9196562
22127,82.78022961
23001,138.3788913
23003,224.8656983
23005,211.2749144
23007,170.5025625
23009,170.5025625
23011,67.95391983
23013,170.5025625
23015,102.5486427
23017,55.59866168
23019,82.78022961
23021,170.5025625
23023,170.5025625
23025,65.4828682
23027,74.1315489
23029,170.5025625
23031,63.01181657
24001,289.1130407
24003,210.0393886
24005,239.6920081
24009,92.66443613
24011,289.1130407
24013,289.1130407
24015,383.0130027
24017,130.9657364
24019,205.0972853
24021,249.5762146
24023,100.077591
24025,415.1366739
24027,289.1130407
24029,442.3182418
24031,259.4604212
24033,289.1130407
24035,353.3603831
24037,112.4328492
24039,266.8735761
24041,336.0630217
24043,223.6301725
24045,233.514379
24047,238.4564823
24510,289.1130407
25001,223.6301725
25003,223.6301725
25005,245.8696372
25007,223.6301725
25009,223.6301725
25011,311.3525054
25013,223.6301725
25015,375.5998478
25017,191.5065013
25019,223.6301725
25021,223.6301725
25023,193.977553
25025,223.6301725
25027,116.1394266
26001,103.7841685
26003,39.53682608
26005,365.7156413
26007,81.5447038
26009,345.9472282
26011,276.7577826
26013,345.9472282
26015,303.9393505
26017,387.9551059
26019,345.9472282
26021,318.7656603
26023,328.6498668
26025,301.4682989
26027,326.1788152
26029,77.83812635
26031,70.42497146
26033,65.4828682
26035,193.977553
26037,392.8972092
26039,345.9472282
26041,29.65261956
26043,71.66049727
26045,350.8893315
26047,77.83812635
26049,252.0472663
26051,172.9736141
26053,345.9472282
26055,153.2052011
26057,511.5076874
26059,328.6498668
26061,345.9472282
26063,543.6313586
26065,323.7077636
26067,447.2603451
26069,93.89996195
26071,345.9472282
26073,345.9472282
26075,264.4025244
26077,303.9393505
26079,61.77629075
26081,269.3446277
26083,345.9472282
26085,345.9472282
26087,218.6880693
26089,193.977553
26091,444.7892934
26093,219.9235951
26095,345.9472282
26097,74.1315489
26099,227.33675
26101,96.37101358
26103,345.9472282
26105,143.3209945
26107,149.4986236
26109,54.36313586
26111,350.8893315
26113,254.5183179
26115,380.541951
26117,242.1630598
26119,93.89996195
26121,219.9235951
26123,206.3328111
26125,145.7920462
26127,175.4446657
26129,128.4946848
26131,345.9472282
26133,190.2709755
26135,121.0815299
26137,76.60260053
26139,326.1788152
26141,72.89602309
26143,345.9472282
26145,348.4182799
26147,227.33675
26149,311.3525054
26151,345.9472282
26153,345.9472282
26155,291.5840924
26157,509.0366358
26159,390.4261576
26161,223.6301725
26163,219.9235951
26165,164.3249334
27001,70.42497146
27003,489.2682228
27005,316.2946087
27007,100.077591
27009,224.8656983
27011,387.9551059
27013,669.6549918
27015,590.5813396
27017,44.47892934
27019,585.6392363
27021,103.7841685
27023,590.5813396
27025,195.2130788
27027,412.6656222
27029,96.37101358
27031,489.2682228
27033,570.8129266
27035,96.37101358
27037,595.5234429
27039,682.0102499
27041,355.8314347
27043,672.1260434
27045,578.2260815
27047,652.3576304
27049,593.0523912
27051,459.6156032
27053,415.1366739
27055,546.1024103
27057,58.06971331
27059,135.9078397
27061,55.59866168
27063,605.4076494
27065,159.3828301
27067,625.1760624
27069,213.745966
27071,64.24734238
27073,516.4497907
27075,489.2682228
27077,71.66049727
27079,612.8208043
27081,531.2761005
27083,551.0445135
27085,627.6471141
27087,331.1209184
27089,318.7656603
27091,691.8944564
27093,560.92872
27095,238.4564823
27097,197.6841304
27099,615.2918559
27101,615.2918559
27103,575.7550298
27105,548.5734619
27107,368.1866929
27109,612.8208043
27111,266.8735761
27113,207.5683369
27115,117.3749524
27117,521.391894
27119,326.1788152
27121,368.1866929
27123,489.2682228
27125,201.3907079
27127,597.9944945
27129,635.0602689
27131,644.9444755
27133,632.5892173
27135,147.027572
27137,34.59472282
27139,533.7471521
27141,107.4907459
27143,704.2497146
27145,425.0208804
27147,600.4655461
27149,410.1945706
27151,528.8050489
27153,252.0472663
27155,432.4340353
27157,578.2260815
27159,102.5486427
27161,667.1839401
27163,363.2445896
27165,630.1181657
27167,368.1866929
27169,573.2839782
27171,469.4998097
27173,531.2761005
28001,153.2052011
28003,140.8499429
28005,50.65655842
28007,128.4946848
28009,237.2209565
28011,264.4025244
28013,303.9393505
28015,163.0894076
28017,233.514379
28019,76.60260053
28021,217.4525435
28023,45.71445516
28025,92.66443613
28027,341.005125
28029,87.72233287
28031,105.0196943
28033,247.105163
28035,237.2209565
28037,80.30917798
28039,124.7881073
28041,72.89602309
28043,237.2209565
28045,237.2209565
28047,237.2209565
28049,161.8538818
28051,311.3525054
28053,345.9472282
28055,333.5919701
28057,142.0854687
28059,237.2209565
28061,60.54076494
28063,129.7302106
28065,71.66049727
28067,72.89602309
28069,55.59866168
28071,112.4328492
28073,237.2209565
28075,51.89208423
28077,77.83812635
28079,237.2209565
28081,184.0933464
28083,328.6498668
28085,61.77629075
28087,149.4986236
28089,200.155182
28091,85.25128124
28093,128.4946848
28095,174.2091399
28097,284.1709375
28099,53.12761005
28101,67.95391983
28103,177.9157174
28105,98.84206521
28107,286.6419891
28109,101.3131168
28111,237.2209565
28113,80.30917798
28115,224.8656983
28117,145.7920462
28119,274.2867309
28121,147.027572
28123,92.66443613
28125,296.5261956
28127,60.54076494
28129,100.077591
28131,237.2209565
28133,328.6498668
28135,259.4604212
28137,200.155182
28139,174.2091399
28141,91.42891032
28143,301.4682989
28145,111.1973234
28147,67.95391983
28149,240.9275339
28151,358.3024864
28153,40.7723519
28155,308.8814538
28157,237.2209565
28159,56.83418749
28161,264.4025244
28163,284.1709375
29001,281.6998858
29003,370.6577445
29005,533.7471521
29007,385.4840543
29009,113.668375
29011,186.5643981
29013,326.1788152
29015,180.386769
29017,172.9736141
29019,316.2946087
29021,375.5998478
29023,235.9854307
29025,427.491932
29027,331.1209184
29029,80.30917798
29031,276.7577826
29033,437.3761385
29035,348.4182799
29037,249.5762146
29039,130.9657364
29041,397.8393125
29043,127.259159
29045,350.8893315
29047,395.3682608
29049,481.8550679
29051,140.8499429
29053,289.1130407
29055,348.4182799
29057,128.4946848
29059,82.78022961
29061,432.4340353
29063,378.0708994
29065,55.59866168
29067,61.77629075
29069,254.5183179
29071,202.6262337
29073,149.4986236
29075,412.6656222
29077,97.60653939
29079,392.8972092
29081,333.5919701
29083,266.8735761
29085,150.7341494
29087,462.0866548
29089,387.9551059
29091,348.4182799
29093,87.72233287
29095,358.3024864
29097,226.1012242
29099,161.8538818
29101,256.9893695
29103,395.3682608
29105,102.5486427
29107,494.210326
29109,184.0933464
29111,422.5498288
29113,338.5340733
29115,348.4182799
29117,501.6234809
29119,90.1933845
29121,350.8893315
29123,106.2552201
29125,64.24734238
29127,469.4998097
29129,306.4104021
29131,126.0236331
29133,464.5577065
29135,279.2288342
29137,402.7814157
29139,261.9314728
29141,163.0894076
29143,365.7156413
29145,128.4946848
29147,425.0208804
29149,348.4182799
29151,217.4525435
29153,82.78022961
29155,363.2445896
29157,308.8814538
29159,279.2288342
29161,82.78022961
29163,358.3024864
29165,402.7814157
29167,123.5525815
29169,54.36313586
29171,281.6998858
29173,400.3103641
29175,363.2445896
29177,363.2445896
29179,63.01181657
29181,87.72233287
29183,402.7814157
29185,180.386769
29186,286.6419891
29187,240.9275339
29189,427.491932
29195,459.6156032
29197,318.7656603
29199,385.4840543
29201,521.391894
29203,45.71445516
29205,427.491932
29207,348.4182799
29209,91.42891032
29211,353.3603831
29213,86.48680706
29215,101.3131168
29217,286.6419891
29219,311.3525054
29221,55.59866168
29223,122.3170557
29225,101.3131168
29227,415.1366739
29229,97.60653939
29510,348.4182799
30001,74.1315489
30003,74.1315489
30005,75.36707472
30007,74.1315489
30009,74.1315489
30011,44.47892934
30013,102.5486427
30015,86.48680706
30017,44.47892934
30019,66.71839401
30021,67.95391983
30023,74.1315489
30025,54.36313586
30027,69.18944564
30029,88.95785869
30031,96.37101358
30033,58.06971331
30035,55.59866168
30037,44.47892934
30039,37.06577445
30041,67.95391983
30043,66.71839401
30045,75.36707472
30047,65.4828682
30049,74.1315489
30051,67.95391983
30053,74.1315489
30055,63.01181657
30057,74.1315489
30059,74.1315489
30061,74.1315489
30063,61.77629075
30065,74.1315489
30067,74.1315489
30069,74.1315489
30071,67.95391983
30073,97.60653939
30075,74.1315489
30077,74.1315489
30079,74.1315489
30081,74.1315489
30083,67.95391983
30085,86.48680706
30087,74.1315489
30089,71.66049727
30091,88.95785869
30093,74.1315489
30095,44.47892934
30097,74.1315489
30099,105.0196943
30101,79.07365216
30103,74.1315489
30105,67.95391983
30107,43.24340353
30109,70.42497146
30111,60.54076494
31001,318.7656603
31003,383.0130027
31005,405.2524673
31007,87.72233287
31009,96.37101358
31011,442.3182418
31013,106.2552201
31015,284.1709375
31017,135.9078397
31019,353.3603831
31021,610.3497526
31023,558.4576684
31025,600.4655461
31027,617.7629075
31029,130.9657364
31031,405.2524673
31033,90.1933845
31035,395.3682608
31037,625.1760624
31039,649.8865787
31041,234.7499049
31043,706.7207662
31045,72.89602309
31047,291.5840924
31049,107.4907459
31051,575.7550298
31053,568.3418749
31055,590.5813396
31057,111.1973234
31059,380.541951
31061,266.8735761
31063,154.4407269
31065,195.2130788
31067,422.5498288
31069,405.2524673
31071,405.2524673
31073,208.8038627
31075,405.2524673
31077,338.5340733
31079,301.4682989
31081,405.2524673
31083,254.5183179
31085,137.1433655
31087,132.2012622
31089,203.8617595
31091,405.2524673
31093,345.9472282
31095,368.1866929
31097,432.4340353
31099,333.5919701
31101,124.7881073
31103,127.259159
31105,63.01181657
31107,511.5076874
31109,462.0866548
31111,170.5025625
31113,117.3749524
31115,405.2524673
31117,405.2524673
31119,518.9208423
31121,405.2524673
31123,405.2524673
31125,427.491932
31127,533.7471521
31129,365.7156413
31131,474.441913
31133,360.773538
31135,126.0236331
31137,276.7577826
31139,474.441913
31141,573.2839782
31143,491.7392744
31145,185.3288723
31147,506.5655842
31149,122.3170557
31151,375.5998478
31153,590.5813396
31155,526.3339972
31157,105.0196943
31159,476.9129646
31161,96.37101358
31163,313.823557
31165,405.2524673
31167,597.9944945
31169,331.1209184
31171,405.2524673
31173,627.6471141
31175,336.0630217
31177,605.4076494
31179,654.828682
31181,281.6998858
31183,200.155182
31185,432.4340353
32001,407.723519
32003,407.723519
32005,407.723519
32007,407.723519
32009,407.723519
32011,407.723519
32013,407.723519
32015,407.723519
32017,407.723519
32019,407.723519
32021,407.723519
32023,407.723519
32027,407.723519
32029,407.723519
32031,407.723519
32033,407.723519
32510,407.723519
33001,126.0236331
33003,126.0236331
33005,164.3249334
33007,103.7841685
33009,100.077591
33011,138.3788913
33013,155.6762527
33015,165.5604592
33017,98.84206521
33019,153.2052011
34001,174.2091399
34003,174.2091399
34005,181.6222948
34007,174.2091399
34009,174.2091399
34011,189.0354497
34013,174.2091399
34015,240.9275339
34017,174.2091399
34019,119.8460041
34021,158.1473043
34023,59.30523912
34025,298.9972472
34027,174.2091399
34029,174.2091399
34031,174.2091399
34033,203.8617595
34035,61.77629075
34037,100.077591
34039,174.2091399
34041,170.5025625
35001,51.89208423
35003,51.89208423
35005,51.89208423
35006,51.89208423
35007,51.89208423
35009,49.4210326
35011,51.89208423
35013,51.89208423
35015,51.89208423
35017,51.89208423
35019,51.89208423
35021,51.89208423
35023,51.89208423
35025,51.89208423
35027,51.89208423
35028,51.89208423
35029,51.89208423
35031,51.89208423
35033,51.89208423
35035,51.89208423
35037,51.89208423
35039,51.89208423
35041,39.53682608
35043,51.89208423
35045,51.89208423
35047,51.89208423
35049,51.89208423
35051,51.89208423
35053,51.89208423
35055,51.89208423
35057,51.89208423
35059,51.89208423
35061,51.89208423
36001,137.1433655
36003,92.66443613
36005,193.977553
36007,96.37101358
36009,191.5065013
36011,387.9551059
36013,169.2670367
36015,138.3788913
36017,103.7841685
36019,114.9039008
36021,109.9617975
36023,201.3907079
36025,60.54076494
36027,61.77629075
36029,179.1512432
36031,40.7723519
36033,180.386769
36035,98.84206521
36037,237.2209565
36039,55.59866168
36041,193.977553
36043,150.7341494
36045,174.2091399
36047,193.977553
36049,168.0315109
36051,328.6498668
36053,133.436788
36055,187.7999239
36057,151.9696753
36059,193.977553
36061,193.977553
36063,148.2630978
36065,123.5525815
36067,207.5683369
36069,191.5065013
36071,205.0972853
36073,306.4104021
36075,193.977553
36077,118.6104782
36079,193.977553
36081,193.977553
36083,124.7881073
36085,193.977553
36087,193.977553
36089,187.7999239
36091,168.0315109
36093,86.48680706
36095,79.07365216
36097,128.4946848
36099,174.2091399
36101,100.077591
36103,326.1788152
36105,118.6104782
36107,65.4828682
36109,118.6104782
36111,212.5104402
36113,193.977553
36115,155.6762527
36117,202.6262337
36119,193.977553
36121,256.9893695
36123,294.055144
37001,111.1973234
37003,124.7881073
37005,222.3946467
37007,182.8578206
37009,168.0315109
37011,245.8696372
37013,313.823557
37015,306.4104021
37017,216.2170176
37019,170.5025625
37021,102.5486427
37023,92.66443613
37025,180.386769
37027,96.37101358
37029,279.2288342
37031,212.5104402
37033,80.30917798
37035,134.6723138
37037,119.8460041
37039,172.9736141
37041,247.105163
37043,245.8696372
37045,96.37101358
37047,208.8038627
37049,219.9235951
37051,229.8078016
37053,244.6341114
37055,245.8696372
37057,103.7841685
37059,145.7920462
37061,214.9814918
37063,82.78022961
37065,264.4025244
37067,143.3209945
37069,172.9736141
37071,74.1315489
37073,252.0472663
37075,245.8696372
37077,129.7302106
37079,289.1130407
37081,93.89996195
37083,284.1709375
37085,266.8735761
37087,161.8538818
37089,271.8156793
37091,298.9972472
37093,150.7341494
37095,245.8696372
37097,166.795985
37099,245.8696372
37101,271.8156793
37103,245.8696372
37105,234.7499049
37107,247.105163
37109,103.7841685
37111,160.618356
37113,130.9657364
37115,149.4986236
37117,264.4025244
37119,245.8696372
37121,144.5565204
37123,245.8696372
37125,129.7302106
37127,296.5261956
37129,245.8696372
37131,284.1709375
37133,205.0972853
37135,92.66443613
37137,205.0972853
37139,326.1788152
37141,211.2749144
37143,261.9314728
37145,144.5565204
37147,281.6998858
37149,101.3131168
37151,122.3170557
37153,86.48680706
37155,174.2091399
37157,79.07365216
37159,133.436788
37161,117.3749524
37163,266.8735761
37165,245.8696372
37167,210.0393886
37169,132.2012622
37171,202.6262337
37173,245.8696372
37175,227.33675
37177,395.3682608
37179,237.2209565
37181,151.9696753
37183,198.9196562
37185,126.0236331
37187,296.5261956
37189,245.8696372
37191,323.7077636
37193,137.1433655
37195,345.9472282
37197,170.5025625
37199,103.7841685
38001,100.077591
38003,238.4564823
38005,137.1433655
38007,79.07365216
38009,139.6144171
38011,95.13548776
38013,97.60653939
38015,150.7341494
38017,187.7999239
38019,187.7999239
38021,298.9972472
38023,82.78022961
38025,85.25128124
38027,163.0894076
38029,216.2170176
38031,190.2709755
38033,75.36707472
38035,271.8156793
38037,92.66443613
38039,190.2709755
38041,114.9039008
38043,121.0815299
38045,259.4604212
38047,172.9736141
38049,118.6104782
38051,184.0933464
38053,70.42497146
38055,160.618356
38057,107.4907459
38059,111.1973234
38061,105.0196943
38063,155.6762527
38065,98.84206521
38067,291.5840924
38069,144.5565204
38071,166.795985
38073,259.4604212
38075,130.9657364
38077,365.7156413
38079,122.3170557
38081,291.5840924
38083,124.7881073
38085,101.3131168
38087,93.89996195
38089,103.7841685
38091,232.2788532
38093,210.0393886
38095,127.259159
38097,333.5919701
38099,187.7999239
38101,138.3788913
38103,177.9157174
38105,85.25128124
39001,264.4025244
39003,518.9208423
39005,274.2867309
39007,149.4986236
39009,171.7380883
39011,568.3418749
39013,64.24734238
39015,373.1287962
39017,343.4761766
39019,135.9078397
39021,484.3261195
39023,521.391894
39025,368.1866929
39027,449.7313967
39029,203.8617595
39031,179.1512432
39033,474.441913
39035,439.8471902
39037,439.8471902
39039,385.4840543
39041,489.2682228
39043,454.6734999
39045,434.9050869
39047,555.9866168
39049,499.1524293
39051,489.2682228
39053,175.4446657
39055,140.8499429
39057,553.5155652
39059,132.2012622
39061,400.3103641
39063,459.6156032
39065,521.391894
39067,113.668375
39069,501.6234809
39071,353.3603831
39073,223.6301725
39075,311.3525054
39077,415.1366739
39079,184.0933464
39081,61.77629075
39083,387.9551059
39085,341.005125
39087,439.8471902
39089,358.3024864
39091,471.9708614
39093,343.4761766
39095,415.1366739
39097,536.2182037
39099,185.3288723
39101,437.3761385
39103,169.2670367
39105,191.5065013
39107,568.3418749
39109,533.7471521
39111,82.78022961
39113,513.9787391
39115,153.2052011
39117,439.8471902
39119,216.2170176
39121,109.9617975
39123,392.8972092
39125,437.3761385
39127,222.3946467
39129,533.7471521
39131,348.4182799
39133,184.0933464
39135,521.391894
39137,439.8471902
39139,378.0708994
39141,429.9629836
39143,454.6734999
39145,266.8735761
39147,449.7313967
39149,590.5813396
39151,439.8471902
39153,439.8471902
39155,191.5065013
39157,185.3288723
39159,385.4840543
39161,501.6234809
39163,439.8471902
39165,321.2367119
39167,135.9078397
39169,336.0630217
39171,489.2682228
39173,462.0866548
39175,513.9787391
40001,63.01181657
40003,93.89996195
40005,28.41709375
40007,40.7723519
40009,51.89208423
40011,85.25128124
40013,28.41709375
40015,74.1315489
40017,79.07365216
40019,33.35919701
40021,63.01181657
40023,51.89208423
40025,66.71839401
40027,75.36707472
40029,58.06971331
40031,66.71839401
40033,74.1315489
40035,76.60260053
40037,49.4210326
40039,82.78022961
40041,107.4907459
40043,72.89602309
40045,32.12367119
40047,108.7262717
40049,74.1315489
40051,93.89996195
40053,102.5486427
40055,74.1315489
40057,65.4828682
40059,58.06971331
40061,53.12761005
40063,44.47892934
40065,82.78022961
40067,56.83418749
40069,53.12761005
40071,121.0815299
40073,79.07365216
40075,70.42497146
40077,42.00787771
40079,51.89208423
40081,55.59866168
40083,58.06971331
40085,40.7723519
40087,98.84206521
40089,49.4210326
40091,50.65655842
40093,79.07365216
40095,42.00787771
40097,64.24734238
40099,53.12761005
40101,55.59866168
40103,76.60260053
40105,37.06577445
40107,38.30130027
40109,90.1933845
40111,33.35919701
40113,49.4210326
40115,107.4907459
40117,69.18944564
40119,46.94998097
40121,28.41709375
40123,34.59472282
40125,45.71445516
40127,39.53682608
40129,50.65655842
40131,54.36313586
40133,42.00787771
40135,45.71445516
40137,34.59472282
40139,55.59866168
40141,76.60260053
40143,46.94998097
40145,76.60260053
40147,74.1315489
40149,93.89996195
40151,85.25128124
40153,76.60260053
41001,201.3907079
41003,286.6419891
41005,321.2367119
41007,181.6222948
41009,281.6998858
41011,216.2170176
41013,264.4025244
41015,264.4025244
41017,264.4025244
41019,113.668375
41021,264.4025244
41023,264.4025244
41025,67.95391983
41027,264.4025244
41029,140.8499429
41031,264.4025244
41033,264.4025244
41035,264.4025244
41037,264.4025244
41039,221.1591209
41041,114.9039008
41043,383.0130027
41045,264.4025244
41047,410.1945706
41049,264.4025244
41051,383.0130027
41053,355.8314347
41055,264.4025244
41057,471.9708614
41059,163.0894076
41061,237.2209565
41063,124.7881073
41065,174.2091399
41067,353.3603831
41069,264.4025244
41071,494.210326
42001,271.8156793
42003,261.9314728
42005,76.60260053
42007,171.7380883
42009,181.6222948
42011,279.2288342
42013,496.6813777
42015,82.78022961
42017,132.2012622
42019,91.42891032
42021,97.60653939
42023,261.9314728
42025,118.6104782
42027,286.6419891
42029,390.4261576
42031,86.48680706
42033,261.9314728
42035,205.0972853
42037,172.9736141
42039,112.4328492
42041,313.823557
42043,187.7999239
42045,261.9314728
42047,261.9314728
42049,149.4986236
42051,76.60260053
42053,261.9314728
42055,286.6419891
42057,184.0933464
42059,51.89208423
42061,195.2130788
42063,111.1973234
42065,51.89208423
42067,264.4025244
42069,74.1315489
42071,657.2997336
42073,122.3170557
42075,523.8629456
42077,269.3446277
42079,164.3249334
42081,190.2709755
42083,51.89208423
42085,148.2630978
42087,226.1012242
42089,163.0894076
42091,177.9157174
42093,205.0972853
42095,192.7420272
42097,231.0433274
42099,227.33675
42101,261.9314728
42103,261.9314728
42105,81.5447038
42107,184.0933464
42109,181.6222948
42111,106.2552201
42113,40.7723519
42115,55.59866168
42117,81.5447038
42119,303.9393505
42121,90.1933845
42123,98.84206521
42125,61.77629075
42127,43.24340353
42129,101.3131168
42131,37.06577445
42133,410.1945706
44001,0
44003,0
44005,0
44007,0
44009,0
45001,121.0815299
45003,85.25128124
45005,92.66443613
45007,50.65655842
45009,101.3131168
45011,103.7841685
45013,121.0815299
45015,50.65655842
45017,108.7262717
45019,60.54076494
45021,64.24734238
45023,72.89602309
45025,168.0315109
45027,124.7881073
45029,102.5486427
45031,126.0236331
45033,148.2630978
45035,97.60653939
45037,67.95391983
45039,121.0815299
45041,117.3749524
45043,93.89996195
45045,55.59866168
45047,65.4828682
45049,101.3131168
45051,211.2749144
45053,121.0815299
45055,121.0815299
45057,69.18944564
45059,46.94998097
45061,130.9657364
45063,98.84206521
45065,121.0815299
45067,147.027572
45069,127.259159
45071,108.7262717
45073,59.30523912
45075,114.9039008
45077,121.0815299
45079,121.0815299
45081,64.24734238
45083,72.89602309
45085,109.9617975
45087,121.0815299
45089,90.1933845
45091,91.42891032
46003,286.6419891
46005,333.5919701
46007,80.30917798
46009,378.0708994
46011,476.9129646
46013,370.6577445
46015,252.0472663
46017,195.2130788
46019,132.2012622
46021,187.7999239
46023,326.1788152
46025,383.0130027
46027,526.3339972
46029,422.5498288
46031,113.668375
46033,311.3525054
46035,400.3103641
46037,345.9472282
46039,452.2024483
46041,84.01575543
46043,360.773538
46045,259.4604212
46047,311.3525054
46049,252.0472663
46051,368.1866929
46053,186.5643981
46055,109.9617975
46057,479.3840162
46059,264.4025244
46061,412.6656222
46063,61.77629075
46065,196.4486046
46067,407.723519
46069,190.2709755
46071,82.78022961
46073,249.5762146
46075,85.25128124
46077,390.4261576
46079,484.3261195
46081,61.77629075
46083,536.2182037
46085,311.3525054
46087,439.8471902
46089,227.33675
46091,373.1287962
46093,76.60260053
46095,90.1933845
46097,355.8314347
46099,506.5655842
46101,590.5813396
46102,82.78022961
46103,87.72233287
46105,79.07365216
46107,252.0472663
46109,402.7814157
46111,311.3525054
46115,291.5840924
46117,105.0196943
46119,228.5722758
46121,74.1315489
46123,160.618356
46125,484.3261195
46127,548.5734619
46129,232.2788532
46135,479.3840162
46137,86.48680706
47001,49.4210326
47003,198.9196562
47005,239.6920081
47007,164.3249334
47009,109.9617975
47011,80.30917798
47013,95.13548776
47015,256.9893695
47017,301.4682989
47019,86.48680706
47021,279.2288342
47023,222.3946467
47025,54.36313586
47027,108.7262717
47029,116.1394266
47031,254.5183179
47033,360.773538
47035,171.7380883
47037,189.0354497
47039,182.8578206
47041,228.5722758
47043,150.7341494
47045,353.3603831
47047,234.7499049
47049,105.0196943
47051,355.8314347
47053,370.6577445
47055,147.027572
47057,86.48680706
47059,105.0196943
47061,116.1394266
47063,138.3788913
47065,103.7841685
47067,66.71839401
47069,234.7499049
47071,177.9157174
47073,69.18944564
47075,365.7156413
47077,187.7999239
47079,284.1709375
47081,113.668375
47083,80.30917798
47085,171.7380883
47087,175.4446657
47089,106.2552201
47091,93.89996195
47093,58.06971331
47095,412.6656222
47097,358.3024864
47099,211.2749144
47101,84.01575543
47103,211.2749144
47105,135.9078397
47107,132.2012622
47109,119.8460041
47111,397.8393125
47113,343.4761766
47115,279.2288342
47117,165.5604592
47119,170.5025625
47121,92.66443613
47123,148.2630978
47125,331.1209184
47127,279.2288342
47129,133.436788
47131,432.4340353
47133,142.0854687
47135,93.89996195
47137,142.0854687
47139,124.7881073
47141,119.8460041
47143,97.60653939
47145,81.5447038
47147,459.6156032
47149,164.3249334
47151,279.2288342
47153,69.18944564
47155,100.077591
47157,247.105163
47159,298.9972472
47161,231.0433274
47163,86.48680706
47165,402.7814157
47167,378.0708994
47169,106.2552201
47171,279.2288342
47173,96.37101358
47175,74.1315489
47177,217.4525435
47179,140.8499429
47181,143.3209945
47183,385.4840543
47185,159.3828301
47187,121.0815299
47189,151.9696753
48001,84.01575543
48003,76.60260053
48005,54.36313586
48007,76.60260053
48009,82.78022961
48011,75.36707472
48013,49.4210326
48015,48.18550679
48017,97.60653939
48019,35.83024864
48021,60.54076494
48023,67.95391983
48025,76.60260053
48027,112.4328492
48029,58.06971331
48031,76.60260053
48033,74.1315489
48035,30.88814538
48037,54.36313586
48039,67.95391983
48041,54.36313586
48043,76.60260053
48045,54.36313586
48047,20.0155182
48049,76.60260053
48051,69.18944564
48053,21.99235951
48055,60.54076494
48057,124.7881073
48059,28.41709375
48061,132.2012622
48063,51.89208423
48065,103.7841685
48067,37.06577445
48069,81.5447038
48071,45.71445516
48073,55.59866168
48075,56.83418749
48077,63.01181657
48079,105.0196943
48081,42.00787771
48083,37.06577445
48085,59.30523912
48087,61.77629075
48089,75.36707472
48091,76.60260053
48093,56.83418749
48095,77.83812635
48097,49.4210326
48099,76.60260053
48101,50.65655842
48103,76.60260053
48105,76.60260053
48107,102.5486427
48109,76.60260053
48111,55.59866168
48113,48.18550679
48115,134.6723138
48117,65.4828682
48119,98.84206521
48121,53.12761005
48123,32.12367119
48125,58.06971331
48127,76.60260053
48129,76.60260053
48131,38.30130027
48133,76.60260053
48135,76.60260053
48137,76.60260053
48139,63.01181657
48141,76.60260053
48143,40.7723519
48145,97.60653939
48147,69.18944564
48149,55.59866168
48151,71.66049727
48153,77.83812635
48155,60.54076494
48157,107.4907459
48159,44.47892934
48161,45.71445516
48163,50.65655842
48165,75.36707472
48167,76.60260053
48169,76.60260053
48171,25.94604212
48173,86.48680706
48175,77.83812635
48177,54.36313586
48179,84.01575543
48181,85.25128124
48183,76.60260053
48185,56.83418749
48187,66.71839401
48189,95.13548776
48191,76.60260053
48193,29.65261956
48195,81.5447038
48197,39.53682608
48199,38.30130027
48201,63.01181657
48203,76.60260053
48205,76.60260053
48207,72.89602309
48209,50.65655842
48211,38.30130027
48213,39.53682608
48215,132.2012622
48217,76.60260053
48219,74.1315489
48221,50.65655842
48223,59.30523912
48225,39.53682608
48227,79.07365216
48229,76.60260053
48231,54.36313586
48233,76.60260053
48235,76.60260053
48237,55.59866168
48239,134.6723138
48241,37.06577445
48243,76.60260053
48245,63.01181657
48247,14.08499429
48249,107.4907459
48251,56.83418749
48253,67.95391983
48255,64.24734238
48257,43.24340353
48259,23.22788532
48261,76.60260053
48263,76.60260053
48265,53.12761005
48267,20.26262337
48269,76.60260053
48271,76.60260053
48273,93.89996195
48275,69.18944564
48277,77.83812635
48279,119.8460041
48281,46.94998097
48283,76.60260053
48285,54.36313586
48287,53.12761005
48289,44.47892934
48291,27.18156793
48293,76.60260053
48295,44.47892934
48297,43.24340353
48299,16.30894076
48301,76.60260053
48303,91.42891032
48305,123.5525815
48307,67.95391983
48309,71.66049727
48311,76.60260053
48313,49.4210326
48315,76.60260053
48317,81.5447038
48319,40.7723519
48321,165.5604592
48323,76.60260053
48325,70.42497146
48327,40.7723519
48329,76.60260053
48331,107.4907459
48333,30.88814538
48335,49.4210326
48337,50.65655842
48339,40.7723519
48341,63.01181657
48343,45.71445516
48345,40.7723519
48347,39.53682608
48349,80.30917798
48351,76.60260053
48353,59.30523912
48355,184.0933464
48357,76.60260053
48359,51.89208423
48361,76.60260053
48363,76.60260053
48365,35.83024864
48367,51.89208423
48369,80.30917798
48371,76.60260053
48373,54.36313586
48375,76.60260053
48377,76.60260053
48379,67.95391983
48381,72.89602309
48383,92.66443613
48385,76.60260053
48387,76.60260053
48389,76.60260053
48391,118.6104782
48393,76.60260053
48395,38.30130027
48397,49.4210326
48399,82.78022961
48401,25.94604212
48403,76.60260053
48405,38.30130027
48407,29.65261956
48409,219.9235951
48411,35.83024864
48413,82.78022961
48415,59.30523912
48417,33.35919701
48419,34.59472282
48421,75.36707472
48423,30.88814538
48425,32.12367119
48427,100.077591
48429,24.46341114
48431,12.35525815
48433,35.83024864
48435,76.60260053
48437,81.5447038
48439,76.60260053
48441,32.12367119
48443,76.60260053
48445,126.0236331
48447,48.18550679
48449,37.06577445
48451,79.07365216
48453,66.71839401
48455,60.54076494
48457,46.94998097
48459,67.95391983
48461,76.60260053
48463,49.4210326
48465,76.60260053
48467,50.65655842
48469,134.6723138
48471,34.59472282
48473,77.83812635
48475,76.60260053
48477,48.18550679
48479,76.60260053
48481,118.6104782
48483,76.60260053
48485,92.66443613
48487,69.18944564
48489,171.7380883
48491,93.89996195
48493,43.24340353
48495,76.60260053
48497,58.06971331
48499,44.47892934
48501,76.60260053
48503,45.71445516
48505,123.5525815
48507,67.95391983
49001,81.5447038
49003,67.95391983
49005,119.8460041
49007,81.5447038
49009,81.5447038
49011,81.5447038
49013,54.36313586
49015,81.5447038
49017,81.5447038
49019,81.5447038
49021,81.5447038
49023,33.35919701
49025,81.5447038
49027,81.5447038
49029,63.01181657
49031,81.5447038
49033,72.89602309
49035,101.3131168
49037,81.5447038
49039,81.5447038
49041,32.12367119
49043,90.1933845
49045,77.83812635
49047,81.5447038
49049,81.5447038
49051,81.5447038
49053,81.5447038
49055,81.5447038
49057,81.5447038
50001,118.6104782
50003,114.9039008
50005,102.5486427
50007,91.42891032
50009,147.027572
50011,228.5722758
50013,179.1512432
50015,147.027572
50017,169.2670367
50019,101.3131168
50021,113.668375
50023,145.7920462
50025,185.3288723
50027,142.0854687
51001,213.745966
51003,70.42497146
51005,164.3249334
51007,97.60653939
51009,76.60260053
51011,84.01575543
51013,164.3249334
51015,154.4407269
51017,164.3249334
51019,61.77629075
51021,86.48680706
51023,82.78022961
51025,85.25128124
51027,164.3249334
51029,85.25128124
51031,85.25128124
51033,174.2091399
51035,132.2012622
51036,148.2630978
51037,81.5447038
51041,60.54076494
51043,81.5447038
51045,85.25128124
51047,121.0815299
51049,67.95391983
51051,164.3249334
51053,129.7302106
51057,221.1591209
51059,164.3249334
51061,153.2052011
51063,74.1315489
51065,164.3249334
51067,135.9078397
51069,91.42891032
51071,76.60260053
51073,191.5065013
51075,118.6104782
51077,134.6723138
51079,74.1315489
51081,206.3328111
51083,84.01575543
51085,122.3170557
51087,164.3249334
51089,45.71445516
51091,58.06971331
51093,238.4564823
51095,164.3249334
51097,206.3328111
51099,164.3249334
51101,189.0354497
51103,164.3249334
51105,91.42891032
51107,103.7841685
51109,113.668375
51111,164.3249334
51113,108.7262717
51115,164.3249334
51117,95.13548776
51119,170.5025625
51121,103.7841685
51125,164.3249334
51127,184.0933464
51131,213.745966
51133,217.4525435
51135,97.60653939
51137,171.7380883
51139,107.4907459
51141,98.84206521
51143,88.95785869
51145,74.1315489
51147,63.01181657
51149,151.9696753
51153,121.0815299
51155,114.9039008
51157,51.89208423
51159,189.0354497
51161,54.36313586
51163,76.60260053
51165,252.0472663
51167,97.60653939
51169,103.7841685
51171,130.9657364
51173,101.3131168
51175,219.9235951
51177,109.9617975
51179,138.3788913
51181,218.6880693
51183,195.2130788
51185,102.5486427
51187,164.3249334
51191,112.4328492
51193,240.9275339
51195,164.3249334
51197,108.7262717
51199,164.3249334
51510,164.3249334
51520,164.3249334
51530,164.3249334
51540,164.3249334
51550,213.745966
51570,164.3249334
51580,164.3249334
51590,164.3249334
51595,164.3249334
51600,164.3249334
51610,164.3249334
51620,164.3249334
51630,164.3249334
51640,164.3249334
51650,164.3249334
51660,164.3249334
51670,164.3249334
51678,164.3249334
51680,164.3249334
51683,164.3249334
51685,164.3249334
51690,164.3249334
51700,164.3249334
51710,164.3249334
51720,164.3249334
51730,164.3249334
51735,164.3249334
51740,164.3249334
51750,164.3249334
51760,164.3249334
51770,164.3249334
51775,164.3249334
51790,164.3249334
51800,217.4525435
51810,191.5065013
51820,164.3249334
51830,164.3249334
51840,164.3249334
53001,114.9039008
53003,145.7920462
53005,187.7999239
53007,187.7999239
53009,187.7999239
53011,180.386769
53013,229.8078016
53015,139.6144171
53017,117.3749524
53019,187.7999239
53021,187.7999239
53023,168.0315109
53025,187.7999239
53027,129.7302106
53029,201.3907079
53031,118.6104782
53033,308.8814538
53035,318.7656603
53037,187.7999239
53039,187.7999239
53041,142.0854687
53043,154.4407269
53045,187.7999239
53047,72.89602309
53049,126.0236331
53051,85.25128124
53053,172.9736141
53055,77.83812635
53057,642.4734238
53059,187.7999239
53061,479.3840162
53063,170.5025625
53065,107.4907459
53067,160.618356
53069,187.7999239
53071,217.4525435
53073,509.0366358
53075,231.0433274
53077,187.7999239
54001,34.59472282
54003,102.5486427
54005,111.1973234
54007,43.24340353
54009,111.1973234
54011,111.1973234
54013,111.1973234
54015,111.1973234
54017,111.1973234
54019,111.1973234
54021,53.12761005
54023,84.01575543
54025,117.3749524
54027,71.66049727
54029,111.1973234
54031,100.077591
54033,30.88814538
54035,88.95785869
54037,111.1973234
54039,111.1973234
54041,54.36313586
54043,111.1973234
54045,111.1973234
54047,111.1973234
54049,111.1973234
54051,111.1973234
54053,224.8656983
54055,84.01575543
54057,59.30523912
54059,111.1973234
54061,111.1973234
54063,105.0196943
54065,56.83418749
54067,66.71839401
54069,111.1973234
54071,113.668375
54073,111.1973234
54075,79.07365216
54077,54.36313586
54079,111.1973234
54081,92.66443613
54083,67.95391983
54085,53.12761005
54087,111.1973234
54089,58.06971331
54091,111.1973234
54093,61.77629075
54095,111.1973234
54097,111.1973234
54099,111.1973234
54101,111.1973234
54103,111.1973234
54105,42.00787771
54107,92.66443613
54109,111.1973234
55001,210.0393886
55003,69.18944564
55005,212.5104402
55007,61.77629075
55009,489.2682228
55011,331.1209184
55013,147.027572
55015,447.2603451
55017,284.1709375
55019,291.5840924
55021,476.9129646
55023,343.4761766
55025,506.5655842
55027,373.1287962
55029,256.9893695
55031,49.4210326
55033,333.5919701
55035,284.1709375
55037,56.83418749
55039,437.3761385
55041,69.18944564
55043,595.5234429
55045,484.3261195
55047,464.5577065
55049,452.2024483
55051,373.1287962
55053,375.5998478
55055,437.3761385
55057,244.6341114
55059,437.3761385
55061,481.8550679
55063,385.4840543
55065,640.0023722
55067,264.4025244
55069,142.0854687
55071,462.0866548
55073,229.8078016
55075,323.7077636
55077,229.8078016
55078,373.1287962
55079,256.9893695
55081,313.823557
55083,331.1209184
55085,107.4907459
55087,365.7156413
55089,303.9393505
55091,383.0130027
55093,370.6577445
55095,192.7420272
55097,151.9696753
55099,71.66049727
55101,387.9551059
55103,298.9972472
55105,462.0866548
55107,217.4525435
55109,323.7077636
55111,355.8314347
55113,137.1433655
55115,301.4682989
55117,331.1209184
55119,202.6262337
55121,360.773538
55123,370.6577445
55125,373.1287962
55127,486.7971711
55129,156.9117785
55131,321.2367119
55133,373.1287962
55135,264.4025244
55137,186.5643981
55139,274.2867309
55141,201.3907079
56001,49.4210326
56003,49.4210326
56005,49.4210326
56007,49.4210326
56009,49.4210326
56011,35.83024864
56013,49.4210326
56015,42.00787771
56017,49.4210326
56019,28.41709375
56021,80.30917798
56023,61.77629075
56025,49.4210326
56027,49.4210326
56029,49.4210326
56031,37.06577445
56033,43.24340353
56035,51.89208423
56037,49.4210326
56039,49.4210326
56041,49.4210326
56043,49.4210326
56045,42.00787771