fips,2024
01,77.4542
01001,77.4542
01003,77.4542
01005,77.4542
01007,77.4542
01009,77.4542
01011,77.4542
01013,77.4542
01015,77.4542
01017,77.4542
01019,77.4542
01021,77.4542
01023,77.4542
01025,77.4542
01027,77.4542
01029,77.4542
01031,77.4542
01033,77.4542
01035,77.4542
01037,77.4542
01039,77.4542
01041,77.4542
01043,77.4542
01045,77.4542
01047,77.4542
01049,77.4542
01051,77.4542
01053,77.4542
01055,77.4542
01057,77.4542
01059,77.4542
01061,77.4542
01063,77.4542
01065,77.4542
01067,77.4542
01069,77.4542
01071,77.4542
01073,77.4542
01075,77.4542
01077,77.4542
01079,77.4542
01081,77.4542
01083,77.4542
01085,77.4542
01087,77.4542
01089,77.4542
01091,77.4542
01093,77.4542
01095,77.4542
01097,77.4542
01099,77.4542
01101,77.4542
01103,77.4542
01105,77.4542
01107,77.4542
01109,77.4542
01111,77.4542
01113,77.4542
01115,77.4542
01117,77.4542
01119,77.4542
01121,77.4542
01123,77.4542
01125,77.4542
01127,77.4542
01129,77.4542
01131,77.4542
01133,77.4542
04001,77.4542
04003,77.4542
04005,77.4542
04007,77.4542
04009,77.4542
04011,77.4542
04012,77.4542
04013,77.4542
04015,77.4542
04017,77.4542
04019,77.4542
04021,77.4542
04023,77.4542
04025,77.4542
04027,77.4542
05001,77.4542
05003,77.4542
05005,77.4542
05007,77.4542
05009,77.4542
05011,77.4542
05013,77.4542
05015,77.4542
05017,77.4542
05019,77.4542
05021,77.4542
05023,77.4542
05025,77.4542
05027,77.4542
05029,77.4542
05031,77.4542
05033,77.4542
05035,77.4542
05037,77.4542
05039,77.4542
05041,77.4542
05043,77.4542
05045,77.4542
05047,77.4542
05049,77.4542
05051,77.4542
05053,77.4542
05055,77.4542
05057,77.4542
05059,77.4542
05061,77.4542
05063,77.4542
05065,77.4542
05067,77.4542
05069,77.4542
05071,77.4542
05073,77.4542
05075,77.4542
05077,77.4542
05079,77.4542
05081,77.4542
05083,77.4542
05085,77.4542
05087,77.4542
05089,77.4542
05091,77.4542
05093,77.4542
05095,77.4542
05097,77.4542
05099,77.4542
05101,77.4542
05103,77.4542
05105,77.4542
05107,77.4542
05109,77.4542
05111,77.4542
05113,77.4542
05115,77.4542
05117,77.4542
05119,77.4542
05121,77.4542
05123,77.4542
05125,77.4542
05127,77.4542
05129,77.4542
05131,77.4542
05133,77.4542
05135,77.4542
05137,77.4542
05139,77.4542
05141,77.4542
05143,77.4542
05145,77.4542
05147,77.4542
05149,77.4542
06001,77.4542
06003,77.4542
06005,77.4542
06007,77.4542
06009,77.4542
06011,77.4542
06013,77.4542
06015,77.4542
06017,77.4542
06019,77.4542
06021,77.4542
06023,77.4542
06025,77.4542
06027,77.4542
06029,77.4542
06031,77.4542
06033,77.4542
06035,77.4542
06037,77.4542
06039,77.4542
06041,77.4542
06043,77.4542
06045,77.4542
06047,77.4542
06049,77.4542
06051,77.4542
06053,77.4542
06055,77.4542
06057,77.4542
06059,77.4542
06061,77.4542
06063,77.4542
06065,77.4542
06067,77.4542
06069,77.4542
06071,77.4542
06073,77.4542
06075,77.4542
06077,77.4542
06079,77.4542
06081,77.4542
06083,77.4542
06085,77.4542
06087,77.4542
06089,77.4542
06091,77.4542
06093,77.4542
06095,77.4542
06097,77.4542
06099,77.4542
06101,77.4542
06103,77.4542
06105,77.4542
06107,77.4542
06109,77.4542
06111,77.4542
06113,77.4542
06115,77.4542
08001,77.4542
08003,77.4542
08005,77.4542
08007,77.4542
08009,77.4542
08011,77.4542
08013,77.4542
08014,77.4542
08015,77.4542
08017,77.4542
08019,77.4542
08021,77.4542
08023,77.4542
08025,77.4542
08027,77.4542
08029,77.4542
08031,77.4542
08033,77.4542
08035,77.4542
08037,77.4542
08039,77.4542
08041,77.4542
08043,77.4542
08045,77.4542
08047,77.4542
08049,77.4542
08051,77.4542
08053,77.4542
08055,77.4542
08057,77.4542
08059,77.4542
08061,77.4542
08063,77.4542
08065,77.4542
08067,77.4542
08069,77.4542
08071,77.4542
08073,77.4542
08075,77.4542
08077,77.4542
08079,77.4542
08081,77.4542
08083,77.4542
08085,77.4542
08087,77.4542
08089,77.4542
08091,77.4542
08093,77.4542
08095,77.4542
08097,77.4542
08099,77.4542
08101,77.4542
08103,77.4542
08105,77.4542
08107,77.4542
08109,77.4542
08111,77.4542
08113,77.4542
08115,77.4542
08117,77.4542
08119,77.4542
08121,77.4542
08123,77.4542
08125,77.4542
09001,77.4542
09003,77.4542
09005,77.4542
09007,77.4542
09009,77.4542
09011,77.4542
09013,77.4542
09015,77.4542
10001,77.4542
10003,77.4542
10005,77.4542
11001,77.4542
12001,77.4542
12003,77.4542
12005,77.4542
12007,77.4542
12009,77.4542
12011,77.4542
12013,77.4542
12015,77.4542
12017,77.4542
12019,77.4542
12021,77.4542
12023,77.4542
12027,77.4542
12029,77.4542
12031,77.4542
12033,77.4542
12035,77.4542
12037,77.4542
12039,77.4542
12041,77.4542
12043,77.4542
12045,77.4542
12047,77.4542
12049,77.4542
12051,77.4542
12053,77.4542
12055,77.4542
12057,77.4542
12059,77.4542
12061,77.4542
12063,77.4542
12065,77.4542
12067,77.4542
12069,77.4542
12071,77.4542
12073,77.4542
12075,77.4542
12077,77.4542
12079,77.4542
12081,77.4542
12083,77.4542
12085,77.4542
12086,77.4542
12087,77.4542
12089,77.4542
12091,77.4542
12093,77.4542
12095,77.4542
12097,77.4542
12099,77.4542
12101,77.4542
12103,77.4542
12105,77.4542
12107,77.4542
12109,77.4542
12111,77.4542
12113,77.4542
12115,77.4542
12117,77.4542
12119,77.4542
12121,77.4542
12123,77.4542
12125,77.4542
12127,77.4542
12129,77.4542
12131,77.4542
12133,77.4542
13001,77.4542
13003,77.4542
13005,77.4542
13007,77.4542
13009,77.4542
13011,77.4542
13013,77.4542
13015,77.4542
13017,77.4542
13019,77.4542
13021,77.4542
13023,77.4542
13025,77.4542
13027,77.4542
13029,77.4542
13031,77.4542
13033,77.4542
13035,77.4542
13037,77.4542
13039,77.4542
13043,77.4542
13045,77.4542
13047,77.4542
13049,77.4542
13051,77.4542
13053,77.4542
13055,77.4542
13057,77.4542
13059,77.4542
13061,77.4542
13063,77.4542
13065,77.4542
13067,77.4542
13069,77.4542
13071,77.4542
13073,77.4542
13075,77.4542
13077,77.4542
13079,77.4542
13081,77.4542
13083,77.4542
13085,77.4542
13087,77.4542
13089,77.4542
13091,77.4542
13093,77.4542
13095,77.4542
13097,77.4542
13099,77.4542
13101,77.4542
13103,77.4542
13105,77.4542
13107,77.4542
13109,77.4542
13111,77.4542
13113,77.4542
13115,77.4542
13117,77.4542
13119,77.4542
13121,77.4542
13123,77.4542
13125,77.4542
13127,77.4542
13129,77.4542
13131,77.4542
13133,77.4542
13135,77.4542
13137,77.4542
13139,77.4542
13141,77.4542
13143,77.4542
13145,77.4542
13147,77.4542
13149,77.4542
13151,77.4542
13153,77.4542
13155,77.4542
13157,77.4542
13159,77.4542
13161,77.4542
13163,77.4542
13165,77.4542
13167,77.4542
13169,77.4542
13171,77.4542
13173,77.4542
13175,77.4542
13177,77.4542
13179,77.4542
13181,77.4542
13183,77.4542
13185,77.4542
13187,77.4542
13189,77.4542
13191,77.4542
13193,77.4542
13195,77.4542
13197,77.4542
13199,77.4542
13201,77.4542
13205,77.4542
13207,77.4542
13209,77.4542
13211,77.4542
13213,77.4542
13215,77.4542
13217,77.4542
13219,77.4542
13221,77.4542
13223,77.4542
13225,77.4542
13227,77.4542
13229,77.4542
13231,77.4542
13233,77.4542
13235,77.4542
13237,77.4542
13239,77.4542
13241,77.4542
13243,77.4542
13245,77.4542
13247,77.4542
13249,77.4542
13251,77.4542
13253,77.4542
13255,77.4542
13257,77.4542
13259,77.4542
13261,77.4542
13263,77.4542
13265,77.4542
13267,77.4542
13269,77.4542
13271,77.4542
13273,77.4542
13275,77.4542
13277,77.4542
13279,77.4542
13281,77.4542
13283,77.4542
13285,77.4542
13287,77.4542
13289,77.4542
13291,77.4542
13293,77.4542
13295,77.4542
13297,77.4542
13299,77.4542
13301,77.4542
13303,77.4542
13305,77.4542
13307,77.4542
13309,77.4542
13311,77.4542
13313,77.4542
13315,77.4542
13317,77.4542
13319,77.4542
13321,77.4542
16001,77.4542
16003,77.4542
16005,77.4542
16007,77.4542
16009,77.4542
16011,77.4542
16013,77.4542
16015,77.4542
16017,77.4542
16019,77.4542
16021,77.4542
16023,77.4542
16025,77.4542
16027,77.4542
16029,77.4542
16031,77.4542
16033,77.4542
16035,77.4542
16037,77.4542
16039,77.4542
16041,77.4542
16043,77.4542
16045,77.4542
16047,77.4542
16049,77.4542
16051,77.4542
16053,77.4542
16055,77.4542
16057,77.4542
16059,77.4542
16061,77.4542
16063,77.4542
16065,77.4542
16067,77.4542
16069,77.4542
16071,77.4542
16073,77.4542
16075,77.4542
16077,77.4542
16079,77.4542
16081,77.4542
16083,77.4542
16085,77.4542
16087,77.4542
17001,77.4542
17003,77.4542
17005,77.4542
17007,77.4542
17009,77.4542
17011,77.4542
17013,77.4542
17015,77.4542
17017,77.4542
17019,77.4542
17021,77.4542
17023,77.4542
17025,77.4542
17027,77.4542
17029,77.4542
17031,77.4542
17033,77.4542
17035,77.4542
17037,77.4542
17039,77.4542
17041,77.4542
17043,77.4542
17045,77.4542
17047,77.4542
17049,77.4542
17051,77.4542
17053,77.4542
17055,77.4542
17057,77.4542
17059,77.4542
17061,77.4542
17063,77.4542
17065,77.4542
17067,77.4542
17069,77.4542
17071,77.4542
17073,77.4542
17075,77.4542
17077,77.4542
17079,77.4542
17081,77.4542
17083,77.4542
17085,77.4542
17087,77.4542
17089,77.4542
17091,77.4542
17093,77.4542
17095,77.4542
17097,77.4542
17099,77.4542
17101,77.4542
17103,77.4542
17105,77.4542
17107,77.4542
17109,77.4542
17111,77.4542
17113,77.4542
17115,77.4542
17117,77.4542
17119,77.4542
17121,77.4542
17123,77.4542
17125,77.4542
17127,77.4542
17129,77.4542
17131,77.4542
17133,77.4542
17135,77.4542
17137,77.4542
17139,77.4542
17141,77.4542
17143,77.4542
17145,77.4542
17147,77.4542
17149,77.4542
17151,77.4542
17153,77.4542
17155,77.4542
17157,77.4542
17159,77.4542
17161,77.4542
17163,77.4542
17165,77.4542
17167,77.4542
17169,77.4542
17171,77.4542
17173,77.4542
17175,77.4542
17177,77.4542
17179,77.4542
17181,77.4542
17183,77.4542
17185,77.4542
17187,77.4542
17189,77.4542
17191,77.4542
17193,77.4542
17195,77.4542
17197,77.4542
17199,77.4542
17201,77.4542
17203,77.4542
18001,77.4542
18003,77.4542
18005,77.4542
18007,77.4542
18009,77.4542
18011,77.4542
18013,77.4542
18015,77.4542
18017,77.4542
18019,77.4542
18021,77.4542
18023,77.4542
18025,77.4542
18027,77.4542
18029,77.4542
18031,77.4542
18033,77.4542
18035,77.4542
18037,77.4542
18039,77.4542
18041,77.4542
18043,77.4542
18045,77.4542
18047,77.4542
18049,77.4542
18051,77.4542
18053,77.4542
18055,77.4542
18057,77.4542
18059,77.4542
18061,77.4542
18063,77.4542
18065,77.4542
18067,77.4542
18069,77.4542
18071,77.4542
18073,77.4542
18075,77.4542
18077,77.4542
18079,77.4542
18081,77.4542
18083,77.4542
18085,77.4542
18087,77.4542
18089,77.4542
18091,77.4542
18093,77.4542
18095,77.4542
18097,77.4542
18099,77.4542
18101,77.4542
18103,77.4542
18105,77.4542
18107,77.4542
18109,77.4542
18111,77.4542
18113,77.4542
18115,77.4542
18117,77.4542
18119,77.4542
18121,77.4542
18123,77.4542
18125,77.4542
18127,77.4542
18129,77.4542
18131,77.4542
18133,77.4542
18135,77.4542
18137,77.4542
18139,77.4542
18141,77.4542
18143,77.4542
18145,77.4542
18147,77.4542
18149,77.4542
18151,77.4542
18153,77.4542
18155,77.4542
18157,77.4542
18159,77.4542
18161,77.4542
18163,77.4542
18165,77.4542
18167,77.4542
18169,77.4542
18171,77.4542
18173,77.4542
18175,77.4542
18177,77.4542
18179,77.4542
18181,77.4542
18183,77.4542
19001,77.4542
19003,77.4542
19005,77.4542
19007,77.4542
19009,77.4542
19011,77.4542
19013,77.4542
19015,77.4542
19017,77.4542
19019,77.4542
19021,77.4542
19023,77.4542
19025,77.4542
19027,77.4542
19029,77.4542
19031,77.4542
19033,77.4542
19035,77.4542
19037,77.4542
19039,77.4542
19041,77.4542
19043,77.4542
19045,77.4542
19047,77.4542
19049,77.4542
19051,77.4542
19053,77.4542
19055,77.4542
19057,77.4542
19059,77.4542
19061,77.4542
19063,77.4542
19065,77.4542
19067,77.4542
19069,77.4542
19071,77.4542
19073,77.4542
19075,77.4542
19077,77.4542
19079,77.4542
19081,77.4542
19083,77.4542
19085,77.4542
19087,77.4542
19089,77.4542
19091,77.4542
19093,77.4542
19095,77.4542
19097,77.4542
19099,77.4542
19101,77.4542
19103,77.4542
19105,77.4542
19107,77.4542
19109,77.4542
19111,77.4542
19113,77.4542
19115,77.4542
19117,77.4542
19119,77.4542
19121,77.4542
19123,77.4542
19125,77.4542
19127,77.4542
19129,77.4542
19131,77.4542
19133,77.4542
19135,77.4542
19137,77.4542
19139,77.4542
19141,77.4542
19143,77.4542
19145,77.4542
19147,77.4542
19149,77.4542
19151,77.4542
19153,77.4542
19155,77.4542
19157,77.4542
19159,77.4542
19161,77.4542
19163,77.4542
19165,77.4542
19167,77.4542
19169,77.4542
19171,77.4542
19173,77.4542
19175,77.4542
19177,77.4542
19179,77.4542
19181,77.4542
19183,77.4542
19185,77.4542
19187,77.4542
19189,77.4542
19191,77.4542
19193,77.4542
19195,77.4542
19197,77.4542
20001,77.4542
20003,77.4542
20005,77.4542
20007,77.4542
20009,77.4542
20011,77.4542
20013,77.4542
20015,77.4542
20017,77.4542
20019,77.4542
20021,77.4542
20023,77.4542
20025,77.4542
20027,77.4542
20029,77.4542
20031,77.4542
20033,77.4542
20035,77.4542
20037,77.4542
20039,77.4542
20041,77.4542
20043,77.4542
20045,77.4542
20047,77.4542
20049,77.4542
20051,77.4542
20053,77.4542
20055,77.4542
20057,77.4542
20059,77.4542
20061,77.4542
20063,77.4542
20065,77.4542
20067,77.4542
20069,77.4542
20071,77.4542
20073,77.4542
20075,77.4542
20077,77.4542
20079,77.4542
20081,77.4542
20083,77.4542
20085,77.4542
20087,77.4542
20089,77.4542
20091,77.4542
20093,77.4542
20095,77.4542
20097,77.4542
20099,77.4542
20101,77.4542
20103,77.4542
20105,77.4542
20107,77.4542
20109,77.4542
20111,77.4542
20113,77.4542
20115,77.4542
20117,77.4542
20119,77.4542
20121,77.4542
20123,77.4542
20125,77.4542
20127,77.4542
20129,77.4542
20131,77.4542
20133,77.4542
20135,77.4542
20137,77.4542
20139,77.4542
20141,77.4542
20143,77.4542
20145,77.4542
20147,77.4542
20149,77.4542
20151,77.4542
20153,77.4542
20155,77.4542
20157,77.4542
20159,77.4542
20161,77.4542
20163,77.4542
20165,77.4542
20167,77.4542
20169,77.4542
20171,77.4542
20173,77.4542
20175,77.4542
20177,77.4542
20179,77.4542
20181,77.4542
20183,77.4542
20185,77.4542
20187,77.4542
20189,77.4542
20191,77.4542
20193,77.4542
20195,77.4542
20197,77.4542
20199,77.4542
20201,77.4542
20203,77.4542
20205,77.4542
20207,77.4542
20209,77.4542
21001,77.4542
21003,77.4542
21005,77.4542
21007,77.4542
21009,77.4542
21011,77.4542
21013,77.4542
21015,77.4542
21017,77.4542
21019,77.4542
21021,77.4542
21023,77.4542
21025,77.4542
21027,77.4542
21029,77.4542
21031,77.4542
21033,77.4542
21035,77.4542
21037,77.4542
21039,77.4542
21041,77.4542
21043,77.4542
21045,77.4542
21047,77.4542
21049,77.4542
21051,77.4542
21053,77.4542
21055,77.4542
21057,77.4542
21059,77.4542
21061,77.4542
21063,77.4542
21065,77.4542
21067,77.4542
21069,77.4542
21071,77.4542
21073,77.4542
21075,77.4542
21077,77.4542
21079,77.4542
21081,77.4542
21083,77.4542
21085,77.4542
21087,77.4542
21089,77.4542
21091,77.4542
21093,77.4542
21095,77.4542
21097,77.4542
21099,77.4542
21101,77.4542
21103,77.4542
21105,77.4542
21107,77.4542
21109,77.4542
21111,77.4542
21113,77.4542
21115,77.4542
21117,77.4542
21119,77.4542
21121,77.4542
21123,77.4542
21125,77.4542
21127,77.4542
21129,77.4542
21131,77.4542
21133,77.4542
21135,77.4542
21137,77.4542
21139,77.4542
21141,77.4542
21143,77.4542
21145,77.4542
21147,77.4542
21149,77.4542
21151,77.4542
21153,77.4542
21155,77.4542
21157,77.4542
21159,77.4542
21161,77.4542
21163,77.4542
21165,77.4542
21167,77.4542
21169,77.4542
21171,77.4542
21173,77.4542
21175,77.4542
21177,77.4542
21179,77.4542
21181,77.4542
21183,77.4542
21185,77.4542
21187,77.4542
21189,77.4542
21191,77.4542
21193,77.4542
21195,77.4542
21197,77.4542
21199,77.4542
21201,77.4542
21203,77.4542
21205,77.4542
21207,77.4542
21209,77.4542
21211,77.4542
21213,77.4542
21215,77.4542
21217,77.4542
21219,77.4542
21221,77.4542
21223,77.4542
21225,77.4542
21227,77.4542
21229,77.4542
21231,77.4542
21233,77.4542
21235,77.4542
21237,77.4542
21239,77.4542
22001,77.4542
22003,77.4542
22005,77.4542
22007,77.4542
22009,77.4542
22011,77.4542
22013,77.4542
22015,77.4542
22017,77.4542
22019,77.4542
22021,77.4542
22023,77.4542
22025,77.4542
22027,77.4542
22029,77.4542
22031,77.4542
22033,77.4542
22035,77.4542
22037,77.4542
22039,77.4542
22041,77.4542
22043,77.4542
22045,77.4542
22047,77.4542
22049,77.4542
22051,77.4542
22053,77.4542
22055,77.4542
22057,77.4542
22059,77.4542
22061,77.4542
22063,77.4542
22065,77.4542
22067,77.4542
22069,77.4542
22071,77.4542
22073,77.4542
22075,77.4542
22077,77.4542
22079,77.4542
22081,77.4542
22083,77.4542
22085,77.4542
22087,77.4542
22089,77.4542
22091,77.4542
22093,77.4542
22095,77.4542
22097,77.4542
22099,77.4542
22101,77.4542
22103,77.4542
22105,77.4542
22107,77.4542
22109,77.4542
22111,77.4542
22113,77.4542
22115,77.4542
22117,77.4542
22119,77.4542
22121,77.4542
22123,77.4542
22125,77.4542
22127,77.4542
23001,77.4542
23003,77.4542
23005,77.4542
23007,77.4542
23009,77.4542
23011,77.4542
23013,77.4542
23015,77.4542
23017,77.4542
23019,77.4542
23021,77.4542
23023,77.4542
23025,77.4542
23027,77.4542
23029,77.4542
23031,77.4542
24001,77.4542
24003,77.4542
24005,77.4542
24009,77.4542
24011,77.4542
24013,77.4542
24015,77.4542
24017,77.4542
24019,77.4542
24021,77.4542
24023,77.4542
24025,77.4542
24027,77.4542
24029,77.4542
24031,77.4542
24033,77.4542
24035,77.4542
24037,77.4542
24039,77.4542
24041,77.4542
24043,77.4542
24045,77.4542
24047,77.4542
24510,77.4542
25001,77.4542
25003,77.4542
25005,77.4542
25007,77.4542
25009,77.4542
25011,77.4542
25013,77.4542
25015,77.4542
25017,77.4542
25019,77.4542
25021,77.4542
25023,77.4542
25025,77.4542
25027,77.4542
26001,77.4542
26003,77.4542
26005,77.4542
26007,77.4542
26009,77.4542
26011,77.4542
26013,77.4542
26015,77.4542
26017,77.4542
26019,77.4542
26021,77.4542
26023,77.4542
26025,77.4542
26027,77.4542
26029,77.4542
26031,77.4542
26033,77.4542
26035,77.4542
26037,77.4542
26039,77.4542
26041,77.4542
26043,77.4542
26045,77.4542
26047,77.4542
26049,77.4542
26051,77.4542
26053,77.4542
26055,77.4542
26057,77.4542
26059,77.4542
26061,77.4542
26063,77.4542
26065,77.4542
26067,77.4542
26069,77.4542
26071,77.4542
26073,77.4542
26075,77.4542
26077,77.4542
26079,77.4542
26081,77.4542
26083,77.4542
26085,77.4542
26087,77.4542
26089,77.4542
26091,77.4542
26093,77.4542
26095,77.4542
26097,77.4542
26099,77.4542
26101,77.4542
26103,77.4542
26105,77.4542
26107,77.4542
26109,77.4542
26111,77.4542
26113,77.4542
26115,77.4542
26117,77.4542
26119,77.4542
26121,77.4542
26123,77.4542
26125,77.4542
26127,77.4542
26129,77.4542
26131,77.4542
26133,77.4542
26135,77.4542
26137,77.4542
26139,77.4542
26141,77.4542
26143,77.4542
26145,77.4542
26147,77.4542
26149,77.4542
26151,77.4542
26153,77.4542
26155,77.4542
26157,77.4542
26159,77.4542
26161,77.4542
26163,77.4542
26165,77.4542
27001,77.4542
27003,77.4542
27005,77.4542
27007,77.4542
27009,77.4542
27011,77.4542
27013,77.4542
27015,77.4542
27017,77.4542
27019,77.4542
27021,77.4542
27023,77.4542
27025,77.4542
27027,77.4542
27029,77.4542
27031,77.4542
27033,77.4542
27035,77.4542
27037,77.4542
27039,77.4542
27041,77.4542
27043,77.4542
27045,77.4542
27047,77.4542
27049,77.4542
27051,77.4542
27053,77.4542
27055,77.4542
27057,77.4542
27059,77.4542
27061,77.4542
27063,77.4542
27065,77.4542
27067,77.4542
27069,77.4542
27071,77.4542
27073,77.4542
27075,77.4542
27077,77.4542
27079,77.4542
27081,77.4542
27083,77.4542
27085,77.4542
27087,77.4542
27089,77.4542
27091,77.4542
27093,77.4542
27095,77.4542
27097,77.4542
27099,77.4542
27101,77.4542
27103,77.4542
27105,77.4542
27107,77.4542
27109,77.4542
27111,77.4542
27113,77.4542
27115,77.4542
27117,77.4542
27119,77.4542
27121,77.4542
27123,77.4542
27125,77.4542
27127,77.4542
27129,77.4542
27131,77.4542
27133,77.4542
27135,77.4542
27137,77.4542
27139,77.4542
27141,77.4542
27143,77.4542
27145,77.4542
27147,77.4542
27149,77.4542
27151,77.4542
27153,77.4542
27155,77.4542
27157,77.4542
27159,77.4542
27161,77.4542
27163,77.4542
27165,77.4542
27167,77.4542
27169,77.4542
27171,77.4542
27173,77.4542
28001,77.4542
28003,77.4542
28005,77.4542
28007,77.4542
28009,77.4542
28011,77.4542
28013,77.4542
28015,77.4542
28017,77.4542
28019,77.4542
28021,77.4542
28023,77.4542
28025,77.4542
28027,77.4542
28029,77.4542
28031,77.4542
28033,77.4542
28035,77.4542
28037,77.4542
28039,77.4542
28041,77.4542
28043,77.4542
28045,77.4542
28047,77.4542
28049,77.4542
28051,77.4542
28053,77.4542
28055,77.4542
28057,77.4542
28059,77.4542
28061,77.4542
28063,77.4542
28065,77.4542
28067,77.4542
28069,77.4542
28071,77.4542
28073,77.4542
28075,77.4542
28077,77.4542
28079,77.4542
28081,77.4542
28083,77.4542
28085,77.4542
28087,77.4542
28089,77.4542
28091,77.4542
28093,77.4542
28095,77.4542
28097,77.4542
28099,77.4542
28101,77.4542
28103,77.4542
28105,77.4542
28107,77.4542
28109,77.4542
28111,77.4542
28113,77.4542
28115,77.4542
28117,77.4542
28119,77.4542
28121,77.4542
28123,77.4542
28125,77.4542
28127,77.4542
28129,77.4542
28131,77.4542
28133,77.4542
28135,77.4542
28137,77.4542
28139,77.4542
28141,77.4542
28143,77.4542
28145,77.4542
28147,77.4542
28149,77.4542
28151,77.4542
28153,77.4542
28155,77.4542
28157,77.4542
28159,77.4542
28161,77.4542
28163,77.4542
29001,77.4542
29003,77.4542
29005,77.4542
29007,77.4542
29009,77.4542
29011,77.4542
29013,77.4542
29015,77.4542
29017,77.4542
29019,77.4542
29021,77.4542
29023,77.4542
29025,77.4542
29027,77.4542
29029,77.4542
29031,77.4542
29033,77.4542
29035,77.4542
29037,77.4542
29039,77.4542
29041,77.4542
29043,77.4542
29045,77.4542
29047,77.4542
29049,77.4542
29051,77.4542
29053,77.4542
29055,77.4542
29057,77.4542
29059,77.4542
29061,77.4542
29063,77.4542
29065,77.4542
29067,77.4542
29069,77.4542
29071,77.4542
29073,77.4542
29075,77.4542
29077,77.4542
29079,77.4542
29081,77.4542
29083,77.4542
29085,77.4542
29087,77.4542
29089,77.4542
29091,77.4542
29093,77.4542
29095,77.4542
29097,77.4542
29099,77.4542
29101,77.4542
29103,77.4542
29105,77.4542
29107,77.4542
29109,77.4542
29111,77.4542
29113,77.4542
29115,77.4542
29117,77.4542
29119,77.4542
29121,77.4542
29123,77.4542
29125,77.4542
29127,77.4542
29129,77.4542
29131,77.4542
29133,77.4542
29135,77.4542
29137,77.4542
29139,77.4542
29141,77.4542
29143,77.4542
29145,77.4542
29147,77.4542
29149,77.4542
29151,77.4542
29153,77.4542
29155,77.4542
29157,77.4542
29159,77.4542
29161,77.4542
29163,77.4542
29165,77.4542
29167,77.4542
29169,77.4542
29171,77.4542
29173,77.4542
29175,77.4542
29177,77.4542
29179,77.4542
29181,77.4542
29183,77.4542
29185,77.4542
29186,77.4542
29187,77.4542
29189,77.4542
29195,77.4542
29197,77.4542
29199,77.4542
29201,77.4542
29203,77.4542
29205,77.4542
29207,77.4542
29209,77.4542
29211,77.4542
29213,77.4542
29215,77.4542
29217,77.4542
29219,77.4542
29221,77.4542
29223,77.4542
29225,77.4542
29227,77.4542
29229,77.4542
29510,77.4542
30001,77.4542
30003,77.4542
30005,77.4542
30007,77.4542
30009,77.4542
30011,77.4542
30013,77.4542
30015,77.4542
30017,77.4542
30019,77.4542
30021,77.4542
30023,77.4542
30025,77.4542
30027,77.4542
30029,77.4542
30031,77.4542
30033,77.4542
30035,77.4542
30037,77.4542
30039,77.4542
30041,77.4542
30043,77.4542
30045,77.4542
30047,77.4542
30049,77.4542
30051,77.4542
30053,77.4542
30055,77.4542
30057,77.4542
30059,77.4542
30061,77.4542
30063,77.4542
30065,77.4542
30067,77.4542
30069,77.4542
30071,77.4542
30073,77.4542
30075,77.4542
30077,77.4542
30079,77.4542
30081,77.4542
30083,77.4542
30085,77.4542
30087,77.4542
30089,77.4542
30091,77.4542
30093,77.4542
30095,77.4542
30097,77.4542
30099,77.4542
30101,77.4542
30103,77.4542
30105,77.4542
30107,77.4542
30109,77.4542
30111,77.4542
31001,77.4542
31003,77.4542
31005,77.4542
31007,77.4542
31009,77.4542
31011,77.4542
31013,77.4542
31015,77.4542
31017,77.4542
31019,77.4542
31021,77.4542
31023,77.4542
31025,77.4542
31027,77.4542
31029,77.4542
31031,77.4542
31033,77.4542
31035,77.4542
31037,77.4542
31039,77.4542
31041,77.4542
31043,77.4542
31045,77.4542
31047,77.4542
31049,77.4542
31051,77.4542
31053,77.4542
31055,77.4542
31057,77.4542
31059,77.4542
31061,77.4542
31063,77.4542
31065,77.4542
31067,77.4542
31069,77.4542
31071,77.4542
31073,77.4542
31075,77.4542
31077,77.4542
31079,77.4542
31081,77.4542
31083,77.4542
31085,77.4542
31087,77.4542
31089,77.4542
31091,77.4542
31093,77.4542
31095,77.4542
31097,77.4542
31099,77.4542
31101,77.4542
31103,77.4542
31105,77.4542
31107,77.4542
31109,77.4542
31111,77.4542
31113,77.4542
31115,77.4542
31117,77.4542
31119,77.4542
31121,77.4542
31123,77.4542
31125,77.4542
31127,77.4542
31129,77.4542
31131,77.4542
31133,77.4542
31135,77.4542
31137,77.4542
31139,77.4542
31141,77.4542
31143,77.4542
31145,77.4542
31147,77.4542
31149,77.4542
31151,77.4542
31153,77.4542
31155,77.4542
31157,77.4542
31159,77.4542
31161,77.4542
31163,77.4542
31165,77.4542
31167,77.4542
31169,77.4542
31171,77.4542
31173,77.4542
31175,77.4542
31177,77.4542
31179,77.4542
31181,77.4542
31183,77.4542
31185,77.4542
32001,77.4542
32003,77.4542
32005,77.4542
32007,77.4542
32009,77.4542
32011,77.4542
32013,77.4542
32015,77.4542
32017,77.4542
32019,77.4542
32021,77.4542
32023,77.4542
32027,77.4542
32029,77.4542
32031,77.4542
32033,77.4542
32510,77.4542
33001,77.4542
33003,77.4542
33005,77.4542
33007,77.4542
33009,77.4542
33011,77.4542
33013,77.4542
33015,77.4542
33017,77.4542
33019,77.4542
34001,77.4542
34003,77.4542
34005,77.4542
34007,77.4542
34009,77.4542
34011,77.4542
34013,77.4542
34015,77.4542
34017,77.4542
34019,77.4542
34021,77.4542
34023,77.4542
34025,77.4542
34027,77.4542
34029,77.4542
34031,77.4542
34033,77.4542
34035,77.4542
34037,77.4542
34039,77.4542
34041,77.4542
35001,77.4542
35003,77.4542
35005,77.4542
35006,77.4542
35007,77.4542
35009,77.4542
35011,77.4542
35013,77.4542
35015,77.4542
35017,77.4542
35019,77.4542
35021,77.4542
35023,77.4542
35025,77.4542
35027,77.4542
35028,77.4542
35029,77.4542
35031,77.4542
35033,77.4542
35035,77.4542
35037,77.4542
35039,77.4542
35041,77.4542
35043,77.4542
35045,77.4542
35047,77.4542
35049,77.4542
35051,77.4542
35053,77.4542
35055,77.4542
35057,77.4542
35059,77.4542
35061,77.4542
36001,77.4542
36003,77.4542
36005,77.4542
36007,77.4542
36009,77.4542
36011,77.4542
36013,77.4542
36015,77.4542
36017,77.4542
36019,77.4542
36021,77.4542
36023,77.4542
36025,77.4542
36027,77.4542
36029,77.4542
36031,77.4542
36033,77.4542
36035,77.4542
36037,77.4542
36039,77.4542
36041,77.4542
36043,77.4542
36045,77.4542
36047,77.4542
36049,77.4542
36051,77.4542
36053,77.4542
36055,77.4542
36057,77.4542
36059,77.4542
36061,77.4542
36063,77.4542
36065,77.4542
36067,77.4542
36069,77.4542
36071,77.4542
36073,77.4542
36075,77.4542
36077,77.4542
36079,77.4542
36081,77.4542
36083,77.4542
36085,77.4542
36087,77.4542
36089,77.4542
36091,77.4542
36093,77.4542
36095,77.4542
36097,77.4542
36099,77.4542
36101,77.4542
36103,77.4542
36105,77.4542
36107,77.4542
36109,77.4542
36111,77.4542
36113,77.4542
36115,77.4542
36117,77.4542
36119,77.4542
36121,77.4542
36123,77.4542
37001,77.4542
37003,77.4542
37005,77.4542
37007,77.4542
37009,77.4542
37011,77.4542
37013,77.4542
37015,77.4542
37017,77.4542
37019,77.4542
37021,77.4542
37023,77.4542
37025,77.4542
37027,77.4542
37029,77.4542
37031,77.4542
37033,77.4542
37035,77.4542
37037,77.4542
37039,77.4542
37041,77.4542
37043,77.4542
37045,77.4542
37047,77.4542
37049,77.4542
37051,77.4542
37053,77.4542
37055,77.4542
37057,77.4542
37059,77.4542
37061,77.4542
37063,77.4542
37065,77.4542
37067,77.4542
37069,77.4542
37071,77.4542
37073,77.4542
37075,77.4542
37077,77.4542
37079,77.4542
37081,77.4542
37083,77.4542
37085,77.4542
37087,77.4542
37089,77.4542
37091,77.4542
37093,77.4542
37095,77.4542
37097,77.4542
37099,77.4542
37101,77.4542
37103,77.4542
37105,77.4542
37107,77.4542
37109,77.4542
37111,77.4542
37113,77.4542
37115,77.4542
37117,77.4542
37119,77.4542
37121,77.4542
37123,77.4542
37125,77.4542
37127,77.4542
37129,77.4542
37131,77.4542
37133,77.4542
37135,77.4542
37137,77.4542
37139,77.4542
37141,77.4542
37143,77.4542
37145,77.4542
37147,77.4542
37149,77.4542
37151,77.4542
37153,77.4542
37155,77.4542
37157,77.4542
37159,77.4542
37161,77.4542
37163,77.4542
37165,77.4542
37167,77.4542
37169,77.4542
37171,77.4542
37173,77.4542
37175,77.4542
37177,77.4542
37179,77.4542
37181,77.4542
37183,77.4542
37185,77.4542
37187,77.4542
37189,77.4542
37191,77.4542
37193,77.4542
37195,77.4542
37197,77.4542
37199,77.4542
38001,77.4542
38003,77.4542
38005,77.4542
38007,77.4542
38009,77.4542
38011,77.4542
38013,77.4542
38015,77.4542
38017,77.4542
38019,77.4542
38021,77.4542
38023,77.4542
38025,77.4542
38027,77.4542
38029,77.4542
38031,77.4542
38033,77.4542
38035,77.4542
38037,77.4542
38039,77.4542
38041,77.4542
38043,77.4542
38045,77.4542
38047,77.4542
38049,77.4542
38051,77.4542
38053,77.4542
38055,77.4542
38057,77.4542
38059,77.4542
38061,77.4542
38063,77.4542
38065,77.4542
38067,77.4542
38069,77.4542
38071,77.4542
38073,77.4542
38075,77.4542
38077,77.4542
38079,77.4542
38081,77.4542
38083,77.4542
38085,77.4542
38087,77.4542
38089,77.4542
38091,77.4542
38093,77.4542
38095,77.4542
38097,77.4542
38099,77.4542
38101,77.4542
38103,77.4542
38105,77.4542
39001,77.4542
39003,77.4542
39005,77.4542
39007,77.4542
39009,77.4542
39011,77.4542
39013,77.4542
39015,77.4542
39017,77.4542
39019,77.4542
39021,77.4542
39023,77.4542
39025,77.4542
39027,77.4542
39029,77.4542
39031,77.4542
39033,77.4542
39035,77.4542
39037,77.4542
39039,77.4542
39041,77.4542
39043,77.4542
39045,77.4542
39047,77.4542
39049,77.4542
39051,77.4542
39053,77.4542
39055,77.4542
39057,77.4542
39059,77.4542
39061,77.4542
39063,77.4542
39065,77.4542
39067,77.4542
39069,77.4542
39071,77.4542
39073,77.4542
39075,77.4542
39077,77.4542
39079,77.4542
39081,77.4542
39083,77.4542
39085,77.4542
39087,77.4542
39089,77.4542
39091,77.4542
39093,77.4542
39095,77.4542
39097,77.4542
39099,77.4542
39101,77.4542
39103,77.4542
39105,77.4542
39107,77.4542
39109,77.4542
39111,77.4542
39113,77.4542
39115,77.4542
39117,77.4542
39119,77.4542
39121,77.4542
39123,77.4542
39125,77.4542
39127,77.4542
39129,77.4542
39131,77.4542
39133,77.4542
39135,77.4542
39137,77.4542
39139,77.4542
39141,77.4542
39143,77.4542
39145,77.4542
39147,77.4542
39149,77.4542
39151,77.4542
39153,77.4542
39155,77.4542
39157,77.4542
39159,77.4542
39161,77.4542
39163,77.4542
39165,77.4542
39167,77.4542
39169,77.4542
39171,77.4542
39173,77.4542
39175,77.4542
40001,77.4542
40003,77.4542
40005,77.4542
40007,77.4542
40009,77.4542
40011,77.4542
40013,77.4542
40015,77.4542
40017,77.4542
40019,77.4542
40021,77.4542
40023,77.4542
40025,77.4542
40027,77.4542
40029,77.4542
40031,77.4542
40033,77.4542
40035,77.4542
40037,77.4542
40039,77.4542
40041,77.4542
40043,77.4542
40045,77.4542
40047,77.4542
40049,77.4542
40051,77.4542
40053,77.4542
40055,77.4542
40057,77.4542
40059,77.4542
40061,77.4542
40063,77.4542
40065,77.4542
40067,77.4542
40069,77.4542
40071,77.4542
40073,77.4542
40075,77.4542
40077,77.4542
40079,77.4542
40081,77.4542
40083,77.4542
40085,77.4542
40087,77.4542
40089,77.4542
40091,77.4542
40093,77.4542
40095,77.4542
40097,77.4542
40099,77.4542
40101,77.4542
40103,77.4542
40105,77.4542
40107,77.4542
40109,77.4542
40111,77.4542
40113,77.4542
40115,77.4542
40117,77.4542
40119,77.4542
40121,77.4542
40123,77.4542
40125,77.4542
40127,77.4542
40129,77.4542
40131,77.4542
40133,77.4542
40135,77.4542
40137,77.4542
40139,77.4542
40141,77.4542
40143,77.4542
40145,77.4542
40147,77.4542
40149,77.4542
40151,77.4542
40153,77.4542
41001,77.4542
41003,77.4542
41005,77.4542
41007,77.4542
41009,77.4542
41011,77.4542
41013,77.4542
41015,77.4542
41017,77.4542
41019,77.4542
41021,77.4542
41023,77.4542
41025,77.4542
41027,77.4542
41029,77.4542
41031,77.4542
41033,77.4542
41035,77.4542
41037,77.4542
41039,77.4542
41041,77.4542
41043,77.4542
41045,77.4542
41047,77.4542
41049,77.4542
41051,77.4542
41053,77.4542
41055,77.4542
41057,77.4542
41059,77.4542
41061,77.4542
41063,77.4542
41065,77.4542
41067,77.4542
41069,77.4542
41071,77.4542
42001,77.4542
42003,77.4542
42005,77.4542
42007,77.4542
42009,77.4542
42011,77.4542
42013,77.4542
42015,77.4542
42017,77.4542
42019,77.4542
42021,77.4542
42023,77.4542
42025,77.4542
42027,77.4542
42029,77.4542
42031,77.4542
42033,77.4542
42035,77.4542
42037,77.4542
42039,77.4542
42041,77.4542
42043,77.4542
42045,77.4542
42047,77.4542
42049,77.4542
42051,77.4542
42053,77.4542
42055,77.4542
42057,77.4542
42059,77.4542
42061,77.4542
42063,77.4542
42065,77.4542
42067,77.4542
42069,77.4542
42071,77.4542
42073,77.4542
42075,77.4542
42077,77.4542
42079,77.4542
42081,77.4542
42083,77.4542
42085,77.4542
42087,77.4542
42089,77.4542
42091,77.4542
42093,77.4542
42095,77.4542
42097,77.4542
42099,77.4542
42101,77.4542
42103,77.4542
42105,77.4542
42107,77.4542
42109,77.4542
42111,77.4542
42113,77.4542
42115,77.4542
42117,77.4542
42119,77.4542
42121,77.4542
42123,77.4542
42125,77.4542
42127,77.4542
42129,77.4542
42131,77.4542
42133,77.4542
44001,77.4542
44003,77.4542
44005,77.4542
44007,77.4542
44009,77.4542
45001,77.4542
45003,77.4542
45005,77.4542
45007,77.4542
45009,77.4542
45011,77.4542
45013,77.4542
45015,77.4542
45017,77.4542
45019,77.4542
45021,77.4542
45023,77.4542
45025,77.4542
45027,77.4542
45029,77.4542
45031,77.4542
45033,77.4542
45035,77.4542
45037,77.4542
45039,77.4542
45041,77.4542
45043,77.4542
45045,77.4542
45047,77.4542
45049,77.4542
45051,77.4542
45053,77.4542
45055,77.4542
45057,77.4542
45059,77.4542
45061,77.4542
45063,77.4542
45065,77.4542
45067,77.4542
45069,77.4542
45071,77.4542
45073,77.4542
45075,77.4542
45077,77.4542
45079,77.4542
45081,77.4542
45083,77.4542
45085,77.4542
45087,77.4542
45089,77.4542
45091,77.4542
46003,77.4542
46005,77.4542
46007,77.4542
46009,77.4542
46011,77.4542
46013,77.4542
46015,77.4542
46017,77.4542
46019,77.4542
46021,77.4542
46023,77.4542
46025,77.4542
46027,77.4542
46029,77.4542
46031,77.4542
46033,77.4542
46035,77.4542
46037,77.4542
46039,77.4542
46041,77.4542
46043,77.4542
46045,77.4542
46047,77.4542
46049,77.4542
46051,77.4542
46053,77.4542
46055,77.4542
46057,77.4542
46059,77.4542
46061,77.4542
46063,77.4542
46065,77.4542
46067,77.4542
46069,77.4542
46071,77.4542
46073,77.4542
46075,77.4542
46077,77.4542
46079,77.4542
46081,77.4542
46083,77.4542
46085,77.4542
46087,77.4542
46089,77.4542
46091,77.4542
46093,77.4542
46095,77.4542
46097,77.4542
46099,77.4542
46101,77.4542
46102,77.4542
46103,77.4542
46105,77.4542
46107,77.4542
46109,77.4542
46111,77.4542
46115,77.4542
46117,77.4542
46119,77.4542
46121,77.4542
46123,77.4542
46125,77.4542
46127,77.4542
46129,77.4542
46135,77.4542
46137,77.4542
47001,77.4542
47003,77.4542
47005,77.4542
47007,77.4542
47009,77.4542
47011,77.4542
47013,77.4542
47015,77.4542
47017,77.4542
47019,77.4542
47021,77.4542
47023,77.4542
47025,77.4542
47027,77.4542
47029,77.4542
47031,77.4542
47033,77.4542
47035,77.4542
47037,77.4542
47039,77.4542
47041,77.4542
47043,77.4542
47045,77.4542
47047,77.4542
47049,77.4542
47051,77.4542
47053,77.4542
47055,77.4542
47057,77.4542
47059,77.4542
47061,77.4542
47063,77.4542
47065,77.4542
47067,77.4542
47069,77.4542
47071,77.4542
47073,77.4542
47075,77.4542
47077,77.4542
47079,77.4542
47081,77.4542
47083,77.4542
47085,77.4542
47087,77.4542
47089,77.4542
47091,77.4542
47093,77.4542
47095,77.4542
47097,77.4542
47099,77.4542
47101,77.4542
47103,77.4542
47105,77.4542
47107,77.4542
47109,77.4542
47111,77.4542
47113,77.4542
47115,77.4542
47117,77.4542
47119,77.4542
47121,77.4542
47123,77.4542
47125,77.4542
47127,77.4542
47129,77.4542
47131,77.4542
47133,77.4542
47135,77.4542
47137,77.4542
47139,77.4542
47141,77.4542
47143,77.4542
47145,77.4542
47147,77.4542
47149,77.4542
47151,77.4542
47153,77.4542
47155,77.4542
47157,77.4542
47159,77.4542
47161,77.4542
47163,77.4542
47165,77.4542
47167,77.4542
47169,77.4542
47171,77.4542
47173,77.4542
47175,77.4542
47177,77.4542
47179,77.4542
47181,77.4542
47183,77.4542
47185,77.4542
47187,77.4542
47189,77.4542
48001,77.4542
48003,77.4542
48005,77.4542
48007,77.4542
48009,77.4542
48011,77.4542
48013,77.4542
48015,77.4542
48017,77.4542
48019,77.4542
48021,77.4542
48023,77.4542
48025,77.4542
48027,77.4542
48029,77.4542
48031,77.4542
48033,77.4542
48035,77.4542
48037,77.4542
48039,77.4542
48041,77.4542
48043,77.4542
48045,77.4542
48047,77.4542
48049,77.4542
48051,77.4542
48053,77.4542
48055,77.4542
48057,77.4542
48059,77.4542
48061,77.4542
48063,77.4542
48065,77.4542
48067,77.4542
48069,77.4542
48071,77.4542
48073,77.4542
48075,77.4542
48077,77.4542
48079,77.4542
48081,77.4542
48083,77.4542
48085,77.4542
48087,77.4542
48089,77.4542
48091,77.4542
48093,77.4542
48095,77.4542
48097,77.4542
48099,77.4542
48101,77.4542
48103,77.4542
48105,77.4542
48107,77.4542
48109,77.4542
48111,77.4542
48113,77.4542
48115,77.4542
48117,77.4542
48119,77.4542
48121,77.4542
48123,77.4542
48125,77.4542
48127,77.4542
48129,77.4542
48131,77.4542
48133,77.4542
48135,77.4542
48137,77.4542
48139,77.4542
48141,77.4542
48143,77.4542
48145,77.4542
48147,77.4542
48149,77.4542
48151,77.4542
48153,77.4542
48155,77.4542
48157,77.4542
48159,77.4542
48161,77.4542
48163,77.4542
48165,77.4542
48167,77.4542
48169,77.4542
48171,77.4542
48173,77.4542
48175,77.4542
48177,77.4542
48179,77.4542
48181,77.4542
48183,77.4542
48185,77.4542
48187,77.4542
48189,77.4542
48191,77.4542
48193,77.4542
48195,77.4542
48197,77.4542
48199,77.4542
48201,77.4542
48203,77.4542
48205,77.4542
48207,77.4542
48209,77.4542
48211,77.4542
48213,77.4542
48215,77.4542
48217,77.4542
48219,77.4542
48221,77.4542
48223,77.4542
48225,77.4542
48227,77.4542
48229,77.4542
48231,77.4542
48233,77.4542
48235,77.4542
48237,77.4542
48239,77.4542
48241,77.4542
48243,77.4542
48245,77.4542
48247,77.4542
48249,77.4542
48251,77.4542
48253,77.4542
48255,77.4542
48257,77.4542
48259,77.4542
48261,77.4542
48263,77.4542
48265,77.4542
48267,77.4542
48269,77.4542
48271,77.4542
48273,77.4542
48275,77.4542
48277,77.4542
48279,77.4542
48281,77.4542
48283,77.4542
48285,77.4542
48287,77.4542
48289,77.4542
48291,77.4542
48293,77.4542
48295,77.4542
48297,77.4542
48299,77.4542
48301,77.4542
48303,77.4542
48305,77.4542
48307,77.4542
48309,77.4542
48311,77.4542
48313,77.4542
48315,77.4542
48317,77.4542
48319,77.4542
48321,77.4542
48323,77.4542
48325,77.4542
48327,77.4542
48329,77.4542
48331,77.4542
48333,77.4542
48335,77.4542
48337,77.4542
48339,77.4542
48341,77.4542
48343,77.4542
48345,77.4542
48347,77.4542
48349,77.4542
48351,77.4542
48353,77.4542
48355,77.4542
48357,77.4542
48359,77.4542
48361,77.4542
48363,77.4542
48365,77.4542
48367,77.4542
48369,77.4542
48371,77.4542
48373,77.4542
48375,77.4542
48377,77.4542
48379,77.4542
48381,77.4542
48383,77.4542
48385,77.4542
48387,77.4542
48389,77.4542
48391,77.4542
48393,77.4542
48395,77.4542
48397,77.4542
48399,77.4542
48401,77.4542
48403,77.4542
48405,77.4542
48407,77.4542
48409,77.4542
48411,77.4542
48413,77.4542
48415,77.4542
48417,77.4542
48419,77.4542
48421,77.4542
48423,77.4542
48425,77.4542
48427,77.4542
48429,77.4542
48431,77.4542
48433,77.4542
48435,77.4542
48437,77.4542
48439,77.4542
48441,77.4542
48443,77.4542
48445,77.4542
48447,77.4542
48449,77.4542
48451,77.4542
48453,77.4542
48455,77.4542
48457,77.4542
48459,77.4542
48461,77.4542
48463,77.4542
48465,77.4542
48467,77.4542
48469,77.4542
48471,77.4542
48473,77.4542
48475,77.4542
48477,77.4542
48479,77.4542
48481,77.4542
48483,77.4542
48485,77.4542
48487,77.4542
48489,77.4542
48491,77.4542
48493,77.4542
48495,77.4542
48497,77.4542
48499,77.4542
48501,77.4542
48503,77.4542
48505,77.4542
48507,77.4542
49001,77.4542
49003,77.4542
49005,77.4542
49007,77.4542
49009,77.4542
49011,77.4542
49013,77.4542
49015,77.4542
49017,77.4542
49019,77.4542
49021,77.4542
49023,77.4542
49025,77.4542
49027,77.4542
49029,77.4542
49031,77.4542
49033,77.4542
49035,77.4542
49037,77.4542
49039,77.4542
49041,77.4542
49043,77.4542
49045,77.4542
49047,77.4542
49049,77.4542
49051,77.4542
49053,77.4542
49055,77.4542
49057,77.4542
50001,77.4542
50003,77.4542
50005,77.4542
50007,77.4542
50009,77.4542
50011,77.4542
50013,77.4542
50015,77.4542
50017,77.4542
50019,77.4542
50021,77.4542
50023,77.4542
50025,77.4542
50027,77.4542
51001,77.4542
51003,77.4542
51005,77.4542
51007,77.4542
51009,77.4542
51011,77.4542
51013,77.4542
51015,77.4542
51017,77.4542
51019,77.4542
51021,77.4542
51023,77.4542
51025,77.4542
51027,77.4542
51029,77.4542
51031,77.4542
51033,77.4542
51035,77.4542
51036,77.4542
51037,77.4542
51041,77.4542
51043,77.4542
51045,77.4542
51047,77.4542
51049,77.4542
51051,77.4542
51053,77.4542
51057,77.4542
51059,77.4542
51061,77.4542
51063,77.4542
51065,77.4542
51067,77.4542
51069,77.4542
51071,77.4542
51073,77.4542
51075,77.4542
51077,77.4542
51079,77.4542
51081,77.4542
51083,77.4542
51085,77.4542
51087,77.4542
51089,77.4542
51091,77.4542
51093,77.4542
51095,77.4542
51097,77.4542
51099,77.4542
51101,77.4542
51103,77.4542
51105,77.4542
51107,77.4542
51109,77.4542
51111,77.4542
51113,77.4542
51115,77.4542
51117,77.4542
51119,77.4542
51121,77.4542
51125,77.4542
51127,77.4542
51131,77.4542
51133,77.4542
51135,77.4542
51137,77.4542
51139,77.4542
51141,77.4542
51143,77.4542
51145,77.4542
51147,77.4542
51149,77.4542
51153,77.4542
51155,77.4542
51157,77.4542
51159,77.4542
51161,77.4542
51163,77.4542
51165,77.4542
51167,77.4542
51169,77.4542
51171,77.4542
51173,77.4542
51175,77.4542
51177,77.4542
51179,77.4542
51181,77.4542
51183,77.4542
51185,77.4542
51187,77.4542
51191,77.4542
51193,77.4542
51195,77.4542
51197,77.4542
51199,77.4542
51510,77.4542
51520,77.4542
51530,77.4542
51540,77.4542
51550,77.4542
51570,77.4542
51580,77.4542
51590,77.4542
51595,77.4542
51600,77.4542
51610,77.4542
51620,77.4542
51630,77.4542
51640,77.4542
51650,77.4542
51660,77.4542
51670,77.4542
51678,77.4542
51680,77.4542
51683,77.4542
51685,77.4542
51690,77.4542
51700,77.4542
51710,77.4542
51720,77.4542
51730,77.4542
51735,77.4542
51740,77.4542
51750,77.4542
51760,77.4542
51770,77.4542
51775,77.4542
51790,77.4542
51800,77.4542
51810,77.4542
51820,77.4542
51830,77.4542
51840,77.4542
53001,77.4542
53003,77.4542
53005,77.4542
53007,77.4542
53009,77.4542
53011,77.4542
53013,77.4542
53015,77.4542
53017,77.4542
53019,77.4542
53021,77.4542
53023,77.4542
53025,77.4542
53027,77.4542
53029,77.4542
53031,77.4542
53033,77.4542
53035,77.4542
53037,77.4542
53039,77.4542
53041,77.4542
53043,77.4542
53045,77.4542
53047,77.4542
53049,77.4542
53051,77.4542
53053,77.4542
53055,77.4542
53057,77.4542
53059,77.4542
53061,77.4542
53063,77.4542
53065,77.4542
53067,77.4542
53069,77.4542
53071,77.4542
53073,77.4542
53075,77.4542
53077,77.4542
54001,77.4542
54003,77.4542
54005,77.4542
54007,77.4542
54009,77.4542
54011,77.4542
54013,77.4542
54015,77.4542
54017,77.4542
54019,77.4542
54021,77.4542
54023,77.4542
54025,77.4542
54027,77.4542
54029,77.4542
54031,77.4542
54033,77.4542
54035,77.4542
54037,77.4542
54039,77.4542
54041,77.4542
54043,77.4542
54045,77.4542
54047,77.4542
54049,77.4542
54051,77.4542
54053,77.4542
54055,77.4542
54057,77.4542
54059,77.4542
54061,77.4542
54063,77.4542
54065,77.4542
54067,77.4542
54069,77.4542
54071,77.4542
54073,77.4542
54075,77.4542
54077,77.4542
54079,77.4542
54081,77.4542
54083,77.4542
54085,77.4542
54087,77.4542
54089,77.4542
54091,77.4542
54093,77.4542
54095,77.4542
54097,77.4542
54099,77.4542
54101,77.4542
54103,77.4542
54105,77.4542
54107,77.4542
54109,77.4542
55001,77.4542
55003,77.4542
55005,77.4542
55007,77.4542
55009,77.4542
55011,77.4542
55013,77.4542
55015,77.4542
55017,77.4542
55019,77.4542
55021,77.4542
55023,77.4542
55025,77.4542
55027,77.4542
55029,77.4542
55031,77.4542
55033,77.4542
55035,77.4542
55037,77.4542
55039,77.4542
55041,77.4542
55043,77.4542
55045,77.4542
55047,77.4542
55049,77.4542
55051,77.4542
55053,77.4542
55055,77.4542
55057,77.4542
55059,77.4542
55061,77.4542
55063,77.4542
55065,77.4542
55067,77.4542
55069,77.4542
55071,77.4542
55073,77.4542
55075,77.4542
55077,77.4542
55078,77.4542
55079,77.4542
55081,77.4542
55083,77.4542
55085,77.4542
55087,77.4542
55089,77.4542
55091,77.4542
55093,77.4542
55095,77.4542
55097,77.4542
55099,77.4542
55101,77.4542
55103,77.4542
55105,77.4542
55107,77.4542
55109,77.4542
55111,77.4542
55113,77.4542
55115,77.4542
55117,77.4542
55119,77.4542
55121,77.4542
55123,77.4542
55125,77.4542
55127,77.4542
55129,77.4542
55131,77.4542
55133,77.4542
55135,77.4542
55137,77.4542
55139,77.4542
55141,77.4542
56001,77.4542
56003,77.4542
56005,77.4542
56007,77.4542
56009,77.4542
56011,77.4542
56013,77.4542
56015,77.4542
56017,77.4542
56019,77.4542
56021,77.4542
56023,77.4542
56025,77.4542
56027,77.4542
56029,77.4542
56031,77.4542
56033,77.4542
56035,77.4542
56037,77.4542
56039,77.4542
56041,77.4542
56043,77.4542
56045,77.4542