fips,2013,2018,2023
01,32.95,42.37,54.22
01001,407.61,495.9,55.52
01003,407.61,495.9,55.52
01005,407.61,495.9,55.52
01007,407.61,495.9,55.52
01009,407.61,495.9,55.52
01011,407.61,495.9,55.52
01013,407.61,495.9,55.52
01015,407.61,495.9,55.52
01017,407.61,495.9,55.52
01019,407.61,495.9,55.52
01021,407.61,495.9,55.52
01023,407.61,495.9,55.52
01025,407.61,495.9,55.52
01027,407.61,495.9,55.52
01029,407.61,495.9,55.52
01031,407.61,495.9,55.52
01033,407.61,495.9,55.52
01035,407.61,495.9,55.52
01037,407.61,495.9,55.52
01039,407.61,495.9,55.52
01041,407.61,495.9,55.52
01043,407.61,495.9,55.52
01045,407.61,495.9,55.52
01047,407.61,495.9,55.52
01049,407.61,495.9,55.52
01051,407.61,495.9,55.52
01053,407.61,495.9,55.52
01055,407.61,495.9,55.52
01057,407.61,495.9,55.52
01059,407.61,495.9,55.52
01061,407.61,495.9,55.52
01063,407.61,495.9,55.52
01065,407.61,495.9,55.52
01067,407.61,495.9,55.52
01069,407.61,495.9,55.52
01071,407.61,495.9,55.52
01073,407.61,495.9,55.52
01075,407.61,495.9,55.52
01077,407.61,495.9,55.52
01079,407.61,495.9,55.52
01081,407.61,495.9,55.52
01083,407.61,495.9,55.52
01085,407.61,495.9,55.52
01087,407.61,495.9,55.52
01089,407.61,495.9,55.52
01091,407.61,495.9,55.52
01093,407.61,495.9,55.52
01095,407.61,495.9,55.52
01097,407.61,495.9,55.52
01099,407.61,495.9,55.52
01101,407.61,495.9,55.52
01103,407.61,495.9,55.52
01105,407.61,495.9,55.52
01107,407.61,495.9,55.52
01109,407.61,495.9,55.52
01111,407.61,495.9,55.52
01113,407.61,495.9,55.52
01115,407.61,495.9,55.52
01117,407.61,495.9,55.52
01119,407.61,495.9,55.52
01121,407.61,495.9,55.52
01123,407.61,495.9,55.52
01125,407.61,495.9,55.52
01127,407.61,495.9,55.52
01129,407.61,495.9,55.52
01131,407.61,495.9,55.52
01133,407.61,495.9,55.52
04001,29.43,30.18,37.57
04003,29.43,30.18,37.57
04005,29.43,30.18,37.57
04007,29.43,30.18,37.57
04009,29.43,30.18,37.57
04011,29.43,30.18,37.57
04012,29.43,30.18,37.57
04013,29.43,30.18,37.57
04015,29.43,30.18,37.57
04017,29.43,30.18,37.57
04019,29.43,30.18,37.57
04021,29.43,30.18,37.57
04023,29.43,30.18,37.57
04025,29.43,30.18,37.57
04027,29.43,30.18,37.57
05001,27.52,49.62,27.24
05003,27.52,49.62,27.24
05005,27.52,49.62,27.24
05007,27.52,49.62,27.24
05009,27.52,49.62,27.24
05011,27.52,49.62,27.24
05013,27.52,49.62,27.24
05015,27.52,49.62,27.24
05017,27.52,49.62,27.24
05019,27.52,49.62,27.24
05021,27.52,49.62,27.24
05023,27.52,49.62,27.24
05025,27.52,49.62,27.24
05027,27.52,49.62,27.24
05029,27.52,49.62,27.24
05031,27.52,49.62,27.24
05033,27.52,49.62,27.24
05035,27.52,49.62,27.24
05037,27.52,49.62,27.24
05039,27.52,49.62,27.24
05041,27.52,49.62,27.24
05043,27.52,49.62,27.24
05045,27.52,49.62,27.24
05047,27.52,49.62,27.24
05049,27.52,49.62,27.24
05051,27.52,49.62,27.24
05053,27.52,49.62,27.24
05055,27.52,49.62,27.24
05057,27.52,49.62,27.24
05059,27.52,49.62,27.24
05061,27.52,49.62,27.24
05063,27.52,49.62,27.24
05065,27.52,49.62,27.24
05067,27.52,49.62,27.24
05069,27.52,49.62,27.24
05071,27.52,49.62,27.24
05073,27.52,49.62,27.24
05075,27.52,49.62,27.24
05077,27.52,49.62,27.24
05079,27.52,49.62,27.24
05081,27.52,49.62,27.24
05083,27.52,49.62,27.24
05085,27.52,49.62,27.24
05087,27.52,49.62,27.24
05089,27.52,49.62,27.24
05091,27.52,49.62,27.24
05093,27.52,49.62,27.24
05095,27.52,49.62,27.24
05097,27.52,49.62,27.24
05099,27.52,49.62,27.24
05101,27.52,49.62,27.24
05103,27.52,49.62,27.24
05105,27.52,49.62,27.24
05107,27.52,49.62,27.24
05109,27.52,49.62,27.24
05111,27.52,49.62,27.24
05113,27.52,49.62,27.24
05115,27.52,49.62,27.24
05117,27.52,49.62,27.24
05119,27.52,49.62,27.24
05121,27.52,49.62,27.24
05123,27.52,49.62,27.24
05125,27.52,49.62,27.24
05127,27.52,49.62,27.24
05129,27.52,49.62,27.24
05131,27.52,49.62,27.24
05133,27.52,49.62,27.24
05135,27.52,49.62,27.24
05137,27.52,49.62,27.24
05139,27.52,49.62,27.24
05141,27.52,49.62,27.24
05143,27.52,49.62,27.24
05145,27.52,49.62,27.24
05147,27.52,49.62,27.24
05149,27.52,49.62,27.24
06001,45.59,67.97,71.98
06003,45.59,67.97,71.98
06005,45.59,67.97,71.98
06007,45.59,67.97,71.98
06009,45.59,67.97,71.98
06011,45.59,67.97,71.98
06013,45.59,67.97,71.98
06015,45.59,67.97,71.98
06017,45.59,67.97,71.98
06019,45.59,67.97,71.98
06021,45.59,67.97,71.98
06023,45.59,67.97,71.98
06025,45.59,67.97,71.98
06027,45.59,67.97,71.98
06029,45.59,67.97,71.98
06031,45.59,67.97,71.98
06033,45.59,67.97,71.98
06035,45.59,67.97,71.98
06037,45.59,67.97,71.98
06039,45.59,67.97,71.98
06041,45.59,67.97,71.98
06043,45.59,67.97,71.98
06045,45.59,67.97,71.98
06047,45.59,67.97,71.98
06049,45.59,67.97,71.98
06051,45.59,67.97,71.98
06053,45.59,67.97,71.98
06055,45.59,67.97,71.98
06057,45.59,67.97,71.98
06059,45.59,67.97,71.98
06061,45.59,67.97,71.98
06063,45.59,67.97,71.98
06065,45.59,67.97,71.98
06067,45.59,67.97,71.98
06069,45.59,67.97,71.98
06071,45.59,67.97,71.98
06073,45.59,67.97,71.98
06075,45.59,67.97,71.98
06077,45.59,67.97,71.98
06079,45.59,67.97,71.98
06081,45.59,67.97,71.98
06083,45.59,67.97,71.98
06085,45.59,67.97,71.98
06087,45.59,67.97,71.98
06089,45.59,67.97,71.98
06091,45.59,67.97,71.98
06093,45.59,67.97,71.98
06095,45.59,67.97,71.98
06097,45.59,67.97,71.98
06099,45.59,67.97,71.98
06101,45.59,67.97,71.98
06103,45.59,67.97,71.98
06105,45.59,67.97,71.98
06107,45.59,67.97,71.98
06109,45.59,67.97,71.98
06111,45.59,67.97,71.98
06113,45.59,67.97,71.98
06115,45.59,67.97,71.98
08001,16.96,14.19,24.12
08003,16.96,14.19,24.12
08005,16.96,14.19,24.12
08007,16.96,14.19,24.12
08009,16.96,14.19,24.12
08011,16.96,14.19,24.12
08013,16.96,14.19,24.12
08014,16.96,14.19,24.12
08015,16.96,14.19,24.12
08017,16.96,14.19,24.12
08019,16.96,14.19,24.12
08021,16.96,14.19,24.12
08023,16.96,14.19,24.12
08025,16.96,14.19,24.12
08027,16.96,14.19,24.12
08029,16.96,14.19,24.12
08031,16.96,14.19,24.12
08033,16.96,14.19,24.12
08035,16.96,14.19,24.12
08037,16.96,14.19,24.12
08039,16.96,14.19,24.12
08041,16.96,14.19,24.12
08043,16.96,14.19,24.12
08045,16.96,14.19,24.12
08047,16.96,14.19,24.12
08049,16.96,14.19,24.12
08051,16.96,14.19,24.12
08053,16.96,14.19,24.12
08055,16.96,14.19,24.12
08057,16.96,14.19,24.12
08059,16.96,14.19,24.12
08061,16.96,14.19,24.12
08063,16.96,14.19,24.12
08065,16.96,14.19,24.12
08067,16.96,14.19,24.12
08069,16.96,14.19,24.12
08071,16.96,14.19,24.12
08073,16.96,14.19,24.12
08075,16.96,14.19,24.12
08077,16.96,14.19,24.12
08079,16.96,14.19,24.12
08081,16.96,14.19,24.12
08083,16.96,14.19,24.12
08085,16.96,14.19,24.12
08087,16.96,14.19,24.12
08089,16.96,14.19,24.12
08091,16.96,14.19,24.12
08093,16.96,14.19,24.12
08095,16.96,14.19,24.12
08097,16.96,14.19,24.12
08099,16.96,14.19,24.12
08101,16.96,14.19,24.12
08103,16.96,14.19,24.12
08105,16.96,14.19,24.12
08107,16.96,14.19,24.12
08109,16.96,14.19,24.12
08111,16.96,14.19,24.12
08113,16.96,14.19,24.12
08115,16.96,14.19,24.12
08117,16.96,14.19,24.12
08119,16.96,14.19,24.12
08121,16.96,14.19,24.12
08123,16.96,14.19,24.12
08125,16.96,14.19,24.12
09001,155.41,,1204.09
09003,155.41,,1204.09
09005,155.41,,1204.09
09007,155.41,,1204.09
09009,155.41,,1204.09
09011,155.41,,1204.09
09013,155.41,,1204.09
09015,155.41,,1204.09
10001,200.0,42.37,54.22
10003,200.0,42.37,54.22
10005,200.0,42.37,54.22
11001,32.95,42.37,54.22
12001,64.72,124.12,42.15
12003,64.72,124.12,42.15
12005,64.72,124.12,42.15
12007,64.72,124.12,42.15
12009,64.72,124.12,42.15
12011,64.72,124.12,42.15
12013,64.72,124.12,42.15
12015,64.72,124.12,42.15
12017,64.72,124.12,42.15
12019,64.72,124.12,42.15
12021,64.72,124.12,42.15
12023,64.72,124.12,42.15
12027,64.72,124.12,42.15
12029,64.72,124.12,42.15
12031,64.72,124.12,42.15
12033,64.72,124.12,42.15
12035,64.72,124.12,42.15
12037,64.72,124.12,42.15
12039,64.72,124.12,42.15
12041,64.72,124.12,42.15
12043,64.72,124.12,42.15
12045,64.72,124.12,42.15
12047,64.72,124.12,42.15
12049,64.72,124.12,42.15
12051,64.72,124.12,42.15
12053,64.72,124.12,42.15
12055,64.72,124.12,42.15
12057,64.72,124.12,42.15
12059,64.72,124.12,42.15
12061,64.72,124.12,42.15
12063,64.72,124.12,42.15
12065,64.72,124.12,42.15
12067,64.72,124.12,42.15
12069,64.72,124.12,42.15
12071,64.72,124.12,42.15
12073,64.72,124.12,42.15
12075,64.72,124.12,42.15
12077,64.72,124.12,42.15
12079,64.72,124.12,42.15
12081,64.72,124.12,42.15
12083,64.72,124.12,42.15
12085,64.72,124.12,42.15
12086,64.72,124.12,42.15
12087,64.72,124.12,42.15
12089,64.72,124.12,42.15
12091,64.72,124.12,42.15
12093,64.72,124.12,42.15
12095,64.72,124.12,42.15
12097,64.72,124.12,42.15
12099,64.72,124.12,42.15
12101,64.72,124.12,42.15
12103,64.72,124.12,42.15
12105,64.72,124.12,42.15
12107,64.72,124.12,42.15
12109,64.72,124.12,42.15
12111,64.72,124.12,42.15
12113,64.72,124.12,42.15
12115,64.72,124.12,42.15
12117,64.72,124.12,42.15
12119,64.72,124.12,42.15
12121,64.72,124.12,42.15
12123,64.72,124.12,42.15
12125,64.72,124.12,42.15
12127,64.72,124.12,42.15
12129,64.72,124.12,42.15
12131,64.72,124.12,42.15
12133,64.72,124.12,42.15
13001,41.63,43.59,229.64
13003,41.63,43.59,229.64
13005,41.63,43.59,229.64
13007,41.63,43.59,229.64
13009,41.63,43.59,229.64
13011,41.63,43.59,229.64
13013,41.63,43.59,229.64
13015,41.63,43.59,229.64
13017,41.63,43.59,229.64
13019,41.63,43.59,229.64
13021,41.63,43.59,229.64
13023,41.63,43.59,229.64
13025,41.63,43.59,229.64
13027,41.63,43.59,229.64
13029,41.63,43.59,229.64
13031,41.63,43.59,229.64
13033,41.63,43.59,229.64
13035,41.63,43.59,229.64
13037,41.63,43.59,229.64
13039,41.63,43.59,229.64
13043,41.63,43.59,229.64
13045,41.63,43.59,229.64
13047,41.63,43.59,229.64
13049,41.63,43.59,229.64
13051,41.63,43.59,229.64
13053,41.63,43.59,229.64
13055,41.63,43.59,229.64
13057,41.63,43.59,229.64
13059,41.63,43.59,229.64
13061,41.63,43.59,229.64
13063,41.63,43.59,229.64
13065,41.63,43.59,229.64
13067,41.63,43.59,229.64
13069,41.63,43.59,229.64
13071,41.63,43.59,229.64
13073,41.63,43.59,229.64
13075,41.63,43.59,229.64
13077,41.63,43.59,229.64
13079,41.63,43.59,229.64
13081,41.63,43.59,229.64
13083,41.63,43.59,229.64
13085,41.63,43.59,229.64
13087,41.63,43.59,229.64
13089,41.63,43.59,229.64
13091,41.63,43.59,229.64
13093,41.63,43.59,229.64
13095,41.63,43.59,229.64
13097,41.63,43.59,229.64
13099,41.63,43.59,229.64
13101,41.63,43.59,229.64
13103,41.63,43.59,229.64
13105,41.63,43.59,229.64
13107,41.63,43.59,229.64
13109,41.63,43.59,229.64
13111,41.63,43.59,229.64
13113,41.63,43.59,229.64
13115,41.63,43.59,229.64
13117,41.63,43.59,229.64
13119,41.63,43.59,229.64
13121,41.63,43.59,229.64
13123,41.63,43.59,229.64
13125,41.63,43.59,229.64
13127,41.63,43.59,229.64
13129,41.63,43.59,229.64
13131,41.63,43.59,229.64
13133,41.63,43.59,229.64
13135,41.63,43.59,229.64
13137,41.63,43.59,229.64
13139,41.63,43.59,229.64
13141,41.63,43.59,229.64
13143,41.63,43.59,229.64
13145,41.63,43.59,229.64
13147,41.63,43.59,229.64
13149,41.63,43.59,229.64
13151,41.63,43.59,229.64
13153,41.63,43.59,229.64
13155,41.63,43.59,229.64
13157,41.63,43.59,229.64
13159,41.63,43.59,229.64
13161,41.63,43.59,229.64
13163,41.63,43.59,229.64
13165,41.63,43.59,229.64
13167,41.63,43.59,229.64
13169,41.63,43.59,229.64
13171,41.63,43.59,229.64
13173,41.63,43.59,229.64
13175,41.63,43.59,229.64
13177,41.63,43.59,229.64
13179,41.63,43.59,229.64
13181,41.63,43.59,229.64
13183,41.63,43.59,229.64
13185,41.63,43.59,229.64
13187,41.63,43.59,229.64
13189,41.63,43.59,229.64
13191,41.63,43.59,229.64
13193,41.63,43.59,229.64
13195,41.63,43.59,229.64
13197,41.63,43.59,229.64
13199,41.63,43.59,229.64
13201,41.63,43.59,229.64
13205,41.63,43.59,229.64
13207,41.63,43.59,229.64
13209,41.63,43.59,229.64
13211,41.63,43.59,229.64
13213,41.63,43.59,229.64
13215,41.63,43.59,229.64
13217,41.63,43.59,229.64
13219,41.63,43.59,229.64
13221,41.63,43.59,229.64
13223,41.63,43.59,229.64
13225,41.63,43.59,229.64
13227,41.63,43.59,229.64
13229,41.63,43.59,229.64
13231,41.63,43.59,229.64
13233,41.63,43.59,229.64
13235,41.63,43.59,229.64
13237,41.63,43.59,229.64
13239,41.63,43.59,229.64
13241,41.63,43.59,229.64
13243,41.63,43.59,229.64
13245,41.63,43.59,229.64
13247,41.63,43.59,229.64
13249,41.63,43.59,229.64
13251,41.63,43.59,229.64
13253,41.63,43.59,229.64
13255,41.63,43.59,229.64
13257,41.63,43.59,229.64
13259,41.63,43.59,229.64
13261,41.63,43.59,229.64
13263,41.63,43.59,229.64
13265,41.63,43.59,229.64
13267,41.63,43.59,229.64
13269,41.63,43.59,229.64
13271,41.63,43.59,229.64
13273,41.63,43.59,229.64
13275,41.63,43.59,229.64
13277,41.63,43.59,229.64
13279,41.63,43.59,229.64
13281,41.63,43.59,229.64
13283,41.63,43.59,229.64
13285,41.63,43.59,229.64
13287,41.63,43.59,229.64
13289,41.63,43.59,229.64
13291,41.63,43.59,229.64
13293,41.63,43.59,229.64
13295,41.63,43.59,229.64
13297,41.63,43.59,229.64
13299,41.63,43.59,229.64
13301,41.63,43.59,229.64
13303,41.63,43.59,229.64
13305,41.63,43.59,229.64
13307,41.63,43.59,229.64
13309,41.63,43.59,229.64
13311,41.63,43.59,229.64
13313,41.63,43.59,229.64
13315,41.63,43.59,229.64
13317,41.63,43.59,229.64
13319,41.63,43.59,229.64
13321,41.63,43.59,229.64
16001,17.65,16.78,23.35
16003,17.65,16.78,23.35
16005,17.65,16.78,23.35
16007,17.65,16.78,23.35
16009,17.65,16.78,23.35
16011,17.65,16.78,23.35
16013,17.65,16.78,23.35
16015,17.65,16.78,23.35
16017,17.65,16.78,23.35
16019,17.65,16.78,23.35
16021,17.65,16.78,23.35
16023,17.65,16.78,23.35
16025,17.65,16.78,23.35
16027,17.65,16.78,23.35
16029,17.65,16.78,23.35
16031,17.65,16.78,23.35
16033,17.65,16.78,23.35
16035,17.65,16.78,23.35
16037,17.65,16.78,23.35
16039,17.65,16.78,23.35
16041,17.65,16.78,23.35
16043,17.65,16.78,23.35
16045,17.65,16.78,23.35
16047,17.65,16.78,23.35
16049,17.65,16.78,23.35
16051,17.65,16.78,23.35
16053,17.65,16.78,23.35
16055,17.65,16.78,23.35
16057,17.65,16.78,23.35
16059,17.65,16.78,23.35
16061,17.65,16.78,23.35
16063,17.65,16.78,23.35
16065,17.65,16.78,23.35
16067,17.65,16.78,23.35
16069,17.65,16.78,23.35
16071,17.65,16.78,23.35
16073,17.65,16.78,23.35
16075,17.65,16.78,23.35
16077,17.65,16.78,23.35
16079,17.65,16.78,23.35
16081,17.65,16.78,23.35
16083,17.65,16.78,23.35
16085,17.65,16.78,23.35
16087,17.65,16.78,23.35
17001,115.85,42.31,383.62
17003,115.85,42.31,383.62
17005,115.85,42.31,383.62
17007,115.85,42.31,383.62
17009,115.85,42.31,383.62
17011,115.85,42.31,383.62
17013,115.85,42.31,383.62
17015,115.85,42.31,383.62
17017,115.85,42.31,383.62
17019,115.85,42.31,383.62
17021,115.85,42.31,383.62
17023,115.85,42.31,383.62
17025,115.85,42.31,383.62
17027,115.85,42.31,383.62
17029,115.85,42.31,383.62
17031,115.85,42.31,383.62
17033,115.85,42.31,383.62
17035,115.85,42.31,383.62
17037,115.85,42.31,383.62
17039,115.85,42.31,383.62
17041,115.85,42.31,383.62
17043,115.85,42.31,383.62
17045,115.85,42.31,383.62
17047,115.85,42.31,383.62
17049,115.85,42.31,383.62
17051,115.85,42.31,383.62
17053,115.85,42.31,383.62
17055,115.85,42.31,383.62
17057,115.85,42.31,383.62
17059,115.85,42.31,383.62
17061,115.85,42.31,383.62
17063,115.85,42.31,383.62
17065,115.85,42.31,383.62
17067,115.85,42.31,383.62
17069,115.85,42.31,383.62
17071,115.85,42.31,383.62
17073,115.85,42.31,383.62
17075,115.85,42.31,383.62
17077,115.85,42.31,383.62
17079,115.85,42.31,383.62
17081,115.85,42.31,383.62
17083,115.85,42.31,383.62
17085,115.85,42.31,383.62
17087,115.85,42.31,383.62
17089,115.85,42.31,383.62
17091,115.85,42.31,383.62
17093,115.85,42.31,383.62
17095,115.85,42.31,383.62
17097,115.85,42.31,383.62
17099,115.85,42.31,383.62
17101,115.85,42.31,383.62
17103,115.85,42.31,383.62
17105,115.85,42.31,383.62
17107,115.85,42.31,383.62
17109,115.85,42.31,383.62
17111,115.85,42.31,383.62
17113,115.85,42.31,383.62
17115,115.85,42.31,383.62
17117,115.85,42.31,383.62
17119,115.85,42.31,383.62
17121,115.85,42.31,383.62
17123,115.85,42.31,383.62
17125,115.85,42.31,383.62
17127,115.85,42.31,383.62
17129,115.85,42.31,383.62
17131,115.85,42.31,383.62
17133,115.85,42.31,383.62
17135,115.85,42.31,383.62
17137,115.85,42.31,383.62
17139,115.85,42.31,383.62
17141,115.85,42.31,383.62
17143,115.85,42.31,383.62
17145,115.85,42.31,383.62
17147,115.85,42.31,383.62
17149,115.85,42.31,383.62
17151,115.85,42.31,383.62
17153,115.85,42.31,383.62
17155,115.85,42.31,383.62
17157,115.85,42.31,383.62
17159,115.85,42.31,383.62
17161,115.85,42.31,383.62
17163,115.85,42.31,383.62
17165,115.85,42.31,383.62
17167,115.85,42.31,383.62
17169,115.85,42.31,383.62
17171,115.85,42.31,383.62
17173,115.85,42.31,383.62
17175,115.85,42.31,383.62
17177,115.85,42.31,383.62
17179,115.85,42.31,383.62
17181,115.85,42.31,383.62
17183,115.85,42.31,383.62
17185,115.85,42.31,383.62
17187,115.85,42.31,383.62
17189,115.85,42.31,383.62
17191,115.85,42.31,383.62
17193,115.85,42.31,383.62
17195,115.85,42.31,383.62
17197,115.85,42.31,383.62
17199,115.85,42.31,383.62
17201,115.85,42.31,383.62
17203,115.85,42.31,383.62
18001,107.57,150.0,324.74
18003,107.57,150.0,324.74
18005,107.57,150.0,324.74
18007,107.57,150.0,324.74
18009,107.57,150.0,324.74
18011,107.57,150.0,324.74
18013,107.57,150.0,324.74
18015,107.57,150.0,324.74
18017,107.57,150.0,324.74
18019,107.57,150.0,324.74
18021,107.57,150.0,324.74
18023,107.57,150.0,324.74
18025,107.57,150.0,324.74
18027,107.57,150.0,324.74
18029,107.57,150.0,324.74
18031,107.57,150.0,324.74
18033,107.57,150.0,324.74
18035,107.57,150.0,324.74
18037,107.57,150.0,324.74
18039,107.57,150.0,324.74
18041,107.57,150.0,324.74
18043,107.57,150.0,324.74
18045,107.57,150.0,324.74
18047,107.57,150.0,324.74
18049,107.57,150.0,324.74
18051,107.57,150.0,324.74
18053,107.57,150.0,324.74
18055,107.57,150.0,324.74
18057,107.57,150.0,324.74
18059,107.57,150.0,324.74
18061,107.57,150.0,324.74
18063,107.57,150.0,324.74
18065,107.57,150.0,324.74
18067,107.57,150.0,324.74
18069,107.57,150.0,324.74
18071,107.57,150.0,324.74
18073,107.57,150.0,324.74
18075,107.57,150.0,324.74
18077,107.57,150.0,324.74
18079,107.57,150.0,324.74
18081,107.57,150.0,324.74
18083,107.57,150.0,324.74
18085,107.57,150.0,324.74
18087,107.57,150.0,324.74
18089,107.57,150.0,324.74
18091,107.57,150.0,324.74
18093,107.57,150.0,324.74
18095,107.57,150.0,324.74
18097,107.57,150.0,324.74
18099,107.57,150.0,324.74
18101,107.57,150.0,324.74
18103,107.57,150.0,324.74
18105,107.57,150.0,324.74
18107,107.57,150.0,324.74
18109,107.57,150.0,324.74
18111,107.57,150.0,324.74
18113,107.57,150.0,324.74
18115,107.57,150.0,324.74
18117,107.57,150.0,324.74
18119,107.57,150.0,324.74
18121,107.57,150.0,324.74
18123,107.57,150.0,324.74
18125,107.57,150.0,324.74
18127,107.57,150.0,324.74
18129,107.57,150.0,324.74
18131,107.57,150.0,324.74
18133,107.57,150.0,324.74
18135,107.57,150.0,324.74
18137,107.57,150.0,324.74
18139,107.57,150.0,324.74
18141,107.57,150.0,324.74
18143,107.57,150.0,324.74
18145,107.57,150.0,324.74
18147,107.57,150.0,324.74
18149,107.57,150.0,324.74
18151,107.57,150.0,324.74
18153,107.57,150.0,324.74
18155,107.57,150.0,324.74
18157,107.57,150.0,324.74
18159,107.57,150.0,324.74
18161,107.57,150.0,324.74
18163,107.57,150.0,324.74
18165,107.57,150.0,324.74
18167,107.57,150.0,324.74
18169,107.57,150.0,324.74
18171,107.57,150.0,324.74
18173,107.57,150.0,324.74
18175,107.57,150.0,324.74
18177,107.57,150.0,324.74
18179,107.57,150.0,324.74
18181,107.57,150.0,324.74
18183,107.57,150.0,324.74
19001,78.76,62.31,1229.0
19003,78.76,62.31,1229.0
19005,78.76,62.31,1229.0
19007,78.76,62.31,1229.0
19009,78.76,62.31,1229.0
19011,78.76,62.31,1229.0
19013,78.76,62.31,1229.0
19015,78.76,62.31,1229.0
19017,78.76,62.31,1229.0
19019,78.76,62.31,1229.0
19021,78.76,62.31,1229.0
19023,78.76,62.31,1229.0
19025,78.76,62.31,1229.0
19027,78.76,62.31,1229.0
19029,78.76,62.31,1229.0
19031,78.76,62.31,1229.0
19033,78.76,62.31,1229.0
19035,78.76,62.31,1229.0
19037,78.76,62.31,1229.0
19039,78.76,62.31,1229.0
19041,78.76,62.31,1229.0
19043,78.76,62.31,1229.0
19045,78.76,62.31,1229.0
19047,78.76,62.31,1229.0
19049,78.76,62.31,1229.0
19051,78.76,62.31,1229.0
19053,78.76,62.31,1229.0
19055,78.76,62.31,1229.0
19057,78.76,62.31,1229.0
19059,78.76,62.31,1229.0
19061,78.76,62.31,1229.0
19063,78.76,62.31,1229.0
19065,78.76,62.31,1229.0
19067,78.76,62.31,1229.0
19069,78.76,62.31,1229.0
19071,78.76,62.31,1229.0
19073,78.76,62.31,1229.0
19075,78.76,62.31,1229.0
19077,78.76,62.31,1229.0
19079,78.76,62.31,1229.0
19081,78.76,62.31,1229.0
19083,78.76,62.31,1229.0
19085,78.76,62.31,1229.0
19087,78.76,62.31,1229.0
19089,78.76,62.31,1229.0
19091,78.76,62.31,1229.0
19093,78.76,62.31,1229.0
19095,78.76,62.31,1229.0
19097,78.76,62.31,1229.0
19099,78.76,62.31,1229.0
19101,78.76,62.31,1229.0
19103,78.76,62.31,1229.0
19105,78.76,62.31,1229.0
19107,78.76,62.31,1229.0
19109,78.76,62.31,1229.0
19111,78.76,62.31,1229.0
19113,78.76,62.31,1229.0
19115,78.76,62.31,1229.0
19117,78.76,62.31,1229.0
19119,78.76,62.31,1229.0
19121,78.76,62.31,1229.0
19123,78.76,62.31,1229.0
19125,78.76,62.31,1229.0
19127,78.76,62.31,1229.0
19129,78.76,62.31,1229.0
19131,78.76,62.31,1229.0
19133,78.76,62.31,1229.0
19135,78.76,62.31,1229.0
19137,78.76,62.31,1229.0
19139,78.76,62.31,1229.0
19141,78.76,62.31,1229.0
19143,78.76,62.31,1229.0
19145,78.76,62.31,1229.0
19147,78.76,62.31,1229.0
19149,78.76,62.31,1229.0
19151,78.76,62.31,1229.0
19153,78.76,62.31,1229.0
19155,78.76,62.31,1229.0
19157,78.76,62.31,1229.0
19159,78.76,62.31,1229.0
19161,78.76,62.31,1229.0
19163,78.76,62.31,1229.0
19165,78.76,62.31,1229.0
19167,78.76,62.31,1229.0
19169,78.76,62.31,1229.0
19171,78.76,62.31,1229.0
19173,78.76,62.31,1229.0
19175,78.76,62.31,1229.0
19177,78.76,62.31,1229.0
19179,78.76,62.31,1229.0
19181,78.76,62.31,1229.0
19183,78.76,62.31,1229.0
19185,78.76,62.31,1229.0
19187,78.76,62.31,1229.0
19189,78.76,62.31,1229.0
19191,78.76,62.31,1229.0
19193,78.76,62.31,1229.0
19195,78.76,62.31,1229.0
19197,78.76,62.31,1229.0
20001,47.16,41.55,35.65
20003,47.16,41.55,35.65
20005,47.16,41.55,35.65
20007,47.16,41.55,35.65
20009,47.16,41.55,35.65
20011,47.16,41.55,35.65
20013,47.16,41.55,35.65
20015,47.16,41.55,35.65
20017,47.16,41.55,35.65
20019,47.16,41.55,35.65
20021,47.16,41.55,35.65
20023,47.16,41.55,35.65
20025,47.16,41.55,35.65
20027,47.16,41.55,35.65
20029,47.16,41.55,35.65
20031,47.16,41.55,35.65
20033,47.16,41.55,35.65
20035,47.16,41.55,35.65
20037,47.16,41.55,35.65
20039,47.16,41.55,35.65
20041,47.16,41.55,35.65
20043,47.16,41.55,35.65
20045,47.16,41.55,35.65
20047,47.16,41.55,35.65
20049,47.16,41.55,35.65
20051,47.16,41.55,35.65
20053,47.16,41.55,35.65
20055,47.16,41.55,35.65
20057,47.16,41.55,35.65
20059,47.16,41.55,35.65
20061,47.16,41.55,35.65
20063,47.16,41.55,35.65
20065,47.16,41.55,35.65
20067,47.16,41.55,35.65
20069,47.16,41.55,35.65
20071,47.16,41.55,35.65
20073,47.16,41.55,35.65
20075,47.16,41.55,35.65
20077,47.16,41.55,35.65
20079,47.16,41.55,35.65
20081,47.16,41.55,35.65
20083,47.16,41.55,35.65
20085,47.16,41.55,35.65
20087,47.16,41.55,35.65
20089,47.16,41.55,35.65
20091,47.16,41.55,35.65
20093,47.16,41.55,35.65
20095,47.16,41.55,35.65
20097,47.16,41.55,35.65
20099,47.16,41.55,35.65
20101,47.16,41.55,35.65
20103,47.16,41.55,35.65
20105,47.16,41.55,35.65
20107,47.16,41.55,35.65
20109,47.16,41.55,35.65
20111,47.16,41.55,35.65
20113,47.16,41.55,35.65
20115,47.16,41.55,35.65
20117,47.16,41.55,35.65
20119,47.16,41.55,35.65
20121,47.16,41.55,35.65
20123,47.16,41.55,35.65
20125,47.16,41.55,35.65
20127,47.16,41.55,35.65
20129,47.16,41.55,35.65
20131,47.16,41.55,35.65
20133,47.16,41.55,35.65
20135,47.16,41.55,35.65
20137,47.16,41.55,35.65
20139,47.16,41.55,35.65
20141,47.16,41.55,35.65
20143,47.16,41.55,35.65
20145,47.16,41.55,35.65
20147,47.16,41.55,35.65
20149,47.16,41.55,35.65
20151,47.16,41.55,35.65
20153,47.16,41.55,35.65
20155,47.16,41.55,35.65
20157,47.16,41.55,35.65
20159,47.16,41.55,35.65
20161,47.16,41.55,35.65
20163,47.16,41.55,35.65
20165,47.16,41.55,35.65
20167,47.16,41.55,35.65
20169,47.16,41.55,35.65
20171,47.16,41.55,35.65
20173,47.16,41.55,35.65
20175,47.16,41.55,35.65
20177,47.16,41.55,35.65
20179,47.16,41.55,35.65
20181,47.16,41.55,35.65
20183,47.16,41.55,35.65
20185,47.16,41.55,35.65
20187,47.16,41.55,35.65
20189,47.16,41.55,35.65
20191,47.16,41.55,35.65
20193,47.16,41.55,35.65
20195,47.16,41.55,35.65
20197,47.16,41.55,35.65
20199,47.16,41.55,35.65
20201,47.16,41.55,35.65
20203,47.16,41.55,35.65
20205,47.16,41.55,35.65
20207,47.16,41.55,35.65
20209,47.16,41.55,35.65
21001,1258.07,2186.57,177.22
21003,1258.07,2186.57,177.22
21005,1258.07,2186.57,177.22
21007,1258.07,2186.57,177.22
21009,1258.07,2186.57,177.22
21011,1258.07,2186.57,177.22
21013,1258.07,2186.57,177.22
21015,1258.07,2186.57,177.22
21017,1258.07,2186.57,177.22
21019,1258.07,2186.57,177.22
21021,1258.07,2186.57,177.22
21023,1258.07,2186.57,177.22
21025,1258.07,2186.57,177.22
21027,1258.07,2186.57,177.22
21029,1258.07,2186.57,177.22
21031,1258.07,2186.57,177.22
21033,1258.07,2186.57,177.22
21035,1258.07,2186.57,177.22
21037,1258.07,2186.57,177.22
21039,1258.07,2186.57,177.22
21041,1258.07,2186.57,177.22
21043,1258.07,2186.57,177.22
21045,1258.07,2186.57,177.22
21047,1258.07,2186.57,177.22
21049,1258.07,2186.57,177.22
21051,1258.07,2186.57,177.22
21053,1258.07,2186.57,177.22
21055,1258.07,2186.57,177.22
21057,1258.07,2186.57,177.22
21059,1258.07,2186.57,177.22
21061,1258.07,2186.57,177.22
21063,1258.07,2186.57,177.22
21065,1258.07,2186.57,177.22
21067,1258.07,2186.57,177.22
21069,1258.07,2186.57,177.22
21071,1258.07,2186.57,177.22
21073,1258.07,2186.57,177.22
21075,1258.07,2186.57,177.22
21077,1258.07,2186.57,177.22
21079,1258.07,2186.57,177.22
21081,1258.07,2186.57,177.22
21083,1258.07,2186.57,177.22
21085,1258.07,2186.57,177.22
21087,1258.07,2186.57,177.22
21089,1258.07,2186.57,177.22
21091,1258.07,2186.57,177.22
21093,1258.07,2186.57,177.22
21095,1258.07,2186.57,177.22
21097,1258.07,2186.57,177.22
21099,1258.07,2186.57,177.22
21101,1258.07,2186.57,177.22
21103,1258.07,2186.57,177.22
21105,1258.07,2186.57,177.22
21107,1258.07,2186.57,177.22
21109,1258.07,2186.57,177.22
21111,1258.07,2186.57,177.22
21113,1258.07,2186.57,177.22
21115,1258.07,2186.57,177.22
21117,1258.07,2186.57,177.22
21119,1258.07,2186.57,177.22
21121,1258.07,2186.57,177.22
21123,1258.07,2186.57,177.22
21125,1258.07,2186.57,177.22
21127,1258.07,2186.57,177.22
21129,1258.07,2186.57,177.22
21131,1258.07,2186.57,177.22
21133,1258.07,2186.57,177.22
21135,1258.07,2186.57,177.22
21137,1258.07,2186.57,177.22
21139,1258.07,2186.57,177.22
21141,1258.07,2186.57,177.22
21143,1258.07,2186.57,177.22
21145,1258.07,2186.57,177.22
21147,1258.07,2186.57,177.22
21149,1258.07,2186.57,177.22
21151,1258.07,2186.57,177.22
21153,1258.07,2186.57,177.22
21155,1258.07,2186.57,177.22
21157,1258.07,2186.57,177.22
21159,1258.07,2186.57,177.22
21161,1258.07,2186.57,177.22
21163,1258.07,2186.57,177.22
21165,1258.07,2186.57,177.22
21167,1258.07,2186.57,177.22
21169,1258.07,2186.57,177.22
21171,1258.07,2186.57,177.22
21173,1258.07,2186.57,177.22
21175,1258.07,2186.57,177.22
21177,1258.07,2186.57,177.22
21179,1258.07,2186.57,177.22
21181,1258.07,2186.57,177.22
21183,1258.07,2186.57,177.22
21185,1258.07,2186.57,177.22
21187,1258.07,2186.57,177.22
21189,1258.07,2186.57,177.22
21191,1258.07,2186.57,177.22
21193,1258.07,2186.57,177.22
21195,1258.07,2186.57,177.22
21197,1258.07,2186.57,177.22
21199,1258.07,2186.57,177.22
21201,1258.07,2186.57,177.22
21203,1258.07,2186.57,177.22
21205,1258.07,2186.57,177.22
21207,1258.07,2186.57,177.22
21209,1258.07,2186.57,177.22
21211,1258.07,2186.57,177.22
21213,1258.07,2186.57,177.22
21215,1258.07,2186.57,177.22
21217,1258.07,2186.57,177.22
21219,1258.07,2186.57,177.22
21221,1258.07,2186.57,177.22
21223,1258.07,2186.57,177.22
21225,1258.07,2186.57,177.22
21227,1258.07,2186.57,177.22
21229,1258.07,2186.57,177.22
21231,1258.07,2186.57,177.22
21233,1258.07,2186.57,177.22
21235,1258.07,2186.57,177.22
21237,1258.07,2186.57,177.22
21239,1258.07,2186.57,177.22
22001,70.53,254.17,882.55
22003,70.53,254.17,882.55
22005,70.53,254.17,882.55
22007,70.53,254.17,882.55
22009,70.53,254.17,882.55
22011,70.53,254.17,882.55
22013,70.53,254.17,882.55
22015,70.53,254.17,882.55
22017,70.53,254.17,882.55
22019,70.53,254.17,882.55
22021,70.53,254.17,882.55
22023,70.53,254.17,882.55
22025,70.53,254.17,882.55
22027,70.53,254.17,882.55
22029,70.53,254.17,882.55
22031,70.53,254.17,882.55
22033,70.53,254.17,882.55
22035,70.53,254.17,882.55
22037,70.53,254.17,882.55
22039,70.53,254.17,882.55
22041,70.53,254.17,882.55
22043,70.53,254.17,882.55
22045,70.53,254.17,882.55
22047,70.53,254.17,882.55
22049,70.53,254.17,882.55
22051,70.53,254.17,882.55
22053,70.53,254.17,882.55
22055,70.53,254.17,882.55
22057,70.53,254.17,882.55
22059,70.53,254.17,882.55
22061,70.53,254.17,882.55
22063,70.53,254.17,882.55
22065,70.53,254.17,882.55
22067,70.53,254.17,882.55
22069,70.53,254.17,882.55
22071,70.53,254.17,882.55
22073,70.53,254.17,882.55
22075,70.53,254.17,882.55
22077,70.53,254.17,882.55
22079,70.53,254.17,882.55
22081,70.53,254.17,882.55
22083,70.53,254.17,882.55
22085,70.53,254.17,882.55
22087,70.53,254.17,882.55
22089,70.53,254.17,882.55
22091,70.53,254.17,882.55
22093,70.53,254.17,882.55
22095,70.53,254.17,882.55
22097,70.53,254.17,882.55
22099,70.53,254.17,882.55
22101,70.53,254.17,882.55
22103,70.53,254.17,882.55
22105,70.53,254.17,882.55
22107,70.53,254.17,882.55
22109,70.53,254.17,882.55
22111,70.53,254.17,882.55
22113,70.53,254.17,882.55
22115,70.53,254.17,882.55
22117,70.53,254.17,882.55
22119,70.53,254.17,882.55
22121,70.53,254.17,882.55
22123,70.53,254.17,882.55
22125,70.53,254.17,882.55
22127,70.53,254.17,882.55
23001,32.95,2486.17,605.0
23003,32.95,2486.17,605.0
23005,32.95,2486.17,605.0
23007,32.95,2486.17,605.0
23009,32.95,2486.17,605.0
23011,32.95,2486.17,605.0
23013,32.95,2486.17,605.0
23015,32.95,2486.17,605.0
23017,32.95,2486.17,605.0
23019,32.95,2486.17,605.0
23021,32.95,2486.17,605.0
23023,32.95,2486.17,605.0
23025,32.95,2486.17,605.0
23027,32.95,2486.17,605.0
23029,32.95,2486.17,605.0
23031,32.95,2486.17,605.0
24001,566.47,279.4,905.0
24003,566.47,279.4,905.0
24005,566.47,279.4,905.0
24009,566.47,279.4,905.0
24011,566.47,279.4,905.0
24013,566.47,279.4,905.0
24015,566.47,279.4,905.0
24017,566.47,279.4,905.0
24019,566.47,279.4,905.0
24021,566.47,279.4,905.0
24023,566.47,279.4,905.0
24025,566.47,279.4,905.0
24027,566.47,279.4,905.0
24029,566.47,279.4,905.0
24031,566.47,279.4,905.0
24033,566.47,279.4,905.0
24035,566.47,279.4,905.0
24037,566.47,279.4,905.0
24039,566.47,279.4,905.0
24041,566.47,279.4,905.0
24043,566.47,279.4,905.0
24045,566.47,279.4,905.0
24047,566.47,279.4,905.0
24510,566.47,279.4,905.0
25001,435.19,432.72,353.21
25003,435.19,432.72,353.21
25005,435.19,432.72,353.21
25007,435.19,432.72,353.21
25009,435.19,432.72,353.21
25011,435.19,432.72,353.21
25013,435.19,432.72,353.21
25015,435.19,432.72,353.21
25017,435.19,432.72,353.21
25019,435.19,432.72,353.21
25021,435.19,432.72,353.21
25023,435.19,432.72,353.21
25025,435.19,432.72,353.21
25027,435.19,432.72,353.21
26001,198.2,42.37,2301.05
26003,198.2,42.37,2301.05
26005,198.2,42.37,2301.05
26007,198.2,42.37,2301.05
26009,198.2,42.37,2301.05
26011,198.2,42.37,2301.05
26013,198.2,42.37,2301.05
26015,198.2,42.37,2301.05
26017,198.2,42.37,2301.05
26019,198.2,42.37,2301.05
26021,198.2,42.37,2301.05
26023,198.2,42.37,2301.05
26025,198.2,42.37,2301.05
26027,198.2,42.37,2301.05
26029,198.2,42.37,2301.05
26031,198.2,42.37,2301.05
26033,198.2,42.37,2301.05
26035,198.2,42.37,2301.05
26037,198.2,42.37,2301.05
26039,198.2,42.37,2301.05
26041,198.2,42.37,2301.05
26043,198.2,42.37,2301.05
26045,198.2,42.37,2301.05
26047,198.2,42.37,2301.05
26049,198.2,42.37,2301.05
26051,198.2,42.37,2301.05
26053,198.2,42.37,2301.05
26055,198.2,42.37,2301.05
26057,198.2,42.37,2301.05
26059,198.2,42.37,2301.05
26061,198.2,42.37,2301.05
26063,198.2,42.37,2301.05
26065,198.2,42.37,2301.05
26067,198.2,42.37,2301.05
26069,198.2,42.37,2301.05
26071,198.2,42.37,2301.05
26073,198.2,42.37,2301.05
26075,198.2,42.37,2301.05
26077,198.2,42.37,2301.05
26079,198.2,42.37,2301.05
26081,198.2,42.37,2301.05
26083,198.2,42.37,2301.05
26085,198.2,42.37,2301.05
26087,198.2,42.37,2301.05
26089,198.2,42.37,2301.05
26091,198.2,42.37,2301.05
26093,198.2,42.37,2301.05
26095,198.2,42.37,2301.05
26097,198.2,42.37,2301.05
26099,198.2,42.37,2301.05
26101,198.2,42.37,2301.05
26103,198.2,42.37,2301.05
26105,198.2,42.37,2301.05
26107,198.2,42.37,2301.05
26109,198.2,42.37,2301.05
26111,198.2,42.37,2301.05
26113,198.2,42.37,2301.05
26115,198.2,42.37,2301.05
26117,198.2,42.37,2301.05
26119,198.2,42.37,2301.05
26121,198.2,42.37,2301.05
26123,198.2,42.37,2301.05
26125,198.2,42.37,2301.05
26127,198.2,42.37,2301.05
26129,198.2,42.37,2301.05
26131,198.2,42.37,2301.05
26133,198.2,42.37,2301.05
26135,198.2,42.37,2301.05
26137,198.2,42.37,2301.05
26139,198.2,42.37,2301.05
26141,198.2,42.37,2301.05
26143,198.2,42.37,2301.05
26145,198.2,42.37,2301.05
26147,198.2,42.37,2301.05
26149,198.2,42.37,2301.05
26151,198.2,42.37,2301.05
26153,198.2,42.37,2301.05
26155,198.2,42.37,2301.05
26157,198.2,42.37,2301.05
26159,198.2,42.37,2301.05
26161,198.2,42.37,2301.05
26163,198.2,42.37,2301.05
26165,198.2,42.37,2301.05
27001,9.83,836.1,936.69
27003,9.83,836.1,936.69
27005,9.83,836.1,936.69
27007,9.83,836.1,936.69
27009,9.83,836.1,936.69
27011,9.83,836.1,936.69
27013,9.83,836.1,936.69
27015,9.83,836.1,936.69
27017,9.83,836.1,936.69
27019,9.83,836.1,936.69
27021,9.83,836.1,936.69
27023,9.83,836.1,936.69
27025,9.83,836.1,936.69
27027,9.83,836.1,936.69
27029,9.83,836.1,936.69
27031,9.83,836.1,936.69
27033,9.83,836.1,936.69
27035,9.83,836.1,936.69
27037,9.83,836.1,936.69
27039,9.83,836.1,936.69
27041,9.83,836.1,936.69
27043,9.83,836.1,936.69
27045,9.83,836.1,936.69
27047,9.83,836.1,936.69
27049,9.83,836.1,936.69
27051,9.83,836.1,936.69
27053,9.83,836.1,936.69
27055,9.83,836.1,936.69
27057,9.83,836.1,936.69
27059,9.83,836.1,936.69
27061,9.83,836.1,936.69
27063,9.83,836.1,936.69
27065,9.83,836.1,936.69
27067,9.83,836.1,936.69
27069,9.83,836.1,936.69
27071,9.83,836.1,936.69
27073,9.83,836.1,936.69
27075,9.83,836.1,936.69
27077,9.83,836.1,936.69
27079,9.83,836.1,936.69
27081,9.83,836.1,936.69
27083,9.83,836.1,936.69
27085,9.83,836.1,936.69
27087,9.83,836.1,936.69
27089,9.83,836.1,936.69
27091,9.83,836.1,936.69
27093,9.83,836.1,936.69
27095,9.83,836.1,936.69
27097,9.83,836.1,936.69
27099,9.83,836.1,936.69
27101,9.83,836.1,936.69
27103,9.83,836.1,936.69
27105,9.83,836.1,936.69
27107,9.83,836.1,936.69
27109,9.83,836.1,936.69
27111,9.83,836.1,936.69
27113,9.83,836.1,936.69
27115,9.83,836.1,936.69
27117,9.83,836.1,936.69
27119,9.83,836.1,936.69
27121,9.83,836.1,936.69
27123,9.83,836.1,936.69
27125,9.83,836.1,936.69
27127,9.83,836.1,936.69
27129,9.83,836.1,936.69
27131,9.83,836.1,936.69
27133,9.83,836.1,936.69
27135,9.83,836.1,936.69
27137,9.83,836.1,936.69
27139,9.83,836.1,936.69
27141,9.83,836.1,936.69
27143,9.83,836.1,936.69
27145,9.83,836.1,936.69
27147,9.83,836.1,936.69
27149,9.83,836.1,936.69
27151,9.83,836.1,936.69
27153,9.83,836.1,936.69
27155,9.83,836.1,936.69
27157,9.83,836.1,936.69
27159,9.83,836.1,936.69
27161,9.83,836.1,936.69
27163,9.83,836.1,936.69
27165,9.83,836.1,936.69
27167,9.83,836.1,936.69
27169,9.83,836.1,936.69
27171,9.83,836.1,936.69
27173,9.83,836.1,936.69
28001,58.35,135.51,173.45
28003,58.35,135.51,173.45
28005,58.35,135.51,173.45
28007,58.35,135.51,173.45
28009,58.35,135.51,173.45
28011,58.35,135.51,173.45
28013,58.35,135.51,173.45
28015,58.35,135.51,173.45
28017,58.35,135.51,173.45
28019,58.35,135.51,173.45
28021,58.35,135.51,173.45
28023,58.35,135.51,173.45
28025,58.35,135.51,173.45
28027,58.35,135.51,173.45
28029,58.35,135.51,173.45
28031,58.35,135.51,173.45
28033,58.35,135.51,173.45
28035,58.35,135.51,173.45
28037,58.35,135.51,173.45
28039,58.35,135.51,173.45
28041,58.35,135.51,173.45
28043,58.35,135.51,173.45
28045,58.35,135.51,173.45
28047,58.35,135.51,173.45
28049,58.35,135.51,173.45
28051,58.35,135.51,173.45
28053,58.35,135.51,173.45
28055,58.35,135.51,173.45
28057,58.35,135.51,173.45
28059,58.35,135.51,173.45
28061,58.35,135.51,173.45
28063,58.35,135.51,173.45
28065,58.35,135.51,173.45
28067,58.35,135.51,173.45
28069,58.35,135.51,173.45
28071,58.35,135.51,173.45
28073,58.35,135.51,173.45
28075,58.35,135.51,173.45
28077,58.35,135.51,173.45
28079,58.35,135.51,173.45
28081,58.35,135.51,173.45
28083,58.35,135.51,173.45
28085,58.35,135.51,173.45
28087,58.35,135.51,173.45
28089,58.35,135.51,173.45
28091,58.35,135.51,173.45
28093,58.35,135.51,173.45
28095,58.35,135.51,173.45
28097,58.35,135.51,173.45
28099,58.35,135.51,173.45
28101,58.35,135.51,173.45
28103,58.35,135.51,173.45
28105,58.35,135.51,173.45
28107,58.35,135.51,173.45
28109,58.35,135.51,173.45
28111,58.35,135.51,173.45
28113,58.35,135.51,173.45
28115,58.35,135.51,173.45
28117,58.35,135.51,173.45
28119,58.35,135.51,173.45
28121,58.35,135.51,173.45
28123,58.35,135.51,173.45
28125,58.35,135.51,173.45
28127,58.35,135.51,173.45
28129,58.35,135.51,173.45
28131,58.35,135.51,173.45
28133,58.35,135.51,173.45
28135,58.35,135.51,173.45
28137,58.35,135.51,173.45
28139,58.35,135.51,173.45
28141,58.35,135.51,173.45
28143,58.35,135.51,173.45
28145,58.35,135.51,173.45
28147,58.35,135.51,173.45
28149,58.35,135.51,173.45
28151,58.35,135.51,173.45
28153,58.35,135.51,173.45
28155,58.35,135.51,173.45
28157,58.35,135.51,173.45
28159,58.35,135.51,173.45
28161,58.35,135.51,173.45
28163,58.35,135.51,173.45
29001,192.61,257.02,381.68
29003,192.61,257.02,381.68
29005,192.61,257.02,381.68
29007,192.61,257.02,381.68
29009,192.61,257.02,381.68
29011,192.61,257.02,381.68
29013,192.61,257.02,381.68
29015,192.61,257.02,381.68
29017,192.61,257.02,381.68
29019,192.61,257.02,381.68
29021,192.61,257.02,381.68
29023,192.61,257.02,381.68
29025,192.61,257.02,381.68
29027,192.61,257.02,381.68
29029,192.61,257.02,381.68
29031,192.61,257.02,381.68
29033,192.61,257.02,381.68
29035,192.61,257.02,381.68
29037,192.61,257.02,381.68
29039,192.61,257.02,381.68
29041,192.61,257.02,381.68
29043,192.61,257.02,381.68
29045,192.61,257.02,381.68
29047,192.61,257.02,381.68
29049,192.61,257.02,381.68
29051,192.61,257.02,381.68
29053,192.61,257.02,381.68
29055,192.61,257.02,381.68
29057,192.61,257.02,381.68
29059,192.61,257.02,381.68
29061,192.61,257.02,381.68
29063,192.61,257.02,381.68
29065,192.61,257.02,381.68
29067,192.61,257.02,381.68
29069,192.61,257.02,381.68
29071,192.61,257.02,381.68
29073,192.61,257.02,381.68
29075,192.61,257.02,381.68
29077,192.61,257.02,381.68
29079,192.61,257.02,381.68
29081,192.61,257.02,381.68
29083,192.61,257.02,381.68
29085,192.61,257.02,381.68
29087,192.61,257.02,381.68
29089,192.61,257.02,381.68
29091,192.61,257.02,381.68
29093,192.61,257.02,381.68
29095,192.61,257.02,381.68
29097,192.61,257.02,381.68
29099,192.61,257.02,381.68
29101,192.61,257.02,381.68
29103,192.61,257.02,381.68
29105,192.61,257.02,381.68
29107,192.61,257.02,381.68
29109,192.61,257.02,381.68
29111,192.61,257.02,381.68
29113,192.61,257.02,381.68
29115,192.61,257.02,381.68
29117,192.61,257.02,381.68
29119,192.61,257.02,381.68
29121,192.61,257.02,381.68
29123,192.61,257.02,381.68
29125,192.61,257.02,381.68
29127,192.61,257.02,381.68
29129,192.61,257.02,381.68
29131,192.61,257.02,381.68
29133,192.61,257.02,381.68
29135,192.61,257.02,381.68
29137,192.61,257.02,381.68
29139,192.61,257.02,381.68
29141,192.61,257.02,381.68
29143,192.61,257.02,381.68
29145,192.61,257.02,381.68
29147,192.61,257.02,381.68
29149,192.61,257.02,381.68
29151,192.61,257.02,381.68
29153,192.61,257.02,381.68
29155,192.61,257.02,381.68
29157,192.61,257.02,381.68
29159,192.61,257.02,381.68
29161,192.61,257.02,381.68
29163,192.61,257.02,381.68
29165,192.61,257.02,381.68
29167,192.61,257.02,381.68
29169,192.61,257.02,381.68
29171,192.61,257.02,381.68
29173,192.61,257.02,381.68
29175,192.61,257.02,381.68
29177,192.61,257.02,381.68
29179,192.61,257.02,381.68
29181,192.61,257.02,381.68
29183,192.61,257.02,381.68
29185,192.61,257.02,381.68
29186,192.61,257.02,381.68
29187,192.61,257.02,381.68
29189,192.61,257.02,381.68
29195,192.61,257.02,381.68
29197,192.61,257.02,381.68
29199,192.61,257.02,381.68
29201,192.61,257.02,381.68
29203,192.61,257.02,381.68
29205,192.61,257.02,381.68
29207,192.61,257.02,381.68
29209,192.61,257.02,381.68
29211,192.61,257.02,381.68
29213,192.61,257.02,381.68
29215,192.61,257.02,381.68
29217,192.61,257.02,381.68
29219,192.61,257.02,381.68
29221,192.61,257.02,381.68
29223,192.61,257.02,381.68
29225,192.61,257.02,381.68
29227,192.61,257.02,381.68
29229,192.61,257.02,381.68
29510,192.61,257.02,381.68
30001,10.98,14.81,17.9
30003,10.98,14.81,17.9
30005,10.98,14.81,17.9
30007,10.98,14.81,17.9
30009,10.98,14.81,17.9
30011,10.98,14.81,17.9
30013,10.98,14.81,17.9
30015,10.98,14.81,17.9
30017,10.98,14.81,17.9
30019,10.98,14.81,17.9
30021,10.98,14.81,17.9
30023,10.98,14.81,17.9
30025,10.98,14.81,17.9
30027,10.98,14.81,17.9
30029,10.98,14.81,17.9
30031,10.98,14.81,17.9
30033,10.98,14.81,17.9
30035,10.98,14.81,17.9
30037,10.98,14.81,17.9
30039,10.98,14.81,17.9
30041,10.98,14.81,17.9
30043,10.98,14.81,17.9
30045,10.98,14.81,17.9
30047,10.98,14.81,17.9
30049,10.98,14.81,17.9
30051,10.98,14.81,17.9
30053,10.98,14.81,17.9
30055,10.98,14.81,17.9
30057,10.98,14.81,17.9
30059,10.98,14.81,17.9
30061,10.98,14.81,17.9
30063,10.98,14.81,17.9
30065,10.98,14.81,17.9
30067,10.98,14.81,17.9
30069,10.98,14.81,17.9
30071,10.98,14.81,17.9
30073,10.98,14.81,17.9
30075,10.98,14.81,17.9
30077,10.98,14.81,17.9
30079,10.98,14.81,17.9
30081,10.98,14.81,17.9
30083,10.98,14.81,17.9
30085,10.98,14.81,17.9
30087,10.98,14.81,17.9
30089,10.98,14.81,17.9
30091,10.98,14.81,17.9
30093,10.98,14.81,17.9
30095,10.98,14.81,17.9
30097,10.98,14.81,17.9
30099,10.98,14.81,17.9
30101,10.98,14.81,17.9
30103,10.98,14.81,17.9
30105,10.98,14.81,17.9
30107,10.98,14.81,17.9
30109,10.98,14.81,17.9
30111,10.98,14.81,17.9
31001,42.19,32.96,72.03
31003,42.19,32.96,72.03
31005,42.19,32.96,72.03
31007,42.19,32.96,72.03
31009,42.19,32.96,72.03
31011,42.19,32.96,72.03
31013,42.19,32.96,72.03
31015,42.19,32.96,72.03
31017,42.19,32.96,72.03
31019,42.19,32.96,72.03
31021,42.19,32.96,72.03
31023,42.19,32.96,72.03
31025,42.19,32.96,72.03
31027,42.19,32.96,72.03
31029,42.19,32.96,72.03
31031,42.19,32.96,72.03
31033,42.19,32.96,72.03
31035,42.19,32.96,72.03
31037,42.19,32.96,72.03
31039,42.19,32.96,72.03
31041,42.19,32.96,72.03
31043,42.19,32.96,72.03
31045,42.19,32.96,72.03
31047,42.19,32.96,72.03
31049,42.19,32.96,72.03
31051,42.19,32.96,72.03
31053,42.19,32.96,72.03
31055,42.19,32.96,72.03
31057,42.19,32.96,72.03
31059,42.19,32.96,72.03
31061,42.19,32.96,72.03
31063,42.19,32.96,72.03
31065,42.19,32.96,72.03
31067,42.19,32.96,72.03
31069,42.19,32.96,72.03
31071,42.19,32.96,72.03
31073,42.19,32.96,72.03
31075,42.19,32.96,72.03
31077,42.19,32.96,72.03
31079,42.19,32.96,72.03
31081,42.19,32.96,72.03
31083,42.19,32.96,72.03
31085,42.19,32.96,72.03
31087,42.19,32.96,72.03
31089,42.19,32.96,72.03
31091,42.19,32.96,72.03
31093,42.19,32.96,72.03
31095,42.19,32.96,72.03
31097,42.19,32.96,72.03
31099,42.19,32.96,72.03
31101,42.19,32.96,72.03
31103,42.19,32.96,72.03
31105,42.19,32.96,72.03
31107,42.19,32.96,72.03
31109,42.19,32.96,72.03
31111,42.19,32.96,72.03
31113,42.19,32.96,72.03
31115,42.19,32.96,72.03
31117,42.19,32.96,72.03
31119,42.19,32.96,72.03
31121,42.19,32.96,72.03
31123,42.19,32.96,72.03
31125,42.19,32.96,72.03
31127,42.19,32.96,72.03
31129,42.19,32.96,72.03
31131,42.19,32.96,72.03
31133,42.19,32.96,72.03
31135,42.19,32.96,72.03
31137,42.19,32.96,72.03
31139,42.19,32.96,72.03
31141,42.19,32.96,72.03
31143,42.19,32.96,72.03
31145,42.19,32.96,72.03
31147,42.19,32.96,72.03
31149,42.19,32.96,72.03
31151,42.19,32.96,72.03
31153,42.19,32.96,72.03
31155,42.19,32.96,72.03
31157,42.19,32.96,72.03
31159,42.19,32.96,72.03
31161,42.19,32.96,72.03
31163,42.19,32.96,72.03
31165,42.19,32.96,72.03
31167,42.19,32.96,72.03
31169,42.19,32.96,72.03
31171,42.19,32.96,72.03
31173,42.19,32.96,72.03
31175,42.19,32.96,72.03
31177,42.19,32.96,72.03
31179,42.19,32.96,72.03
31181,42.19,32.96,72.03
31183,42.19,32.96,72.03
31185,42.19,32.96,72.03
32001,13.6,11.65,8.57
32003,13.6,11.65,8.57
32005,13.6,11.65,8.57
32007,13.6,11.65,8.57
32009,13.6,11.65,8.57
32011,13.6,11.65,8.57
32013,13.6,11.65,8.57
32015,13.6,11.65,8.57
32017,13.6,11.65,8.57
32019,13.6,11.65,8.57
32021,13.6,11.65,8.57
32023,13.6,11.65,8.57
32027,13.6,11.65,8.57
32029,13.6,11.65,8.57
32031,13.6,11.65,8.57
32033,13.6,11.65,8.57
32510,13.6,11.65,8.57
33001,204.17,,583.33
33003,204.17,,583.33
33005,204.17,,583.33
33007,204.17,,583.33
33009,204.17,,583.33
33011,204.17,,583.33
33013,204.17,,583.33
33015,204.17,,583.33
33017,204.17,,583.33
33019,204.17,,583.33
34001,226.33,632.43,132.67
34003,226.33,632.43,132.67
34005,226.33,632.43,132.67
34007,226.33,632.43,132.67
34009,226.33,632.43,132.67
34011,226.33,632.43,132.67
34013,226.33,632.43,132.67
34015,226.33,632.43,132.67
34017,226.33,632.43,132.67
34019,226.33,632.43,132.67
34021,226.33,632.43,132.67
34023,226.33,632.43,132.67
34025,226.33,632.43,132.67
34027,226.33,632.43,132.67
34029,226.33,632.43,132.67
34031,226.33,632.43,132.67
34033,226.33,632.43,132.67
34035,226.33,632.43,132.67
34037,226.33,632.43,132.67
34039,226.33,632.43,132.67
34041,226.33,632.43,132.67
35001,41.46,32.4,24.91
35003,41.46,32.4,24.91
35005,41.46,32.4,24.91
35006,41.46,32.4,24.91
35007,41.46,32.4,24.91
35009,41.46,32.4,24.91
35011,41.46,32.4,24.91
35013,41.46,32.4,24.91
35015,41.46,32.4,24.91
35017,41.46,32.4,24.91
35019,41.46,32.4,24.91
35021,41.46,32.4,24.91
35023,41.46,32.4,24.91
35025,41.46,32.4,24.91
35027,41.46,32.4,24.91
35028,41.46,32.4,24.91
35029,41.46,32.4,24.91
35031,41.46,32.4,24.91
35033,41.46,32.4,24.91
35035,41.46,32.4,24.91
35037,41.46,32.4,24.91
35039,41.46,32.4,24.91
35041,41.46,32.4,24.91
35043,41.46,32.4,24.91
35045,41.46,32.4,24.91
35047,41.46,32.4,24.91
35049,41.46,32.4,24.91
35051,41.46,32.4,24.91
35053,41.46,32.4,24.91
35055,41.46,32.4,24.91
35057,41.46,32.4,24.91
35059,41.46,32.4,24.91
35061,41.46,32.4,24.91
36001,406.72,164.95,581.13
36003,406.72,164.95,581.13
36005,406.72,164.95,581.13
36007,406.72,164.95,581.13
36009,406.72,164.95,581.13
36011,406.72,164.95,581.13
36013,406.72,164.95,581.13
36015,406.72,164.95,581.13
36017,406.72,164.95,581.13
36019,406.72,164.95,581.13
36021,406.72,164.95,581.13
36023,406.72,164.95,581.13
36025,406.72,164.95,581.13
36027,406.72,164.95,581.13
36029,406.72,164.95,581.13
36031,406.72,164.95,581.13
36033,406.72,164.95,581.13
36035,406.72,164.95,581.13
36037,406.72,164.95,581.13
36039,406.72,164.95,581.13
36041,406.72,164.95,581.13
36043,406.72,164.95,581.13
36045,406.72,164.95,581.13
36047,406.72,164.95,581.13
36049,406.72,164.95,581.13
36051,406.72,164.95,581.13
36053,406.72,164.95,581.13
36055,406.72,164.95,581.13
36057,406.72,164.95,581.13
36059,406.72,164.95,581.13
36061,406.72,164.95,581.13
36063,406.72,164.95,581.13
36065,406.72,164.95,581.13
36067,406.72,164.95,581.13
36069,406.72,164.95,581.13
36071,406.72,164.95,581.13
36073,406.72,164.95,581.13
36075,406.72,164.95,581.13
36077,406.72,164.95,581.13
36079,406.72,164.95,581.13
36081,406.72,164.95,581.13
36083,406.72,164.95,581.13
36085,406.72,164.95,581.13
36087,406.72,164.95,581.13
36089,406.72,164.95,581.13
36091,406.72,164.95,581.13
36093,406.72,164.95,581.13
36095,406.72,164.95,581.13
36097,406.72,164.95,581.13
36099,406.72,164.95,581.13
36101,406.72,164.95,581.13
36103,406.72,164.95,581.13
36105,406.72,164.95,581.13
36107,406.72,164.95,581.13
36109,406.72,164.95,581.13
36111,406.72,164.95,581.13
36113,406.72,164.95,581.13
36115,406.72,164.95,581.13
36117,406.72,164.95,581.13
36119,406.72,164.95,581.13
36121,406.72,164.95,581.13
36123,406.72,164.95,581.13
37001,63.7,756.67,277.98
37003,63.7,756.67,277.98
37005,63.7,756.67,277.98
37007,63.7,756.67,277.98
37009,63.7,756.67,277.98
37011,63.7,756.67,277.98
37013,63.7,756.67,277.98
37015,63.7,756.67,277.98
37017,63.7,756.67,277.98
37019,63.7,756.67,277.98
37021,63.7,756.67,277.98
37023,63.7,756.67,277.98
37025,63.7,756.67,277.98
37027,63.7,756.67,277.98
37029,63.7,756.67,277.98
37031,63.7,756.67,277.98
37033,63.7,756.67,277.98
37035,63.7,756.67,277.98
37037,63.7,756.67,277.98
37039,63.7,756.67,277.98
37041,63.7,756.67,277.98
37043,63.7,756.67,277.98
37045,63.7,756.67,277.98
37047,63.7,756.67,277.98
37049,63.7,756.67,277.98
37051,63.7,756.67,277.98
37053,63.7,756.67,277.98
37055,63.7,756.67,277.98
37057,63.7,756.67,277.98
37059,63.7,756.67,277.98
37061,63.7,756.67,277.98
37063,63.7,756.67,277.98
37065,63.7,756.67,277.98
37067,63.7,756.67,277.98
37069,63.7,756.67,277.98
37071,63.7,756.67,277.98
37073,63.7,756.67,277.98
37075,63.7,756.67,277.98
37077,63.7,756.67,277.98
37079,63.7,756.67,277.98
37081,63.7,756.67,277.98
37083,63.7,756.67,277.98
37085,63.7,756.67,277.98
37087,63.7,756.67,277.98
37089,63.7,756.67,277.98
37091,63.7,756.67,277.98
37093,63.7,756.67,277.98
37095,63.7,756.67,277.98
37097,63.7,756.67,277.98
37099,63.7,756.67,277.98
37101,63.7,756.67,277.98
37103,63.7,756.67,277.98
37105,63.7,756.67,277.98
37107,63.7,756.67,277.98
37109,63.7,756.67,277.98
37111,63.7,756.67,277.98
37113,63.7,756.67,277.98
37115,63.7,756.67,277.98
37117,63.7,756.67,277.98
37119,63.7,756.67,277.98
37121,63.7,756.67,277.98
37123,63.7,756.67,277.98
37125,63.7,756.67,277.98
37127,63.7,756.67,277.98
37129,63.7,756.67,277.98
37131,63.7,756.67,277.98
37133,63.7,756.67,277.98
37135,63.7,756.67,277.98
37137,63.7,756.67,277.98
37139,63.7,756.67,277.98
37141,63.7,756.67,277.98
37143,63.7,756.67,277.98
37145,63.7,756.67,277.98
37147,63.7,756.67,277.98
37149,63.7,756.67,277.98
37151,63.7,756.67,277.98
37153,63.7,756.67,277.98
37155,63.7,756.67,277.98
37157,63.7,756.67,277.98
37159,63.7,756.67,277.98
37161,63.7,756.67,277.98
37163,63.7,756.67,277.98
37165,63.7,756.67,277.98
37167,63.7,756.67,277.98
37169,63.7,756.67,277.98
37171,63.7,756.67,277.98
37173,63.7,756.67,277.98
37175,63.7,756.67,277.98
37177,63.7,756.67,277.98
37179,63.7,756.67,277.98
37181,63.7,756.67,277.98
37183,63.7,756.67,277.98
37185,63.7,756.67,277.98
37187,63.7,756.67,277.98
37189,63.7,756.67,277.98
37191,63.7,756.67,277.98
37193,63.7,756.67,277.98
37195,63.7,756.67,277.98
37197,63.7,756.67,277.98
37199,63.7,756.67,277.98
38001,38.85,50.81,58.74
38003,38.85,50.81,58.74
38005,38.85,50.81,58.74
38007,38.85,50.81,58.74
38009,38.85,50.81,58.74
38011,38.85,50.81,58.74
38013,38.85,50.81,58.74
38015,38.85,50.81,58.74
38017,38.85,50.81,58.74
38019,38.85,50.81,58.74
38021,38.85,50.81,58.74
38023,38.85,50.81,58.74
38025,38.85,50.81,58.74
38027,38.85,50.81,58.74
38029,38.85,50.81,58.74
38031,38.85,50.81,58.74
38033,38.85,50.81,58.74
38035,38.85,50.81,58.74
38037,38.85,50.81,58.74
38039,38.85,50.81,58.74
38041,38.85,50.81,58.74
38043,38.85,50.81,58.74
38045,38.85,50.81,58.74
38047,38.85,50.81,58.74
38049,38.85,50.81,58.74
38051,38.85,50.81,58.74
38053,38.85,50.81,58.74
38055,38.85,50.81,58.74
38057,38.85,50.81,58.74
38059,38.85,50.81,58.74
38061,38.85,50.81,58.74
38063,38.85,50.81,58.74
38065,38.85,50.81,58.74
38067,38.85,50.81,58.74
38069,38.85,50.81,58.74
38071,38.85,50.81,58.74
38073,38.85,50.81,58.74
38075,38.85,50.81,58.74
38077,38.85,50.81,58.74
38079,38.85,50.81,58.74
38081,38.85,50.81,58.74
38083,38.85,50.81,58.74
38085,38.85,50.81,58.74
38087,38.85,50.81,58.74
38089,38.85,50.81,58.74
38091,38.85,50.81,58.74
38093,38.85,50.81,58.74
38095,38.85,50.81,58.74
38097,38.85,50.81,58.74
38099,38.85,50.81,58.74
38101,38.85,50.81,58.74
38103,38.85,50.81,58.74
38105,38.85,50.81,58.74
39001,606.02,522.74,232.46
39003,606.02,522.74,232.46
39005,606.02,522.74,232.46
39007,606.02,522.74,232.46
39009,606.02,522.74,232.46
39011,606.02,522.74,232.46
39013,606.02,522.74,232.46
39015,606.02,522.74,232.46
39017,606.02,522.74,232.46
39019,606.02,522.74,232.46
39021,606.02,522.74,232.46
39023,606.02,522.74,232.46
39025,606.02,522.74,232.46
39027,606.02,522.74,232.46
39029,606.02,522.74,232.46
39031,606.02,522.74,232.46
39033,606.02,522.74,232.46
39035,606.02,522.74,232.46
39037,606.02,522.74,232.46
39039,606.02,522.74,232.46
39041,606.02,522.74,232.46
39043,606.02,522.74,232.46
39045,606.02,522.74,232.46
39047,606.02,522.74,232.46
39049,606.02,522.74,232.46
39051,606.02,522.74,232.46
39053,606.02,522.74,232.46
39055,606.02,522.74,232.46
39057,606.02,522.74,232.46
39059,606.02,522.74,232.46
39061,606.02,522.74,232.46
39063,606.02,522.74,232.46
39065,606.02,522.74,232.46
39067,606.02,522.74,232.46
39069,606.02,522.74,232.46
39071,606.02,522.74,232.46
39073,606.02,522.74,232.46
39075,606.02,522.74,232.46
39077,606.02,522.74,232.46
39079,606.02,522.74,232.46
39081,606.02,522.74,232.46
39083,606.02,522.74,232.46
39085,606.02,522.74,232.46
39087,606.02,522.74,232.46
39089,606.02,522.74,232.46
39091,606.02,522.74,232.46
39093,606.02,522.74,232.46
39095,606.02,522.74,232.46
39097,606.02,522.74,232.46
39099,606.02,522.74,232.46
39101,606.02,522.74,232.46
39103,606.02,522.74,232.46
39105,606.02,522.74,232.46
39107,606.02,522.74,232.46
39109,606.02,522.74,232.46
39111,606.02,522.74,232.46
39113,606.02,522.74,232.46
39115,606.02,522.74,232.46
39117,606.02,522.74,232.46
39119,606.02,522.74,232.46
39121,606.02,522.74,232.46
39123,606.02,522.74,232.46
39125,606.02,522.74,232.46
39127,606.02,522.74,232.46
39129,606.02,522.74,232.46
39131,606.02,522.74,232.46
39133,606.02,522.74,232.46
39135,606.02,522.74,232.46
39137,606.02,522.74,232.46
39139,606.02,522.74,232.46
39141,606.02,522.74,232.46
39143,606.02,522.74,232.46
39145,606.02,522.74,232.46
39147,606.02,522.74,232.46
39149,606.02,522.74,232.46
39151,606.02,522.74,232.46
39153,606.02,522.74,232.46
39155,606.02,522.74,232.46
39157,606.02,522.74,232.46
39159,606.02,522.74,232.46
39161,606.02,522.74,232.46
39163,606.02,522.74,232.46
39165,606.02,522.74,232.46
39167,606.02,522.74,232.46
39169,606.02,522.74,232.46
39171,606.02,522.74,232.46
39173,606.02,522.74,232.46
39175,606.02,522.74,232.46
40001,8.76,53.27,440.79
40003,8.76,53.27,440.79
40005,8.76,53.27,440.79
40007,8.76,53.27,440.79
40009,8.76,53.27,440.79
40011,8.76,53.27,440.79
40013,8.76,53.27,440.79
40015,8.76,53.27,440.79
40017,8.76,53.27,440.79
40019,8.76,53.27,440.79
40021,8.76,53.27,440.79
40023,8.76,53.27,440.79
40025,8.76,53.27,440.79
40027,8.76,53.27,440.79
40029,8.76,53.27,440.79
40031,8.76,53.27,440.79
40033,8.76,53.27,440.79
40035,8.76,53.27,440.79
40037,8.76,53.27,440.79
40039,8.76,53.27,440.79
40041,8.76,53.27,440.79
40043,8.76,53.27,440.79
40045,8.76,53.27,440.79
40047,8.76,53.27,440.79
40049,8.76,53.27,440.79
40051,8.76,53.27,440.79
40053,8.76,53.27,440.79
40055,8.76,53.27,440.79
40057,8.76,53.27,440.79
40059,8.76,53.27,440.79
40061,8.76,53.27,440.79
40063,8.76,53.27,440.79
40065,8.76,53.27,440.79
40067,8.76,53.27,440.79
40069,8.76,53.27,440.79
40071,8.76,53.27,440.79
40073,8.76,53.27,440.79
40075,8.76,53.27,440.79
40077,8.76,53.27,440.79
40079,8.76,53.27,440.79
40081,8.76,53.27,440.79
40083,8.76,53.27,440.79
40085,8.76,53.27,440.79
40087,8.76,53.27,440.79
40089,8.76,53.27,440.79
40091,8.76,53.27,440.79
40093,8.76,53.27,440.79
40095,8.76,53.27,440.79
40097,8.76,53.27,440.79
40099,8.76,53.27,440.79
40101,8.76,53.27,440.79
40103,8.76,53.27,440.79
40105,8.76,53.27,440.79
40107,8.76,53.27,440.79
40109,8.76,53.27,440.79
40111,8.76,53.27,440.79
40113,8.76,53.27,440.79
40115,8.76,53.27,440.79
40117,8.76,53.27,440.79
40119,8.76,53.27,440.79
40121,8.76,53.27,440.79
40123,8.76,53.27,440.79
40125,8.76,53.27,440.79
40127,8.76,53.27,440.79
40129,8.76,53.27,440.79
40131,8.76,53.27,440.79
40133,8.76,53.27,440.79
40135,8.76,53.27,440.79
40137,8.76,53.27,440.79
40139,8.76,53.27,440.79
40141,8.76,53.27,440.79
40143,8.76,53.27,440.79
40145,8.76,53.27,440.79
40147,8.76,53.27,440.79
40149,8.76,53.27,440.79
40151,8.76,53.27,440.79
40153,8.76,53.27,440.79
41001,20.18,24.22,37.67
41003,20.18,24.22,37.67
41005,20.18,24.22,37.67
41007,20.18,24.22,37.67
41009,20.18,24.22,37.67
41011,20.18,24.22,37.67
41013,20.18,24.22,37.67
41015,20.18,24.22,37.67
41017,20.18,24.22,37.67
41019,20.18,24.22,37.67
41021,20.18,24.22,37.67
41023,20.18,24.22,37.67
41025,20.18,24.22,37.67
41027,20.18,24.22,37.67
41029,20.18,24.22,37.67
41031,20.18,24.22,37.67
41033,20.18,24.22,37.67
41035,20.18,24.22,37.67
41037,20.18,24.22,37.67
41039,20.18,24.22,37.67
41041,20.18,24.22,37.67
41043,20.18,24.22,37.67
41045,20.18,24.22,37.67
41047,20.18,24.22,37.67
41049,20.18,24.22,37.67
41051,20.18,24.22,37.67
41053,20.18,24.22,37.67
41055,20.18,24.22,37.67
41057,20.18,24.22,37.67
41059,20.18,24.22,37.67
41061,20.18,24.22,37.67
41063,20.18,24.22,37.67
41065,20.18,24.22,37.67
41067,20.18,24.22,37.67
41069,20.18,24.22,37.67
41071,20.18,24.22,37.67
42001,638.83,270.41,170.3
42003,638.83,270.41,170.3
42005,638.83,270.41,170.3
42007,638.83,270.41,170.3
42009,638.83,270.41,170.3
42011,638.83,270.41,170.3
42013,638.83,270.41,170.3
42015,638.83,270.41,170.3
42017,638.83,270.41,170.3
42019,638.83,270.41,170.3
42021,638.83,270.41,170.3
42023,638.83,270.41,170.3
42025,638.83,270.41,170.3
42027,638.83,270.41,170.3
42029,638.83,270.41,170.3
42031,638.83,270.41,170.3
42033,638.83,270.41,170.3
42035,638.83,270.41,170.3
42037,638.83,270.41,170.3
42039,638.83,270.41,170.3
42041,638.83,270.41,170.3
42043,638.83,270.41,170.3
42045,638.83,270.41,170.3
42047,638.83,270.41,170.3
42049,638.83,270.41,170.3
42051,638.83,270.41,170.3
42053,638.83,270.41,170.3
42055,638.83,270.41,170.3
42057,638.83,270.41,170.3
42059,638.83,270.41,170.3
42061,638.83,270.41,170.3
42063,638.83,270.41,170.3
42065,638.83,270.41,170.3
42067,638.83,270.41,170.3
42069,638.83,270.41,170.3
42071,638.83,270.41,170.3
42073,638.83,270.41,170.3
42075,638.83,270.41,170.3
42077,638.83,270.41,170.3
42079,638.83,270.41,170.3
42081,638.83,270.41,170.3
42083,638.83,270.41,170.3
42085,638.83,270.41,170.3
42087,638.83,270.41,170.3
42089,638.83,270.41,170.3
42091,638.83,270.41,170.3
42093,638.83,270.41,170.3
42095,638.83,270.41,170.3
42097,638.83,270.41,170.3
42099,638.83,270.41,170.3
42101,638.83,270.41,170.3
42103,638.83,270.41,170.3
42105,638.83,270.41,170.3
42107,638.83,270.41,170.3
42109,638.83,270.41,170.3
42111,638.83,270.41,170.3
42113,638.83,270.41,170.3
42115,638.83,270.41,170.3
42117,638.83,270.41,170.3
42119,638.83,270.41,170.3
42121,638.83,270.41,170.3
42123,638.83,270.41,170.3
42125,638.83,270.41,170.3
42127,638.83,270.41,170.3
42129,638.83,270.41,170.3
42131,638.83,270.41,170.3
42133,638.83,270.41,170.3
44001,819.17,3625.0,1902.99
44003,819.17,3625.0,1902.99
44005,819.17,3625.0,1902.99
44007,819.17,3625.0,1902.99
44009,819.17,3625.0,1902.99
45001,53.18,171.07,2315.31
45003,53.18,171.07,2315.31
45005,53.18,171.07,2315.31
45007,53.18,171.07,2315.31
45009,53.18,171.07,2315.31
45011,53.18,171.07,2315.31
45013,53.18,171.07,2315.31
45015,53.18,171.07,2315.31
45017,53.18,171.07,2315.31
45019,53.18,171.07,2315.31
45021,53.18,171.07,2315.31
45023,53.18,171.07,2315.31
45025,53.18,171.07,2315.31
45027,53.18,171.07,2315.31
45029,53.18,171.07,2315.31
45031,53.18,171.07,2315.31
45033,53.18,171.07,2315.31
45035,53.18,171.07,2315.31
45037,53.18,171.07,2315.31
45039,53.18,171.07,2315.31
45041,53.18,171.07,2315.31
45043,53.18,171.07,2315.31
45045,53.18,171.07,2315.31
45047,53.18,171.07,2315.31
45049,53.18,171.07,2315.31
45051,53.18,171.07,2315.31
45053,53.18,171.07,2315.31
45055,53.18,171.07,2315.31
45057,53.18,171.07,2315.31
45059,53.18,171.07,2315.31
45061,53.18,171.07,2315.31
45063,53.18,171.07,2315.31
45065,53.18,171.07,2315.31
45067,53.18,171.07,2315.31
45069,53.18,171.07,2315.31
45071,53.18,171.07,2315.31
45073,53.18,171.07,2315.31
45075,53.18,171.07,2315.31
45077,53.18,171.07,2315.31
45079,53.18,171.07,2315.31
45081,53.18,171.07,2315.31
45083,53.18,171.07,2315.31
45085,53.18,171.07,2315.31
45087,53.18,171.07,2315.31
45089,53.18,171.07,2315.31
45091,53.18,171.07,2315.31
46003,16.8,25.38,65.28
46005,16.8,25.38,65.28
46007,16.8,25.38,65.28
46009,16.8,25.38,65.28
46011,16.8,25.38,65.28
46013,16.8,25.38,65.28
46015,16.8,25.38,65.28
46017,16.8,25.38,65.28
46019,16.8,25.38,65.28
46021,16.8,25.38,65.28
46023,16.8,25.38,65.28
46025,16.8,25.38,65.28
46027,16.8,25.38,65.28
46029,16.8,25.38,65.28
46031,16.8,25.38,65.28
46033,16.8,25.38,65.28
46035,16.8,25.38,65.28
46037,16.8,25.38,65.28
46039,16.8,25.38,65.28
46041,16.8,25.38,65.28
46043,16.8,25.38,65.28
46045,16.8,25.38,65.28
46047,16.8,25.38,65.28
46049,16.8,25.38,65.28
46051,16.8,25.38,65.28
46053,16.8,25.38,65.28
46055,16.8,25.38,65.28
46057,16.8,25.38,65.28
46059,16.8,25.38,65.28
46061,16.8,25.38,65.28
46063,16.8,25.38,65.28
46065,16.8,25.38,65.28
46067,16.8,25.38,65.28
46069,16.8,25.38,65.28
46071,16.8,25.38,65.28
46073,16.8,25.38,65.28
46075,16.8,25.38,65.28
46077,16.8,25.38,65.28
46079,16.8,25.38,65.28
46081,16.8,25.38,65.28
46083,16.8,25.38,65.28
46085,16.8,25.38,65.28
46087,16.8,25.38,65.28
46089,16.8,25.38,65.28
46091,16.8,25.38,65.28
46093,16.8,25.38,65.28
46095,16.8,25.38,65.28
46097,16.8,25.38,65.28
46099,16.8,25.38,65.28
46101,16.8,25.38,65.28
46102,16.8,25.38,65.28
46103,16.8,25.38,65.28
46105,16.8,25.38,65.28
46107,16.8,25.38,65.28
46109,16.8,25.38,65.28
46111,16.8,25.38,65.28
46115,16.8,25.38,65.28
46117,16.8,25.38,65.28
46119,16.8,25.38,65.28
46121,16.8,25.38,65.28
46123,16.8,25.38,65.28
46125,16.8,25.38,65.28
46127,16.8,25.38,65.28
46129,16.8,25.38,65.28
46135,16.8,25.38,65.28
46137,16.8,25.38,65.28
47001,210.39,648.63,198.31
47003,210.39,648.63,198.31
47005,210.39,648.63,198.31
47007,210.39,648.63,198.31
47009,210.39,648.63,198.31
47011,210.39,648.63,198.31
47013,210.39,648.63,198.31
47015,210.39,648.63,198.31
47017,210.39,648.63,198.31
47019,210.39,648.63,198.31
47021,210.39,648.63,198.31
47023,210.39,648.63,198.31
47025,210.39,648.63,198.31
47027,210.39,648.63,198.31
47029,210.39,648.63,198.31
47031,210.39,648.63,198.31
47033,210.39,648.63,198.31
47035,210.39,648.63,198.31
47037,210.39,648.63,198.31
47039,210.39,648.63,198.31
47041,210.39,648.63,198.31
47043,210.39,648.63,198.31
47045,210.39,648.63,198.31
47047,210.39,648.63,198.31
47049,210.39,648.63,198.31
47051,210.39,648.63,198.31
47053,210.39,648.63,198.31
47055,210.39,648.63,198.31
47057,210.39,648.63,198.31
47059,210.39,648.63,198.31
47061,210.39,648.63,198.31
47063,210.39,648.63,198.31
47065,210.39,648.63,198.31
47067,210.39,648.63,198.31
47069,210.39,648.63,198.31
47071,210.39,648.63,198.31
47073,210.39,648.63,198.31
47075,210.39,648.63,198.31
47077,210.39,648.63,198.31
47079,210.39,648.63,198.31
47081,210.39,648.63,198.31
47083,210.39,648.63,198.31
47085,210.39,648.63,198.31
47087,210.39,648.63,198.31
47089,210.39,648.63,198.31
47091,210.39,648.63,198.31
47093,210.39,648.63,198.31
47095,210.39,648.63,198.31
47097,210.39,648.63,198.31
47099,210.39,648.63,198.31
47101,210.39,648.63,198.31
47103,210.39,648.63,198.31
47105,210.39,648.63,198.31
47107,210.39,648.63,198.31
47109,210.39,648.63,198.31
47111,210.39,648.63,198.31
47113,210.39,648.63,198.31
47115,210.39,648.63,198.31
47117,210.39,648.63,198.31
47119,210.39,648.63,198.31
47121,210.39,648.63,198.31
47123,210.39,648.63,198.31
47125,210.39,648.63,198.31
47127,210.39,648.63,198.31
47129,210.39,648.63,198.31
47131,210.39,648.63,198.31
47133,210.39,648.63,198.31
47135,210.39,648.63,198.31
47137,210.39,648.63,198.31
47139,210.39,648.63,198.31
47141,210.39,648.63,198.31
47143,210.39,648.63,198.31
47145,210.39,648.63,198.31
47147,210.39,648.63,198.31
47149,210.39,648.63,198.31
47151,210.39,648.63,198.31
47153,210.39,648.63,198.31
47155,210.39,648.63,198.31
47157,210.39,648.63,198.31
47159,210.39,648.63,198.31
47161,210.39,648.63,198.31
47163,210.39,648.63,198.31
47165,210.39,648.63,198.31
47167,210.39,648.63,198.31
47169,210.39,648.63,198.31
47171,210.39,648.63,198.31
47173,210.39,648.63,198.31
47175,210.39,648.63,198.31
47177,210.39,648.63,198.31
47179,210.39,648.63,198.31
47181,210.39,648.63,198.31
47183,210.39,648.63,198.31
47185,210.39,648.63,198.31
47187,210.39,648.63,198.31
47189,210.39,648.63,198.31
48001,31.05,29.83,91.47
48003,31.05,29.83,91.47
48005,31.05,29.83,91.47
48007,31.05,29.83,91.47
48009,31.05,29.83,91.47
48011,31.05,29.83,91.47
48013,31.05,29.83,91.47
48015,31.05,29.83,91.47
48017,31.05,29.83,91.47
48019,31.05,29.83,91.47
48021,31.05,29.83,91.47
48023,31.05,29.83,91.47
48025,31.05,29.83,91.47
48027,31.05,29.83,91.47
48029,31.05,29.83,91.47
48031,31.05,29.83,91.47
48033,31.05,29.83,91.47
48035,31.05,29.83,91.47
48037,31.05,29.83,91.47
48039,31.05,29.83,91.47
48041,31.05,29.83,91.47
48043,31.05,29.83,91.47
48045,31.05,29.83,91.47
48047,31.05,29.83,91.47
48049,31.05,29.83,91.47
48051,31.05,29.83,91.47
48053,31.05,29.83,91.47
48055,31.05,29.83,91.47
48057,31.05,29.83,91.47
48059,31.05,29.83,91.47
48061,31.05,29.83,91.47
48063,31.05,29.83,91.47
48065,31.05,29.83,91.47
48067,31.05,29.83,91.47
48069,31.05,29.83,91.47
48071,31.05,29.83,91.47
48073,31.05,29.83,91.47
48075,31.05,29.83,91.47
48077,31.05,29.83,91.47
48079,31.05,29.83,91.47
48081,31.05,29.83,91.47
48083,31.05,29.83,91.47
48085,31.05,29.83,91.47
48087,31.05,29.83,91.47
48089,31.05,29.83,91.47
48091,31.05,29.83,91.47
48093,31.05,29.83,91.47
48095,31.05,29.83,91.47
48097,31.05,29.83,91.47
48099,31.05,29.83,91.47
48101,31.05,29.83,91.47
48103,31.05,29.83,91.47
48105,31.05,29.83,91.47
48107,31.05,29.83,91.47
48109,31.05,29.83,91.47
48111,31.05,29.83,91.47
48113,31.05,29.83,91.47
48115,31.05,29.83,91.47
48117,31.05,29.83,91.47
48119,31.05,29.83,91.47
48121,31.05,29.83,91.47
48123,31.05,29.83,91.47
48125,31.05,29.83,91.47
48127,31.05,29.83,91.47
48129,31.05,29.83,91.47
48131,31.05,29.83,91.47
48133,31.05,29.83,91.47
48135,31.05,29.83,91.47
48137,31.05,29.83,91.47
48139,31.05,29.83,91.47
48141,31.05,29.83,91.47
48143,31.05,29.83,91.47
48145,31.05,29.83,91.47
48147,31.05,29.83,91.47
48149,31.05,29.83,91.47
48151,31.05,29.83,91.47
48153,31.05,29.83,91.47
48155,31.05,29.83,91.47
48157,31.05,29.83,91.47
48159,31.05,29.83,91.47
48161,31.05,29.83,91.47
48163,31.05,29.83,91.47
48165,31.05,29.83,91.47
48167,31.05,29.83,91.47
48169,31.05,29.83,91.47
48171,31.05,29.83,91.47
48173,31.05,29.83,91.47
48175,31.05,29.83,91.47
48177,31.05,29.83,91.47
48179,31.05,29.83,91.47
48181,31.05,29.83,91.47
48183,31.05,29.83,91.47
48185,31.05,29.83,91.47
48187,31.05,29.83,91.47
48189,31.05,29.83,91.47
48191,31.05,29.83,91.47
48193,31.05,29.83,91.47
48195,31.05,29.83,91.47
48197,31.05,29.83,91.47
48199,31.05,29.83,91.47
48201,31.05,29.83,91.47
48203,31.05,29.83,91.47
48205,31.05,29.83,91.47
48207,31.05,29.83,91.47
48209,31.05,29.83,91.47
48211,31.05,29.83,91.47
48213,31.05,29.83,91.47
48215,31.05,29.83,91.47
48217,31.05,29.83,91.47
48219,31.05,29.83,91.47
48221,31.05,29.83,91.47
48223,31.05,29.83,91.47
48225,31.05,29.83,91.47
48227,31.05,29.83,91.47
48229,31.05,29.83,91.47
48231,31.05,29.83,91.47
48233,31.05,29.83,91.47
48235,31.05,29.83,91.47
48237,31.05,29.83,91.47
48239,31.05,29.83,91.47
48241,31.05,29.83,91.47
48243,31.05,29.83,91.47
48245,31.05,29.83,91.47
48247,31.05,29.83,91.47
48249,31.05,29.83,91.47
48251,31.05,29.83,91.47
48253,31.05,29.83,91.47
48255,31.05,29.83,91.47
48257,31.05,29.83,91.47
48259,31.05,29.83,91.47
48261,31.05,29.83,91.47
48263,31.05,29.83,91.47
48265,31.05,29.83,91.47
48267,31.05,29.83,91.47
48269,31.05,29.83,91.47
48271,31.05,29.83,91.47
48273,31.05,29.83,91.47
48275,31.05,29.83,91.47
48277,31.05,29.83,91.47
48279,31.05,29.83,91.47
48281,31.05,29.83,91.47
48283,31.05,29.83,91.47
48285,31.05,29.83,91.47
48287,31.05,29.83,91.47
48289,31.05,29.83,91.47
48291,31.05,29.83,91.47
48293,31.05,29.83,91.47
48295,31.05,29.83,91.47
48297,31.05,29.83,91.47
48299,31.05,29.83,91.47
48301,31.05,29.83,91.47
48303,31.05,29.83,91.47
48305,31.05,29.83,91.47
48307,31.05,29.83,91.47
48309,31.05,29.83,91.47
48311,31.05,29.83,91.47
48313,31.05,29.83,91.47
48315,31.05,29.83,91.47
48317,31.05,29.83,91.47
48319,31.05,29.83,91.47
48321,31.05,29.83,91.47
48323,31.05,29.83,91.47
48325,31.05,29.83,91.47
48327,31.05,29.83,91.47
48329,31.05,29.83,91.47
48331,31.05,29.83,91.47
48333,31.05,29.83,91.47
48335,31.05,29.83,91.47
48337,31.05,29.83,91.47
48339,31.05,29.83,91.47
48341,31.05,29.83,91.47
48343,31.05,29.83,91.47
48345,31.05,29.83,91.47
48347,31.05,29.83,91.47
48349,31.05,29.83,91.47
48351,31.05,29.83,91.47
48353,31.05,29.83,91.47
48355,31.05,29.83,91.47
48357,31.05,29.83,91.47
48359,31.05,29.83,91.47
48361,31.05,29.83,91.47
48363,31.05,29.83,91.47
48365,31.05,29.83,91.47
48367,31.05,29.83,91.47
48369,31.05,29.83,91.47
48371,31.05,29.83,91.47
48373,31.05,29.83,91.47
48375,31.05,29.83,91.47
48377,31.05,29.83,91.47
48379,31.05,29.83,91.47
48381,31.05,29.83,91.47
48383,31.05,29.83,91.47
48385,31.05,29.83,91.47
48387,31.05,29.83,91.47
48389,31.05,29.83,91.47
48391,31.05,29.83,91.47
48393,31.05,29.83,91.47
48395,31.05,29.83,91.47
48397,31.05,29.83,91.47
48399,31.05,29.83,91.47
48401,31.05,29.83,91.47
48403,31.05,29.83,91.47
48405,31.05,29.83,91.47
48407,31.05,29.83,91.47
48409,31.05,29.83,91.47
48411,31.05,29.83,91.47
48413,31.05,29.83,91.47
48415,31.05,29.83,91.47
48417,31.05,29.83,91.47
48419,31.05,29.83,91.47
48421,31.05,29.83,91.47
48423,31.05,29.83,91.47
48425,31.05,29.83,91.47
48427,31.05,29.83,91.47
48429,31.05,29.83,91.47
48431,31.05,29.83,91.47
48433,31.05,29.83,91.47
48435,31.05,29.83,91.47
48437,31.05,29.83,91.47
48439,31.05,29.83,91.47
48441,31.05,29.83,91.47
48443,31.05,29.83,91.47
48445,31.05,29.83,91.47
48447,31.05,29.83,91.47
48449,31.05,29.83,91.47
48451,31.05,29.83,91.47
48453,31.05,29.83,91.47
48455,31.05,29.83,91.47
48457,31.05,29.83,91.47
48459,31.05,29.83,91.47
48461,31.05,29.83,91.47
48463,31.05,29.83,91.47
48465,31.05,29.83,91.47
48467,31.05,29.83,91.47
48469,31.05,29.83,91.47
48471,31.05,29.83,91.47
48473,31.05,29.83,91.47
48475,31.05,29.83,91.47
48477,31.05,29.83,91.47
48479,31.05,29.83,91.47
48481,31.05,29.83,91.47
48483,31.05,29.83,91.47
48485,31.05,29.83,91.47
48487,31.05,29.83,91.47
48489,31.05,29.83,91.47
48491,31.05,29.83,91.47
48493,31.05,29.83,91.47
48495,31.05,29.83,91.47
48497,31.05,29.83,91.47
48499,31.05,29.83,91.47
48501,31.05,29.83,91.47
48503,31.05,29.83,91.47
48505,31.05,29.83,91.47
48507,31.05,29.83,91.47
49001,13.34,13.48,24.24
49003,13.34,13.48,24.24
49005,13.34,13.48,24.24
49007,13.34,13.48,24.24
49009,13.34,13.48,24.24
49011,13.34,13.48,24.24
49013,13.34,13.48,24.24
49015,13.34,13.48,24.24
49017,13.34,13.48,24.24
49019,13.34,13.48,24.24
49021,13.34,13.48,24.24
49023,13.34,13.48,24.24
49025,13.34,13.48,24.24
49027,13.34,13.48,24.24
49029,13.34,13.48,24.24
49031,13.34,13.48,24.24
49033,13.34,13.48,24.24
49035,13.34,13.48,24.24
49037,13.34,13.48,24.24
49039,13.34,13.48,24.24
49041,13.34,13.48,24.24
49043,13.34,13.48,24.24
49045,13.34,13.48,24.24
49047,13.34,13.48,24.24
49049,13.34,13.48,24.24
49051,13.34,13.48,24.24
49053,13.34,13.48,24.24
49055,13.34,13.48,24.24
49057,13.34,13.48,24.24
50001,80.0,,54.22
50003,80.0,,54.22
50005,80.0,,54.22
50007,80.0,,54.22
50009,80.0,,54.22
50011,80.0,,54.22
50013,80.0,,54.22
50015,80.0,,54.22
50017,80.0,,54.22
50019,80.0,,54.22
50021,80.0,,54.22
50023,80.0,,54.22
50025,80.0,,54.22
50027,80.0,,54.22
51001,30.0,130.3,1256.0
51003,30.0,130.3,1256.0
51005,30.0,130.3,1256.0
51007,30.0,130.3,1256.0
51009,30.0,130.3,1256.0
51011,30.0,130.3,1256.0
51013,30.0,130.3,1256.0
51015,30.0,130.3,1256.0
51017,30.0,130.3,1256.0
51019,30.0,130.3,1256.0
51021,30.0,130.3,1256.0
51023,30.0,130.3,1256.0
51025,30.0,130.3,1256.0
51027,30.0,130.3,1256.0
51029,30.0,130.3,1256.0
51031,30.0,130.3,1256.0
51033,30.0,130.3,1256.0
51035,30.0,130.3,1256.0
51036,30.0,130.3,1256.0
51037,30.0,130.3,1256.0
51041,30.0,130.3,1256.0
51043,30.0,130.3,1256.0
51045,30.0,130.3,1256.0
51047,30.0,130.3,1256.0
51049,30.0,130.3,1256.0
51051,30.0,130.3,1256.0
51053,30.0,130.3,1256.0
51057,30.0,130.3,1256.0
51059,30.0,130.3,1256.0
51061,30.0,130.3,1256.0
51063,30.0,130.3,1256.0
51065,30.0,130.3,1256.0
51067,30.0,130.3,1256.0
51069,30.0,130.3,1256.0
51071,30.0,130.3,1256.0
51073,30.0,130.3,1256.0
51075,30.0,130.3,1256.0
51077,30.0,130.3,1256.0
51079,30.0,130.3,1256.0
51081,30.0,130.3,1256.0
51083,30.0,130.3,1256.0
51085,30.0,130.3,1256.0
51087,30.0,130.3,1256.0
51089,30.0,130.3,1256.0
51091,30.0,130.3,1256.0
51093,30.0,130.3,1256.0
51095,30.0,130.3,1256.0
51097,30.0,130.3,1256.0
51099,30.0,130.3,1256.0
51101,30.0,130.3,1256.0
51103,30.0,130.3,1256.0
51105,30.0,130.3,1256.0
51107,30.0,130.3,1256.0
51109,30.0,130.3,1256.0
51111,30.0,130.3,1256.0
51113,30.0,130.3,1256.0
51115,30.0,130.3,1256.0
51117,30.0,130.3,1256.0
51119,30.0,130.3,1256.0
51121,30.0,130.3,1256.0
51125,30.0,130.3,1256.0
51127,30.0,130.3,1256.0
51131,30.0,130.3,1256.0
51133,30.0,130.3,1256.0
51135,30.0,130.3,1256.0
51137,30.0,130.3,1256.0
51139,30.0,130.3,1256.0
51141,30.0,130.3,1256.0
51143,30.0,130.3,1256.0
51145,30.0,130.3,1256.0
51147,30.0,130.3,1256.0
51149,30.0,130.3,1256.0
51153,30.0,130.3,1256.0
51155,30.0,130.3,1256.0
51157,30.0,130.3,1256.0
51159,30.0,130.3,1256.0
51161,30.0,130.3,1256.0
51163,30.0,130.3,1256.0
51165,30.0,130.3,1256.0
51167,30.0,130.3,1256.0
51169,30.0,130.3,1256.0
51171,30.0,130.3,1256.0
51173,30.0,130.3,1256.0
51175,30.0,130.3,1256.0
51177,30.0,130.3,1256.0
51179,30.0,130.3,1256.0
51181,30.0,130.3,1256.0
51183,30.0,130.3,1256.0
51185,30.0,130.3,1256.0
51187,30.0,130.3,1256.0
51191,30.0,130.3,1256.0
51193,30.0,130.3,1256.0
51195,30.0,130.3,1256.0
51197,30.0,130.3,1256.0
51199,30.0,130.3,1256.0
51510,30.0,130.3,1256.0
51520,30.0,130.3,1256.0
51530,30.0,130.3,1256.0
51540,30.0,130.3,1256.0
51550,30.0,130.3,1256.0
51570,30.0,130.3,1256.0
51580,30.0,130.3,1256.0
51590,30.0,130.3,1256.0
51595,30.0,130.3,1256.0
51600,30.0,130.3,1256.0
51610,30.0,130.3,1256.0
51620,30.0,130.3,1256.0
51630,30.0,130.3,1256.0
51640,30.0,130.3,1256.0
51650,30.0,130.3,1256.0
51660,30.0,130.3,1256.0
51670,30.0,130.3,1256.0
51678,30.0,130.3,1256.0
51680,30.0,130.3,1256.0
51683,30.0,130.3,1256.0
51685,30.0,130.3,1256.0
51690,30.0,130.3,1256.0
51700,30.0,130.3,1256.0
51710,30.0,130.3,1256.0
51720,30.0,130.3,1256.0
51730,30.0,130.3,1256.0
51735,30.0,130.3,1256.0
51740,30.0,130.3,1256.0
51750,30.0,130.3,1256.0
51760,30.0,130.3,1256.0
51770,30.0,130.3,1256.0
51775,30.0,130.3,1256.0
51790,30.0,130.3,1256.0
51800,30.0,130.3,1256.0
51810,30.0,130.3,1256.0
51820,30.0,130.3,1256.0
51830,30.0,130.3,1256.0
51840,30.0,130.3,1256.0
53001,32.01,39.05,49.89
53003,32.01,39.05,49.89
53005,32.01,39.05,49.89
53007,32.01,39.05,49.89
53009,32.01,39.05,49.89
53011,32.01,39.05,49.89
53013,32.01,39.05,49.89
53015,32.01,39.05,49.89
53017,32.01,39.05,49.89
53019,32.01,39.05,49.89
53021,32.01,39.05,49.89
53023,32.01,39.05,49.89
53025,32.01,39.05,49.89
53027,32.01,39.05,49.89
53029,32.01,39.05,49.89
53031,32.01,39.05,49.89
53033,32.01,39.05,49.89
53035,32.01,39.05,49.89
53037,32.01,39.05,49.89
53039,32.01,39.05,49.89
53041,32.01,39.05,49.89
53043,32.01,39.05,49.89
53045,32.01,39.05,49.89
53047,32.01,39.05,49.89
53049,32.01,39.05,49.89
53051,32.01,39.05,49.89
53053,32.01,39.05,49.89
53055,32.01,39.05,49.89
53057,32.01,39.05,49.89
53059,32.01,39.05,49.89
53061,32.01,39.05,49.89
53063,32.01,39.05,49.89
53065,32.01,39.05,49.89
53067,32.01,39.05,49.89
53069,32.01,39.05,49.89
53071,32.01,39.05,49.89
53073,32.01,39.05,49.89
53075,32.01,39.05,49.89
53077,32.01,39.05,49.89
54001,123.5,1850.0,157.09
54003,123.5,1850.0,157.09
54005,123.5,1850.0,157.09
54007,123.5,1850.0,157.09
54009,123.5,1850.0,157.09
54011,123.5,1850.0,157.09
54013,123.5,1850.0,157.09
54015,123.5,1850.0,157.09
54017,123.5,1850.0,157.09
54019,123.5,1850.0,157.09
54021,123.5,1850.0,157.09
54023,123.5,1850.0,157.09
54025,123.5,1850.0,157.09
54027,123.5,1850.0,157.09
54029,123.5,1850.0,157.09
54031,123.5,1850.0,157.09
54033,123.5,1850.0,157.09
54035,123.5,1850.0,157.09
54037,123.5,1850.0,157.09
54039,123.5,1850.0,157.09
54041,123.5,1850.0,157.09
54043,123.5,1850.0,157.09
54045,123.5,1850.0,157.09
54047,123.5,1850.0,157.09
54049,123.5,1850.0,157.09
54051,123.5,1850.0,157.09
54053,123.5,1850.0,157.09
54055,123.5,1850.0,157.09
54057,123.5,1850.0,157.09
54059,123.5,1850.0,157.09
54061,123.5,1850.0,157.09
54063,123.5,1850.0,157.09
54065,123.5,1850.0,157.09
54067,123.5,1850.0,157.09
54069,123.5,1850.0,157.09
54071,123.5,1850.0,157.09
54073,123.5,1850.0,157.09
54075,123.5,1850.0,157.09
54077,123.5,1850.0,157.09
54079,123.5,1850.0,157.09
54081,123.5,1850.0,157.09
54083,123.5,1850.0,157.09
54085,123.5,1850.0,157.09
54087,123.5,1850.0,157.09
54089,123.5,1850.0,157.09
54091,123.5,1850.0,157.09
54093,123.5,1850.0,157.09
54095,123.5,1850.0,157.09
54097,123.5,1850.0,157.09
54099,123.5,1850.0,157.09
54101,123.5,1850.0,157.09
54103,123.5,1850.0,157.09
54105,123.5,1850.0,157.09
54107,123.5,1850.0,157.09
54109,123.5,1850.0,157.09
55001,34.1,201.29,57.69
55003,34.1,201.29,57.69
55005,34.1,201.29,57.69
55007,34.1,201.29,57.69
55009,34.1,201.29,57.69
55011,34.1,201.29,57.69
55013,34.1,201.29,57.69
55015,34.1,201.29,57.69
55017,34.1,201.29,57.69
55019,34.1,201.29,57.69
55021,34.1,201.29,57.69
55023,34.1,201.29,57.69
55025,34.1,201.29,57.69
55027,34.1,201.29,57.69
55029,34.1,201.29,57.69
55031,34.1,201.29,57.69
55033,34.1,201.29,57.69
55035,34.1,201.29,57.69
55037,34.1,201.29,57.69
55039,34.1,201.29,57.69
55041,34.1,201.29,57.69
55043,34.1,201.29,57.69
55045,34.1,201.29,57.69
55047,34.1,201.29,57.69
55049,34.1,201.29,57.69
55051,34.1,201.29,57.69
55053,34.1,201.29,57.69
55055,34.1,201.29,57.69
55057,34.1,201.29,57.69
55059,34.1,201.29,57.69
55061,34.1,201.29,57.69
55063,34.1,201.29,57.69
55065,34.1,201.29,57.69
55067,34.1,201.29,57.69
55069,34.1,201.29,57.69
55071,34.1,201.29,57.69
55073,34.1,201.29,57.69
55075,34.1,201.29,57.69
55077,34.1,201.29,57.69
55078,34.1,201.29,57.69
55079,34.1,201.29,57.69
55081,34.1,201.29,57.69
55083,34.1,201.29,57.69
55085,34.1,201.29,57.69
55087,34.1,201.29,57.69
55089,34.1,201.29,57.69
55091,34.1,201.29,57.69
55093,34.1,201.29,57.69
55095,34.1,201.29,57.69
55097,34.1,201.29,57.69
55099,34.1,201.29,57.69
55101,34.1,201.29,57.69
55103,34.1,201.29,57.69
55105,34.1,201.29,57.69
55107,34.1,201.29,57.69
55109,34.1,201.29,57.69
55111,34.1,201.29,57.69
55113,34.1,201.29,57.69
55115,34.1,201.29,57.69
55117,34.1,201.29,57.69
55119,34.1,201.29,57.69
55121,34.1,201.29,57.69
55123,34.1,201.29,57.69
55125,34.1,201.29,57.69
55127,34.1,201.29,57.69
55129,34.1,201.29,57.69
55131,34.1,201.29,57.69
55133,34.1,201.29,57.69
55135,34.1,201.29,57.69
55137,34.1,201.29,57.69
55139,34.1,201.29,57.69
55141,34.1,201.29,57.69
56001,8.14,8.64,18.32
56003,8.14,8.64,18.32
56005,8.14,8.64,18.32
56007,8.14,8.64,18.32
56009,8.14,8.64,18.32
56011,8.14,8.64,18.32
56013,8.14,8.64,18.32
56015,8.14,8.64,18.32
56017,8.14,8.64,18.32
56019,8.14,8.64,18.32
56021,8.14,8.64,18.32
56023,8.14,8.64,18.32
56025,8.14,8.64,18.32
56027,8.14,8.64,18.32
56029,8.14,8.64,18.32
56031,8.14,8.64,18.32
56033,8.14,8.64,18.32
56035,8.14,8.64,18.32
56037,8.14,8.64,18.32
56039,8.14,8.64,18.32
56041,8.14,8.64,18.32
56043,8.14,8.64,18.32
56045,8.14,8.64,18.32
